capital-gain,education-num,relationship,workclass,native-country,education,hours-per-week,fnlwgt,marital-status,race,capital-loss,sex,occupation,age,income
0,9,Husband,Private,United-States,Bachelors,40,258538,Married-civ-spouse,White,0,Male,Sales,38,<=50K
0,10,Husband,Private,United-States,Bachelors,40,166892,Married-civ-spouse,White,0,Male,Craft-repair,35,<=50K
0,9,Own-child,Private,United-States,HS-grad,40,54760,Married-civ-spouse,Black,0,Male,Sales,29,>50K
0,11,Husband,Private,United-States,Bachelors,40,112283,Married-civ-spouse,White,0,Male,Machine-op-inspct,46,<=50K
0,9,Not-in-family,Private,United-States,HS-grad,40,71615,Divorced,White,0,Female,Exec-managerial,37,<=50K
0,9,Husband,Federal-gov,United-States,Some-college,40,290168,Married-civ-spouse,White,0,Male,Craft-repair,19,<=50K
0,6,Husband,Local-gov,United-States,Bachelors,20,145869,Married-civ-spouse,White,0,Male,Adm-clerical,27,<=50K
0,10,Husband,Private,United-States,Some-college,40,212120,Never-married,White,0,Male,Other-service,25,<=50K
0,10,Not-in-family,Private,United-States,HS-grad,50,206789,Married-civ-spouse,White,0,Male,Sales,37,<=50K
0,9,Not-in-family,Private,United-States,Bachelors,40,120131,Never-married,White,0,Male,Transport-moving,34,<=50K
0,9,Husband,Private,United-States,Some-college,40,242977,Married-civ-spouse,White,0,Male,Craft-repair,26,<=50K
0,13,Husband,Private,United-States,Bachelors,15,72812,Married-civ-spouse,White,0,Male,Craft-repair,26,<=50K
0,9,Not-in-family,Private,United-States,Bachelors,40,182975,Married-civ-spouse,White,0,Male,Exec-managerial,34,<=50K
0,9,Husband,Private,United-States,HS-grad,30,179514,Widowed,White,0,Male,Transport-moving,28,<=50K
0,9,Other-relative,Private,United-States,Assoc-voc,50,172071,Never-married,Black,1977,Male,Prof-specialty,30,<=50K
0,10,Husband,Private,United-States,HS-grad,30,121636,Married-civ-spouse,White,0,Male,Handlers-cleaners,37,<=50K
0,13,Unmarried,Private,United-States,Bachelors,40,234594,Never-married,White,0,Female,Craft-repair,39,<=50K
0,10,Husband,Private,United-States,Some-college,40,85724,Widowed,White,0,Female,Exec-managerial,36,<=50K
0,9,Own-child,Private,United-States,Masters,42,215924,Never-married,White,0,Male,Machine-op-inspct,44,<=50K
0,13,Husband,Private,United-States,HS-grad,40,143608,Married-civ-spouse,White,0,Male,Other-service,29,<=50K
0,9,Own-child,Self-emp-inc,United-States,HS-grad,45,171482,Never-married,White,0,Female,Transport-moving,35,<=50K
0,9,Own-child,Private,United-States,Bachelors,35,160828,Never-married,White,0,Male,Sales,53,>50K
0,9,Husband,Private,United-States,HS-grad,40,32509,Never-married,White,0,Male,Prof-specialty,35,<=50K
0,9,Husband,Private,United-States,7th-8th,40,195540,Married-civ-spouse,White,0,Male,Exec-managerial,19,>50K
0,10,Not-in-family,Private,United-States,Bachelors,40,132439,Never-married,White,0,Male,Tech-support,19,<=50K
15024,13,Husband,Private,United-States,HS-grad,40,196373,Married-civ-spouse,White,0,Male,Exec-managerial,29,<=50K
7896,10,Not-in-family,Private,United-States,Assoc-voc,40,32244,Married-civ-spouse,White,0,Male,Prof-specialty,35,<=50K
0,14,Not-in-family,Private,United-States,Bachelors,40,231728,Never-married,White,0,Female,Prof-specialty,41,>50K
0,9,Husband,Private,United-States,10th,40,142078,Married-civ-spouse,White,0,Male,Sales,41,<=50K
0,9,Husband,Self-emp-not-inc,United-States,HS-grad,50,148877,Married-civ-spouse,White,0,Male,Adm-clerical,34,>50K
0,12,Husband,Private,United-States,Bachelors,40,15984,Married-civ-spouse,White,0,Female,Sales,31,<=50K
0,9,Own-child,Private,United-States,HS-grad,40,43836,Never-married,White,0,Female,Handlers-cleaners,32,<=50K
0,9,Husband,Private,United-States,HS-grad,30,97423,Never-married,White,0,Male,Tech-support,35,>50K
0,9,Own-child,Federal-gov,United-States,Some-college,40,193426,Divorced,White,0,Female,Prof-specialty,36,>50K
0,10,Husband,Local-gov,United-States,Some-college,30,193090,Married-civ-spouse,White,0,Male,Craft-repair,52,<=50K
0,9,Not-in-family,Private,United-States,HS-grad,30,134926,Married-civ-spouse,White,0,Female,Transport-moving,28,<=50K
0,10,Husband,Self-emp-not-inc,United-States,Masters,40,178529,Married-civ-spouse,White,0,Male,Transport-moving,38,<=50K
0,13,Not-in-family,Private,United-States,HS-grad,40,170099,Never-married,White,0,Male,Machine-op-inspct,44,<=50K
6767,9,Husband,Private,United-States,Masters,40,188548,Married-civ-spouse,White,0,Female,Exec-managerial,35,<=50K
0,14,Wife,Private,United-States,Bachelors,50,282056,Never-married,White,0,Male,Craft-repair,27,<=50K
0,13,Husband,Private,United-States,Some-college,40,160822,Married-civ-spouse,White,0,Male,Prof-specialty,33,<=50K
0,11,Not-in-family,Private,Italy,Some-college,30,150639,Never-married,White,0,Male,Sales,17,<=50K
0,11,Unmarried,Private,United-States,Some-college,35,176357,Married-civ-spouse,White,0,Female,Exec-managerial,35,>50K
0,8,Not-in-family,Private,United-States,HS-grad,50,297885,Divorced,White,0,Female,Other-service,23,<=50K
0,9,Not-in-family,Private,United-States,HS-grad,40,243345,Never-married,White,0,Male,Craft-repair,33,<=50K
0,4,Husband,Private,United-States,11th,40,280309,Never-married,White,0,Male,Machine-op-inspct,60,<=50K
0,13,Husband,Self-emp-not-inc,United-States,HS-grad,40,109065,Married-civ-spouse,White,0,Male,Prof-specialty,44,<=50K
0,10,Unmarried,Private,United-States,Bachelors,40,138852,Married-civ-spouse,White,0,Male,Prof-specialty,70,<=50K
0,9,Husband,Private,United-States,HS-grad,40,362639,Married-civ-spouse,White,0,Male,Handlers-cleaners,28,<=50K
0,9,Husband,Private,United-States,Some-college,40,148207,Married-civ-spouse,White,0,Male,Craft-repair,34,>50K
0,2,Not-in-family,Private,United-States,Some-college,40,163065,Never-married,White,0,Male,Craft-repair,42,<=50K
0,9,Husband,Private,United-States,Bachelors,40,122037,Married-civ-spouse,White,0,Female,Exec-managerial,48,<=50K
0,9,Not-in-family,Private,United-States,Some-college,40,217304,Never-married,White,0,Male,Prof-specialty,65,>50K
0,11,Own-child,Private,United-States,Bachelors,40,230156,Married-civ-spouse,White,0,Female,Prof-specialty,27,<=50K
0,9,Husband,Private,United-States,Some-college,40,142856,Married-civ-spouse,White,0,Male,Exec-managerial,22,>50K
0,9,Husband,Private,United-States,Some-college,45,61456,Married-civ-spouse,White,0,Female,Craft-repair,44,<=50K
0,13,Own-child,Private,United-States,Some-college,40,156745,Married-civ-spouse,White,0,Female,Sales,56,<=50K
0,12,Other-relative,Private,United-States,Bachelors,40,231895,Divorced,White,0,Male,Craft-repair,34,>50K
0,11,Not-in-family,Private,United-States,HS-grad,40,249983,Married-civ-spouse,White,0,Male,Adm-clerical,44,<=50K
0,9,Husband,Local-gov,United-States,HS-grad,40,189832,Never-married,White,0,Female,Craft-repair,35,<=50K
0,9,Not-in-family,Private,United-States,Bachelors,40,176414,Never-married,White,0,Male,Sales,49,<=50K
0,10,Husband,Self-emp-not-inc,United-States,Some-college,40,169031,Married-civ-spouse,White,0,Female,Handlers-cleaners,56,>50K
0,10,Husband,Private,United-States,Some-college,40,86867,Married-civ-spouse,White,0,Male,Sales,20,>50K
0,13,Husband,Private,United-States,Some-college,40,164572,Married-civ-spouse,White,0,Male,Craft-repair,41,<=50K
0,4,Husband,Private,United-States,Bachelors,40,261492,Married-civ-spouse,White,0,Male,Craft-repair,24,<=50K
0,13,Not-in-family,Private,United-States,Bachelors,60,121615,Divorced,White,0,Male,Other-service,48,<=50K
0,10,Husband,Private,United-States,Some-college,40,167611,Never-married,White,0,Male,Transport-moving,51,<=50K
0,9,Husband,Private,United-States,Some-college,40,40165,Married-civ-spouse,White,0,Male,Prof-specialty,31,<=50K
0,13,Not-in-family,Private,United-States,12th,40,162620,Married-civ-spouse,White,0,Male,Exec-managerial,43,<=50K
0,13,Husband,Private,United-States,Bachelors,40,297531,Married-civ-spouse,White,0,Male,Machine-op-inspct,37,<=50K
0,10,Husband,State-gov,United-States,Some-college,40,178610,Married-civ-spouse,White,0,Male,Sales,47,>50K
0,9,Husband,Private,United-States,HS-grad,40,188759,Married-civ-spouse,White,0,Female,Transport-moving,58,>50K
0,10,Own-child,Private,United-States,Masters,50,134438,Married-civ-spouse,White,0,Female,Adm-clerical,34,<=50K
0,10,Own-child,Private,United-States,Some-college,40,107611,Never-married,White,0,Female,Other-service,57,>50K
0,13,Not-in-family,Private,United-States,Some-college,40,305024,Never-married,White,0,Female,Prof-specialty,25,>50K
0,13,Husband,Private,United-States,Bachelors,45,95885,Married-civ-spouse,White,0,Male,Prof-specialty,35,<=50K
0,10,Husband,Private,United-States,Bachelors,40,173885,Married-civ-spouse,White,0,Male,Transport-moving,19,<=50K
0,8,Own-child,Local-gov,United-States,Some-college,45,307872,Never-married,White,0,Male,Adm-clerical,59,>50K
0,13,Husband,Private,United-States,Bachelors,40,107310,Married-civ-spouse,White,0,Male,Adm-clerical,37,>50K
0,14,Not-in-family,Private,United-States,HS-grad,40,92458,Married-civ-spouse,White,0,Male,Sales,66,<=50K
0,10,Not-in-family,Private,United-States,Some-college,40,231582,Never-married,White,0,Female,Other-service,59,>50K
0,9,Not-in-family,Private,United-States,Bachelors,40,181487,Never-married,White,0,Male,Prof-specialty,33,<=50K
0,9,Husband,Private,United-States,Bachelors,40,98845,Never-married,White,0,Male,Sales,25,>50K
0,9,Husband,Private,United-States,HS-grad,40,12098,Married-civ-spouse,White,0,Male,Craft-repair,27,<=50K
0,10,Not-in-family,Private,United-States,Some-college,40,48469,Never-married,White,0,Male,Other-service,29,<=50K
0,9,Not-in-family,Self-emp-not-inc,United-States,Bachelors,40,47700,Divorced,White,0,Male,Craft-repair,36,<=50K
0,14,Husband,Private,United-States,Bachelors,40,106591,Married-civ-spouse,White,0,Male,Exec-managerial,44,<=50K
0,10,Own-child,Local-gov,United-States,Some-college,45,117794,Never-married,White,0,Male,Other-service,26,<=50K
0,9,Husband,Private,United-States,Some-college,30,161594,Divorced,White,0,Female,Adm-clerical,39,>50K
0,13,Husband,Private,United-States,Bachelors,40,243930,Divorced,White,0,Male,Prof-specialty,35,<=50K
0,9,Husband,Local-gov,United-States,HS-grad,40,183568,Married-civ-spouse,White,0,Female,Prof-specialty,43,<=50K
0,9,Not-in-family,Private,United-States,Bachelors,40,97215,Married-civ-spouse,White,0,Male,Prof-specialty,37,<=50K
0,13,Not-in-family,Private,United-States,Bachelors,40,56464,Never-married,White,0,Female,Sales,46,<=50K
0,13,Not-in-family,Private,United-States,10th,40,231073,Married-civ-spouse,White,0,Female,Sales,22,<=50K
0,10,Not-in-family,Private,United-States,HS-grad,40,185267,Divorced,White,0,Male,Prof-specialty,20,<=50K
0,4,Husband,Private,United-States,12th,50,266189,Married-civ-spouse,White,0,Male,Exec-managerial,18,<=50K
0,9,Not-in-family,Private,United-States,HS-grad,40,97064,Separated,White,0,Female,Handlers-cleaners,24,>50K
0,9,Husband,Private,United-States,HS-grad,40,291187,Married-civ-spouse,White,0,Male,Prof-specialty,37,<=50K
0,9,Husband,Private,United-States,HS-grad,40,67700,Married-civ-spouse,White,0,Male,Exec-managerial,41,<=50K
0,10,Husband,Private,United-States,Bachelors,40,172491,Married-civ-spouse,White,0,Male,Other-service,28,<=50K
0,10,Husband,Local-gov,United-States,HS-grad,55,162973,Married-civ-spouse,White,0,Female,Transport-moving,45,<=50K
0,13,Husband,Private,United-States,Bachelors,20,84790,Divorced,White,0,Male,Prof-specialty,40,>50K
0,9,Husband,Private,United-States,Some-college,40,142567,Married-civ-spouse,White,0,Male,Adm-clerical,24,>50K
0,9,Husband,Private,United-States,Bachelors,40,278549,Divorced,Other,0,Male,Machine-op-inspct,33,<=50K
0,9,Not-in-family,Private,United-States,Bachelors,20,38796,Married-civ-spouse,White,0,Male,Farming-fishing,27,<=50K
0,10,Husband,Private,United-States,Some-college,40,132630,Divorced,Black,0,Male,Farming-fishing,45,>50K
0,13,Unmarried,Private,United-States,Bachelors,40,381139,Widowed,White,0,Female,Sales,28,>50K
0,13,Own-child,Private,United-States,Bachelors,40,171138,Never-married,White,0,Male,Adm-clerical,35,>50K
0,9,Own-child,Private,United-States,Masters,40,123668,Divorced,White,0,Male,Other-service,37,<=50K
0,10,Husband,Private,United-States,Bachelors,40,77524,Married-civ-spouse,White,0,Female,Exec-managerial,33,>50K
99999,13,Not-in-family,Private,United-States,Prof-school,40,215624,Married-civ-spouse,White,0,Male,Adm-clerical,44,<=50K
0,9,Own-child,Private,United-States,Some-college,40,167313,Never-married,White,0,Male,Exec-managerial,25,<=50K
0,6,Husband,Private,United-States,Bachelors,40,231962,Divorced,White,0,Male,Exec-managerial,32,<=50K
0,13,Husband,Private,United-States,HS-grad,40,131356,Married-civ-spouse,White,0,Male,Transport-moving,35,>50K
0,9,Husband,Private,United-States,Bachelors,40,78863,Married-civ-spouse,White,0,Male,Craft-repair,22,<=50K
0,7,Husband,Private,United-States,HS-grad,40,10175,Married-civ-spouse,White,0,Male,Sales,37,>50K
0,9,Own-child,Private,United-States,HS-grad,50,9081,Never-married,White,0,Male,Craft-repair,43,<=50K
0,12,Wife,Private,United-States,Some-college,40,296792,Divorced,White,0,Male,Machine-op-inspct,32,>50K
0,10,Not-in-family,Private,United-States,Some-college,45,49811,Never-married,White,0,Female,Transport-moving,18,<=50K
0,13,Not-in-family,Private,United-States,Bachelors,50,106974,Married-civ-spouse,White,0,Male,Exec-managerial,32,>50K
0,13,Not-in-family,Private,United-States,Bachelors,40,132695,Never-married,White,0,Male,Other-service,24,<=50K
0,11,Own-child,Private,United-States,HS-grad,40,108801,Married-civ-spouse,White,0,Male,Sales,34,<=50K
0,9,Husband,Private,United-States,Bachelors,40,232292,Married-civ-spouse,White,0,Male,Sales,69,<=50K
0,12,Husband,Private,United-States,HS-grad,40,152024,Married-civ-spouse,White,0,Female,Machine-op-inspct,54,<=50K
0,10,Husband,Private,United-States,Some-college,40,78878,Married-civ-spouse,White,0,Male,Craft-repair,60,<=50K
0,9,Not-in-family,Private,United-States,Assoc-acdm,40,177948,Divorced,White,0,Male,Sales,40,<=50K
0,9,Husband,Private,United-States,HS-grad,45,33886,Never-married,White,0,Male,Exec-managerial,25,>50K
0,9,Other-relative,Private,United-States,HS-grad,20,159548,Never-married,White,0,Male,Transport-moving,51,<=50K
0,9,Not-in-family,Private,United-States,HS-grad,40,231234,Married-civ-spouse,White,0,Male,Exec-managerial,38,<=50K
0,5,Husband,Private,United-States,HS-grad,40,91578,Married-civ-spouse,White,0,Male,Sales,54,<=50K
0,10,Husband,Private,United-States,Some-college,40,200327,Never-married,White,0,Female,Sales,31,<=50K
0,13,Not-in-family,Private,United-States,HS-grad,20,88638,Never-married,White,0,Male,Prof-specialty,51,<=50K
0,13,Not-in-family,Private,United-States,HS-grad,40,40024,Divorced,White,0,Male,Handlers-cleaners,32,>50K
0,9,Husband,Private,United-States,HS-grad,35,92863,Divorced,White,0,Male,Adm-clerical,32,>50K
0,9,Husband,Private,United-States,HS-grad,40,252401,Married-civ-spouse,White,0,Female,Machine-op-inspct,47,<=50K
0,11,Husband,Private,United-States,Some-college,40,138811,Married-civ-spouse,White,0,Male,Tech-support,67,<=50K
0,7,Husband,Private,United-States,HS-grad,40,206460,Married-civ-spouse,White,0,Male,Adm-clerical,39,<=50K
0,9,Husband,Private,United-States,11th,40,207954,Married-civ-spouse,White,0,Male,Tech-support,31,<=50K
0,9,Husband,Private,United-States,HS-grad,40,329843,Married-civ-spouse,White,0,Male,Exec-managerial,32,>50K
0,9,Husband,Private,United-States,HS-grad,40,108837,Married-civ-spouse,Black,0,Male,Exec-managerial,25,<=50K
0,9,Own-child,Private,United-States,Assoc-voc,40,140782,Married-civ-spouse,White,0,Male,Prof-specialty,44,<=50K
0,9,Husband,Private,South-East,Bachelors,7,165835,Married-civ-spouse,White,0,Male,Craft-repair,24,<=50K
0,9,Husband,Private,United-States,HS-grad,40,127577,Widowed,White,0,Male,Sales,27,<=50K
0,13,Not-in-family,Private,United-States,7th-8th,40,122650,Never-married,Black,0,Female,Handlers-cleaners,51,<=50K
0,9,Husband,Private,United-States,Bachelors,40,140945,Never-married,White,1762,Male,Exec-managerial,23,<=50K
0,9,Husband,Private,United-States,HS-grad,40,146892,Married-civ-spouse,White,0,Male,Transport-moving,32,>50K
0,10,Husband,Private,United-States,Bachelors,40,226615,Married-civ-spouse,White,0,Male,Craft-repair,32,>50K
0,6,Not-in-family,Private,United-States,Some-college,35,47616,Never-married,White,0,Male,Farming-fishing,18,>50K
0,11,Unmarried,Private,United-States,HS-grad,40,265314,Married-civ-spouse,White,0,Male,Sales,53,>50K
0,10,Husband,Private,United-States,Some-college,25,131436,Married-civ-spouse,Asian-Pac-Islander,0,Male,Other-service,49,>50K
0,9,Husband,Private,United-States,HS-grad,40,286974,Married-civ-spouse,White,0,Female,Prof-specialty,53,<=50K
0,9,Own-child,Local-gov,United-States,HS-grad,40,78715,Never-married,White,0,Female,Craft-repair,24,>50K
0,10,Husband,Local-gov,United-States,Some-college,20,125892,Married-civ-spouse,White,0,Male,Exec-managerial,44,>50K
0,9,Husband,Private,United-States,HS-grad,40,134889,Never-married,White,0,Male,Prof-specialty,27,<=50K
0,4,Husband,Private,United-States,HS-grad,40,255858,Married-civ-spouse,White,0,Male,Exec-managerial,23,>50K
0,9,Husband,State-gov,United-States,HS-grad,40,222573,Married-civ-spouse,White,0,Male,Handlers-cleaners,35,<=50K
0,9,Own-child,Self-emp-inc,United-States,HS-grad,40,171648,Never-married,White,0,Male,Sales,31,<=50K
0,10,Unmarried,Private,United-States,Some-college,40,487848,Married-civ-spouse,White,0,Male,Craft-repair,21,<=50K
0,14,Unmarried,Private,United-States,Bachelors,40,231029,Married-civ-spouse,White,0,Male,Adm-clerical,41,<=50K
0,10,Own-child,Private,United-States,Some-college,45,223624,Never-married,White,0,Female,Other-service,41,>50K
7688,9,Wife,Private,United-States,Bachelors,40,152373,Married-civ-spouse,White,0,Male,Adm-clerical,56,<=50K
0,9,Husband,Private,United-States,10th,40,296450,Married-civ-spouse,White,0,Male,Handlers-cleaners,53,<=50K
0,9,Husband,Private,United-States,Some-college,40,289960,Married-civ-spouse,White,0,Female,Machine-op-inspct,48,<=50K
0,10,Not-in-family,Private,United-States,Assoc-acdm,48,137614,Never-married,Other,0,Male,Handlers-cleaners,35,>50K
0,9,Husband,Self-emp-not-inc,United-States,HS-grad,40,319032,Married-civ-spouse,White,0,Female,Other-service,38,>50K
0,7,Own-child,Private,United-States,Bachelors,40,181130,Never-married,White,0,Female,Other-service,39,<=50K
0,9,Husband,Private,United-States,Bachelors,40,176836,Divorced,White,0,Male,Other-service,48,>50K
0,9,Own-child,Private,United-States,Some-college,22,87740,Married-civ-spouse,White,0,Male,Exec-managerial,43,<=50K
13550,9,Unmarried,Private,United-States,HS-grad,45,247824,Never-married,White,0,Male,Exec-managerial,37,>50K
0,9,Unmarried,Private,United-States,HS-grad,40,188972,Married-civ-spouse,White,0,Male,Sales,29,<=50K
0,11,Husband,Private,United-States,Bachelors,45,77824,Married-civ-spouse,Black,0,Male,Exec-managerial,46,>50K
0,13,Wife,Private,United-States,HS-grad,40,247600,Divorced,White,0,Male,Transport-moving,36,<=50K
0,13,Not-in-family,Private,United-States,Bachelors,40,157569,Married-civ-spouse,Black,0,Male,Sales,26,<=50K
0,13,Own-child,Private,United-States,HS-grad,43,113448,Married-civ-spouse,White,0,Male,Farming-fishing,43,<=50K
0,11,Unmarried,Private,United-States,HS-grad,60,231038,Married-civ-spouse,White,0,Male,Exec-managerial,41,<=50K
0,9,Own-child,Private,United-States,HS-grad,40,133372,Never-married,White,0,Male,Craft-repair,41,<=50K
0,10,Unmarried,Private,United-States,Some-college,40,92425,Divorced,White,0,Male,Craft-repair,32,<=50K
0,13,Not-in-family,Private,United-States,Some-college,40,97315,Married-civ-spouse,White,0,Female,Sales,56,<=50K
0,11,Husband,Self-emp-not-inc,United-States,Assoc-acdm,40,160153,Married-civ-spouse,White,0,Male,Craft-repair,28,<=50K
0,10,Own-child,Private,Peru,Some-college,40,215943,Married-civ-spouse,White,0,Male,Craft-repair,46,<=50K
0,15,Unmarried,Private,United-States,Masters,40,126755,Never-married,White,0,Male,Handlers-cleaners,27,>50K
0,13,Husband,Private,United-States,Bachelors,40,142282,Divorced,White,0,Female,Craft-repair,30,<=50K
0,9,Unmarried,Private,Ecuador,Some-college,60,84735,Married-civ-spouse,White,0,Male,Other-service,44,<=50K
0,9,Husband,Private,United-States,HS-grad,40,275093,Married-civ-spouse,White,0,Female,Exec-managerial,37,<=50K
0,10,Not-in-family,Private,United-States,Some-college,20,216999,Never-married,White,0,Male,Transport-moving,23,<=50K
0,9,Husband,Private,United-States,HS-grad,40,181521,Married-civ-spouse,White,0,Male,Other-service,38,>50K
0,9,Husband,Private,United-States,Bachelors,60,204829,Married-civ-spouse,White,0,Male,Prof-specialty,35,<=50K
0,10,Own-child,Private,United-States,Some-college,26,160130,Never-married,White,0,Male,Prof-specialty,37,<=50K
0,9,Husband,Private,United-States,Bachelors,40,229272,Married-civ-spouse,White,0,Female,Craft-repair,35,>50K
0,9,Other-relative,Private,United-States,HS-grad,40,112690,Never-married,White,0,Female,Sales,48,<=50K
0,14,Own-child,Private,United-States,HS-grad,40,232637,Divorced,Black,0,Female,Sales,67,>50K
0,13,Husband,Private,United-States,Some-college,40,141449,Married-civ-spouse,White,0,Male,Transport-moving,34,<=50K
0,10,Husband,Self-emp-not-inc,United-States,Bachelors,40,267612,Married-civ-spouse,White,0,Male,Exec-managerial,49,<=50K
0,9,Not-in-family,Local-gov,United-States,Some-college,40,103356,Divorced,White,0,Female,Transport-moving,32,>50K
0,9,Husband,Private,United-States,Assoc-acdm,40,197646,Married-civ-spouse,White,0,Male,Sales,59,<=50K
0,9,Not-in-family,Private,United-States,HS-grad,40,131868,Never-married,White,0,Female,Transport-moving,43,<=50K
0,9,Husband,Private,United-States,Some-college,40,134561,Married-civ-spouse,White,0,Male,Sales,48,<=50K
0,10,Husband,Private,United-States,Some-college,40,214518,Married-civ-spouse,White,0,Male,Other-service,45,<=50K
0,9,Husband,Private,United-States,HS-grad,35,169269,Married-civ-spouse,White,0,Female,Craft-repair,38,>50K
0,13,Not-in-family,Private,United-States,Bachelors,50,286065,Divorced,White,0,Male,Prof-specialty,62,<=50K
0,9,Husband,Private,United-States,HS-grad,40,226933,Married-civ-spouse,White,0,Male,Craft-repair,33,<=50K
0,13,Not-in-family,Private,United-States,Masters,15,88895,Never-married,White,0,Male,Handlers-cleaners,28,<=50K
0,10,Own-child,Private,United-States,Some-college,40,187329,Never-married,White,0,Female,Handlers-cleaners,37,>50K
0,9,Husband,Private,United-States,Some-college,40,188808,Divorced,White,0,Male,Handlers-cleaners,24,>50K
0,9,Husband,Private,United-States,HS-grad,40,355918,Married-civ-spouse,White,0,Male,Handlers-cleaners,21,<=50K
0,9,Not-in-family,Private,United-States,Bachelors,40,191204,Married-civ-spouse,White,0,Male,Other-service,41,<=50K
0,13,Husband,Private,United-States,Bachelors,40,177945,Married-civ-spouse,White,0,Male,Priv-house-serv,29,<=50K
2105,10,Own-child,Private,United-States,Some-college,40,402136,Married-civ-spouse,White,0,Male,Handlers-cleaners,35,<=50K
0,9,Not-in-family,Private,United-States,Bachelors,50,53366,Never-married,White,0,Male,Craft-repair,52,<=50K
0,9,Husband,Private,United-States,HS-grad,46,164984,Married-civ-spouse,White,0,Male,Sales,50,<=50K
0,15,Husband,Private,United-States,Bachelors,30,144084,Married-civ-spouse,Black,0,Male,Sales,26,<=50K
0,9,Husband,Private,United-States,HS-grad,20,167031,Never-married,White,0,Male,Tech-support,27,<=50K
0,10,Husband,Private,United-States,Some-college,40,178510,Never-married,White,0,Female,Transport-moving,43,<=50K
0,11,Husband,Private,United-States,Doctorate,55,215311,Married-civ-spouse,White,0,Male,Craft-repair,29,>50K
0,14,Unmarried,Self-emp-not-inc,United-States,Some-college,40,230919,Married-civ-spouse,White,0,Male,Sales,46,<=50K
0,9,Not-in-family,Private,United-States,Bachelors,40,77616,Never-married,White,0,Female,Handlers-cleaners,43,>50K
0,9,Not-in-family,Private,United-States,HS-grad,35,106778,Divorced,White,0,Male,Prof-specialty,49,<=50K
0,13,Own-child,Private,United-States,Bachelors,40,329874,Never-married,White,0,Female,Machine-op-inspct,33,<=50K
0,5,Husband,Local-gov,United-States,Bachelors,40,185401,Married-spouse-absent,White,0,Female,Exec-managerial,30,<=50K
0,9,Husband,Private,United-States,HS-grad,30,86745,Married-civ-spouse,White,0,Male,Exec-managerial,57,>50K
0,6,Not-in-family,Private,United-States,HS-grad,40,19908,Married-civ-spouse,White,0,Male,Machine-op-inspct,21,<=50K
0,9,Own-child,Private,United-States,Some-college,40,381715,Married-civ-spouse,White,0,Male,Craft-repair,40,>50K
0,9,Not-in-family,Private,United-States,Some-college,40,142636,Never-married,White,0,Male,Transport-moving,48,<=50K
0,9,Not-in-family,Private,United-States,Bachelors,40,176821,Never-married,White,0,Male,Machine-op-inspct,33,<=50K
0,13,Husband,Private,United-States,HS-grad,70,334744,Married-civ-spouse,White,0,Male,Handlers-cleaners,27,<=50K
0,13,Own-child,Private,United-States,HS-grad,30,167528,Married-civ-spouse,White,0,Male,Craft-repair,26,<=50K
0,13,Not-in-family,Private,United-States,Some-college,40,281215,Never-married,White,0,Male,Prof-specialty,21,<=50K
0,9,Husband,Private,United-States,Bachelors,40,163350,Divorced,White,0,Male,Other-service,35,<=50K
0,9,Not-in-family,Local-gov,United-States,Assoc-acdm,40,213140,Never-married,White,0,Male,Craft-repair,26,<=50K
0,6,Not-in-family,Private,United-States,Assoc-acdm,40,289910,Never-married,White,0,Male,Sales,38,<=50K
0,13,Not-in-family,Private,United-States,11th,40,78873,Married-civ-spouse,White,0,Male,Farming-fishing,34,>50K
0,10,Not-in-family,Private,United-States,Assoc-voc,45,293592,Married-civ-spouse,White,0,Male,Other-service,28,>50K
0,7,Not-in-family,Private,United-States,Assoc-voc,45,289735,Divorced,White,0,Female,Sales,40,<=50K
0,9,Own-child,Private,United-States,Some-college,40,77266,Never-married,White,0,Male,Other-service,46,<=50K
0,9,Not-in-family,Private,United-States,HS-grad,40,87601,Married-civ-spouse,White,0,Male,Prof-specialty,32,<=50K
0,7,Husband,Private,United-States,Some-college,40,161377,Married-civ-spouse,White,0,Male,Exec-managerial,49,<=50K
0,10,Unmarried,Private,United-States,Some-college,40,177560,Married-civ-spouse,White,0,Male,Sales,35,<=50K
0,10,Not-in-family,Private,United-States,Bachelors,40,161508,Never-married,White,0,Female,Other-service,31,<=50K
0,9,Husband,Private,United-States,HS-grad,40,229431,Married-civ-spouse,White,0,Male,Sales,28,<=50K
0,11,Husband,Self-emp-not-inc,United-States,Bachelors,40,37932,Married-civ-spouse,White,0,Female,Craft-repair,26,>50K
0,9,Husband,Private,United-States,HS-grad,50,262634,Married-civ-spouse,White,0,Male,Adm-clerical,41,>50K
0,10,Husband,Private,United-States,Some-college,40,147423,Widowed,White,0,Male,Sales,34,<=50K
0,10,Not-in-family,Local-gov,United-States,Some-college,40,92863,Never-married,White,0,Male,Craft-repair,17,>50K
0,10,Husband,Private,United-States,HS-grad,40,227113,Married-spouse-absent,White,0,Male,Sales,31,<=50K
0,10,Husband,Private,United-States,Some-college,40,376464,Married-civ-spouse,White,0,Male,Prof-specialty,71,>50K
0,13,Unmarried,Private,United-States,HS-grad,40,59145,Married-civ-spouse,White,0,Male,Craft-repair,44,<=50K
0,13,Not-in-family,Private,United-States,HS-grad,25,131876,Divorced,White,0,Male,Prof-specialty,24,<=50K
0,9,Not-in-family,Private,United-States,HS-grad,60,381611,Married-civ-spouse,White,0,Female,Machine-op-inspct,26,<=50K
0,9,Husband,Private,United-States,HS-grad,25,150997,Never-married,White,0,Male,Craft-repair,46,<=50K
0,9,Husband,Private,United-States,HS-grad,40,62787,Married-civ-spouse,White,0,Male,Craft-repair,35,<=50K
0,9,Husband,Private,United-States,HS-grad,40,168824,Married-civ-spouse,White,0,Female,Prof-specialty,35,<=50K
0,10,Husband,Private,United-States,Some-college,40,31740,Married-civ-spouse,White,0,Male,Sales,43,<=50K
0,10,Not-in-family,Private,United-States,Some-college,40,48872,Never-married,White,0,Male,Other-service,24,<=50K
0,11,Not-in-family,Private,United-States,Some-college,60,128392,Married-civ-spouse,White,0,Male,Other-service,29,<=50K
0,14,Husband,Private,United-States,HS-grad,40,80410,Divorced,White,0,Male,Craft-repair,35,>50K
0,13,Unmarried,Private,United-States,Some-college,40,319617,Married-civ-spouse,White,0,Male,Adm-clerical,52,<=50K
0,10,Not-in-family,Private,United-States,Some-college,40,186426,Never-married,White,0,Male,Prof-specialty,17,<=50K
0,11,Husband,Private,United-States,11th,45,164948,Married-civ-spouse,White,0,Female,Craft-repair,47,<=50K
0,9,Not-in-family,Private,United-States,Bachelors,40,268520,Married-civ-spouse,White,0,Male,Prof-specialty,24,<=50K
0,10,Husband,Self-emp-not-inc,United-States,Some-college,40,123620,Married-civ-spouse,White,0,Male,Craft-repair,53,<=50K
0,13,Not-in-family,Private,United-States,Some-college,45,117634,Married-civ-spouse,White,0,Female,Handlers-cleaners,35,<=50K
0,13,Other-relative,Private,United-States,Bachelors,40,312052,Married-civ-spouse,Other,0,Male,Prof-specialty,41,<=50K
0,10,Not-in-family,Private,United-States,Some-college,80,148878,Married-civ-spouse,White,0,Male,Prof-specialty,38,>50K
0,10,Not-in-family,Private,United-States,Some-college,40,208713,Divorced,White,0,Female,Prof-school,42,<=50K
0,10,Husband,Private,United-States,Some-college,40,210114,Never-married,White,0,Female,Craft-repair,32,<=50K
0,9,Not-in-family,Private,United-States,Some-college,40,36383,Never-married,White,0,Male,Prof-specialty,32,>50K
4508,9,Not-in-family,Private,United-States,Bachelors,40,246701,Married-civ-spouse,White,0,Male,Sales,17,>50K
0,9,Own-child,Private,United-States,HS-grad,40,264738,Never-married,White,0,Male,Craft-repair,40,>50K
0,11,Not-in-family,Private,United-States,Bachelors,50,132880,Never-married,Black,0,Male,Exec-managerial,27,<=50K
0,9,Husband,Private,United-States,HS-grad,40,76527,Widowed,White,0,Female,Craft-repair,47,>50K
0,9,Not-in-family,Private,United-States,HS-grad,40,245700,Never-married,White,0,Female,Sales,38,<=50K
0,11,Husband,Private,United-States,HS-grad,40,197136,Married-civ-spouse,White,0,Male,Handlers-cleaners,35,<=50K
0,10,Not-in-family,Private,United-States,Some-college,40,109518,Never-married,White,0,Male,Other-service,27,>50K
0,13,Husband,Private,United-States,HS-grad,40,41506,Married-civ-spouse,White,0,Male,Adm-clerical,23,>50K
0,10,Husband,Private,United-States,Some-college,40,167568,Married-civ-spouse,White,0,Male,Craft-repair,24,>50K
0,9,Husband,Private,United-States,HS-grad,40,178452,Married-civ-spouse,Other,0,Female,Transport-moving,31,<=50K
0,9,Husband,Self-emp-inc,United-States,Bachelors,50,85892,Married-civ-spouse,White,0,Female,Craft-repair,54,>50K
0,9,Not-in-family,Private,United-States,HS-grad,40,83535,Married-civ-spouse,White,0,Female,Prof-specialty,43,>50K
0,10,Not-in-family,Private,United-States,Some-college,40,111334,Never-married,White,0,Male,Other-service,33,>50K
0,10,Husband,Private,United-States,Some-college,40,319025,Married-civ-spouse,White,0,Male,Craft-repair,53,<=50K
0,9,Husband,Private,United-States,HS-grad,45,179533,Never-married,White,0,Female,Exec-managerial,29,<=50K
0,9,Husband,Private,United-States,12th,35,167820,Never-married,White,0,Male,Other-service,35,<=50K
0,11,Not-in-family,Private,United-States,HS-grad,60,208358,Divorced,White,0,Male,Other-service,37,<=50K
0,10,Not-in-family,Private,United-States,Some-college,40,230845,Married-civ-spouse,White,0,Female,Transport-moving,28,<=50K
0,9,Husband,Private,United-States,HS-grad,45,34973,Married-civ-spouse,White,0,Female,Sales,49,<=50K
0,10,Husband,Private,United-States,Bachelors,40,303411,Never-married,White,0,Male,Craft-repair,42,>50K
0,13,Husband,Private,United-States,Bachelors,55,94867,Never-married,White,0,Female,Machine-op-inspct,29,<=50K
0,13,Husband,Private,United-States,Bachelors,50,216479,Married-civ-spouse,White,0,Male,Prof-specialty,29,<=50K
99999,9,Own-child,Private,United-States,HS-grad,40,192652,Never-married,White,0,Male,Transport-moving,32,<=50K
0,9,Husband,Private,United-States,HS-grad,40,161038,Married-civ-spouse,White,0,Male,Craft-repair,35,<=50K
0,9,Own-child,Private,United-States,HS-grad,60,191078,Separated,White,0,Male,Other-service,40,<=50K
0,10,Husband,Self-emp-inc,United-States,Some-college,20,284120,Never-married,White,0,Male,Transport-moving,24,<=50K
0,7,Husband,Private,United-States,HS-grad,40,51572,Married-civ-spouse,White,0,Male,Craft-repair,44,<=50K
0,6,Husband,Local-gov,United-States,Bachelors,40,81179,Never-married,White,0,Male,Craft-repair,62,>50K
0,10,Husband,Private,United-States,Masters,40,329355,Married-civ-spouse,White,0,Female,Craft-repair,43,>50K
0,10,Husband,Private,United-States,Some-college,50,82463,Married-civ-spouse,White,0,Male,Transport-moving,23,<=50K
0,13,Not-in-family,Private,Mexico,11th,40,318722,Married-civ-spouse,Black,0,Male,Sales,43,<=50K
0,9,Own-child,Private,United-States,HS-grad,30,142610,Married-civ-spouse,White,0,Male,Craft-repair,48,>50K
0,13,Own-child,Private,United-States,Bachelors,40,167416,Never-married,White,0,Male,Craft-repair,48,<=50K
0,13,Husband,Federal-gov,United-States,Bachelors,40,73491,Married-civ-spouse,White,0,Male,Sales,45,<=50K
0,9,Not-in-family,Self-emp-not-inc,United-States,HS-grad,40,123324,Never-married,White,0,Male,Craft-repair,45,<=50K
0,13,Not-in-family,Private,United-States,Bachelors,40,248908,Married-civ-spouse,White,0,Male,Sales,26,<=50K
0,13,Not-in-family,Private,United-States,Bachelors,40,188723,Married-civ-spouse,White,0,Male,Machine-op-inspct,56,<=50K
0,9,Not-in-family,Private,United-States,HS-grad,40,205414,Married-civ-spouse,White,0,Male,Handlers-cleaners,51,<=50K
0,9,Husband,Private,United-States,Masters,40,182977,Married-civ-spouse,White,0,Male,Handlers-cleaners,34,<=50K
0,10,Husband,Private,United-States,Bachelors,52,105624,Never-married,White,0,Female,Adm-clerical,55,<=50K
0,13,Husband,Private,United-States,HS-grad,40,97329,Married-civ-spouse,White,0,Male,Sales,34,<=50K
0,12,Husband,Private,United-States,10th,16,192226,Never-married,White,0,Male,Sales,29,>50K
0,13,Husband,Private,United-States,HS-grad,40,188716,Married-civ-spouse,White,0,Male,Other-service,19,<=50K
0,14,Wife,Private,United-States,Some-college,40,124583,Divorced,White,0,Male,Craft-repair,43,<=50K
0,9,Husband,Private,United-States,HS-grad,40,282042,Married-civ-spouse,White,0,Male,Sales,22,<=50K
0,9,Husband,Private,United-States,HS-grad,40,405894,Married-civ-spouse,White,0,Male,Craft-repair,32,<=50K
0,9,Not-in-family,Private,United-States,HS-grad,40,85872,Married-civ-spouse,White,0,Male,Prof-specialty,39,>50K
0,9,Not-in-family,Private,United-States,HS-grad,55,163265,Divorced,White,0,Male,Farming-fishing,36,<=50K
0,9,Husband,Private,United-States,Bachelors,35,212050,Married-civ-spouse,White,0,Male,Craft-repair,24,<=50K
0,9,Not-in-family,Private,United-States,HS-grad,40,213721,Married-civ-spouse,Black,0,Male,Other-service,36,>50K
0,9,Unmarried,Private,United-States,Assoc-acdm,41,171572,Married-spouse-absent,Black,0,Male,Farming-fishing,40,<=50K
0,9,Own-child,Private,United-States,HS-grad,55,47660,Married-civ-spouse,White,0,Male,Other-service,35,>50K
0,12,Husband,Private,United-States,Bachelors,50,185845,Married-civ-spouse,White,0,Male,Transport-moving,43,<=50K
0,10,Husband,Private,United-States,Some-college,40,124963,Married-civ-spouse,White,0,Male,Transport-moving,17,>50K
0,11,Own-child,Private,United-States,HS-grad,40,209211,Never-married,White,0,Male,Sales,28,<=50K
0,9,Not-in-family,Private,United-States,HS-grad,40,39352,Married-civ-spouse,White,1902,Male,Craft-repair,27,<=50K
0,10,Own-child,Private,United-States,Doctorate,40,221085,Never-married,White,0,Male,Handlers-cleaners,54,<=50K
0,14,Husband,Self-emp-not-inc,United-States,HS-grad,40,313729,Married-civ-spouse,Black,0,Male,Sales,39,>50K
0,9,Husband,Private,United-States,9th,40,115438,Divorced,White,0,Male,Exec-managerial,39,>50K
0,13,Husband,Private,United-States,Bachelors,40,247232,Married-civ-spouse,White,0,Female,Prof-specialty,28,<=50K
0,13,Not-in-family,Private,United-States,Some-college,40,111797,Never-married,White,0,Male,Adm-clerical,68,<=50K
0,13,Husband,Private,United-States,11th,50,211319,Divorced,White,0,Male,Prof-specialty,62,<=50K
0,9,Not-in-family,Private,United-States,HS-grad,30,211028,Married-civ-spouse,White,0,Male,Exec-managerial,37,>50K
0,13,Husband,Private,United-States,Assoc-acdm,40,178711,Married-civ-spouse,White,0,Female,Adm-clerical,54,<=50K
0,9,Not-in-family,Private,United-States,Some-college,40,188909,Never-married,White,0,Female,Machine-op-inspct,22,<=50K
0,9,Own-child,Private,United-States,HS-grad,30,76625,Married-civ-spouse,White,0,Male,Sales,29,<=50K
0,9,Wife,Private,United-States,HS-grad,40,63825,Married-civ-spouse,White,0,Female,Craft-repair,30,<=50K
0,6,Own-child,Private,United-States,HS-grad,20,182943,Married-civ-spouse,Amer-Indian-Eskimo,0,Male,Craft-repair,28,<=50K
0,9,Unmarried,Private,United-States,Bachelors,40,138567,Never-married,White,0,Female,Prof-specialty,44,<=50K
0,9,Not-in-family,Self-emp-not-inc,United-States,HS-grad,40,173987,Married-civ-spouse,White,0,Male,Adm-clerical,40,>50K
0,11,Husband,Private,United-States,11th,40,235088,Never-married,White,0,Male,Handlers-cleaners,55,<=50K
0,9,Husband,Private,United-States,Assoc-voc,40,126729,Married-civ-spouse,White,0,Male,Sales,60,<=50K
0,9,Husband,Private,United-States,9th,40,214129,Never-married,White,0,Male,Handlers-cleaners,28,<=50K
0,13,Husband,Private,United-States,Some-college,40,554317,Married-civ-spouse,White,0,Female,Craft-repair,21,<=50K
0,9,Unmarried,Private,United-States,HS-grad,40,141612,Married-civ-spouse,White,0,Male,Craft-repair,36,<=50K
0,14,Husband,Private,United-States,Bachelors,40,182422,Married-civ-spouse,White,0,Male,Exec-managerial,36,<=50K
0,9,Husband,Private,United-States,HS-grad,40,98130,Married-civ-spouse,White,0,Male,Prof-specialty,27,<=50K
0,9,Own-child,Private,United-States,HS-grad,40,118520,Never-married,White,0,Male,Exec-managerial,24,<=50K
0,13,Not-in-family,Private,United-States,Some-college,40,213616,Never-married,White,0,Female,Craft-repair,24,<=50K
0,10,Husband,Private,United-States,Assoc-voc,40,248522,Married-civ-spouse,White,0,Male,Sales,41,<=50K
0,9,Not-in-family,State-gov,United-States,Some-college,40,167820,Never-married,White,0,Female,Sales,39,<=50K
0,13,Not-in-family,Private,United-States,HS-grad,40,107322,Never-married,White,0,Female,Adm-clerical,23,<=50K
0,14,Not-in-family,Private,United-States,HS-grad,50,152954,Never-married,White,0,Male,Other-service,21,>50K
0,9,Not-in-family,State-gov,United-States,HS-grad,40,247765,Never-married,White,0,Male,Craft-repair,30,<=50K
0,13,Not-in-family,Private,United-States,Assoc-voc,40,111721,Married-civ-spouse,White,0,Female,Sales,29,<=50K
0,13,Unmarried,Private,United-States,Bachelors,60,145246,Married-civ-spouse,White,0,Male,Handlers-cleaners,50,<=50K
0,11,Not-in-family,Private,United-States,Bachelors,40,178894,Never-married,White,0,Female,Other-service,24,<=50K
0,9,Husband,Federal-gov,United-States,HS-grad,40,188644,Married-civ-spouse,White,0,Male,Craft-repair,28,<=50K
0,13,Own-child,Private,United-States,Bachelors,40,191204,Never-married,White,0,Female,Transport-moving,21,<=50K
0,10,Not-in-family,Private,United-States,Some-college,40,106492,Never-married,White,0,Female,Craft-repair,33,<=50K
0,10,Husband,Private,United-States,HS-grad,40,185068,Married-civ-spouse,White,0,Male,Transport-moving,32,<=50K
0,9,Not-in-family,Private,United-States,HS-grad,50,94610,Divorced,White,0,Male,Machine-op-inspct,29,<=50K
0,9,Husband,Private,United-States,HS-grad,40,212065,Married-civ-spouse,White,0,Male,Prof-specialty,47,<=50K
0,10,Husband,Private,United-States,Some-college,44,403401,Married-civ-spouse,White,0,Male,Prof-specialty,34,>50K
0,10,Unmarried,Private,United-States,Assoc-voc,40,406036,Married-civ-spouse,White,0,Male,Prof-specialty,27,<=50K
0,9,Husband,Private,United-States,HS-grad,40,183034,Widowed,White,0,Male,Prof-specialty,36,>50K
0,9,Own-child,Private,United-States,Some-college,40,285856,Married-civ-spouse,White,0,Female,Handlers-cleaners,38,<=50K
0,9,Own-child,Private,United-States,Assoc-voc,40,121268,Never-married,White,0,Female,Adm-clerical,33,<=50K
0,13,Husband,Federal-gov,United-States,Some-college,40,101503,Never-married,White,0,Male,Transport-moving,26,>50K
0,13,Own-child,State-gov,United-States,11th,40,411595,Never-married,White,0,Male,Adm-clerical,44,>50K
0,10,Not-in-family,Private,United-States,Some-college,40,142552,Never-married,Black,0,Male,Adm-clerical,45,<=50K
0,10,Not-in-family,Private,United-States,Some-college,40,132491,Married-civ-spouse,White,0,Female,Handlers-cleaners,38,<=50K
0,10,Husband,Private,United-States,Some-college,40,167350,Never-married,White,0,Male,Sales,48,<=50K
0,9,Own-child,Private,United-States,HS-grad,40,105817,Never-married,White,0,Male,Machine-op-inspct,23,<=50K
0,13,Unmarried,Private,United-States,Some-college,40,296711,Married-civ-spouse,White,0,Male,Sales,52,<=50K
0,9,Husband,Private,United-States,HS-grad,40,183578,Married-civ-spouse,White,0,Male,Machine-op-inspct,28,<=50K
0,9,Husband,Private,United-States,HS-grad,41,246416,Married-civ-spouse,Asian-Pac-Islander,0,Male,Machine-op-inspct,32,<=50K
0,9,Husband,Private,United-States,Some-college,40,150057,Married-civ-spouse,White,0,Male,Prof-specialty,25,>50K
0,13,Unmarried,Private,United-States,HS-grad,40,257616,Married-civ-spouse,White,0,Male,Transport-moving,37,<=50K
0,10,Own-child,Private,United-States,Bachelors,40,183621,Never-married,White,0,Male,Other-service,19,<=50K
5013,14,Husband,Private,United-States,Bachelors,40,185811,Married-civ-spouse,White,0,Male,Exec-managerial,27,<=50K
0,9,Husband,Private,United-States,HS-grad,35,263590,Married-civ-spouse,White,0,Male,Craft-repair,48,<=50K
4386,10,Husband,Private,United-States,Some-college,40,113363,Married-civ-spouse,White,0,Male,Craft-repair,35,<=50K
0,10,Husband,Private,United-States,Some-college,40,176758,Married-civ-spouse,White,0,Male,Sales,55,>50K
0,9,Husband,Private,United-States,9th,40,520759,Never-married,White,0,Female,Tech-support,25,<=50K
0,6,Own-child,Private,United-States,HS-grad,40,172458,Married-civ-spouse,White,0,Female,Machine-op-inspct,48,>50K
0,9,Unmarried,Private,United-States,HS-grad,40,219404,Never-married,White,0,Male,Machine-op-inspct,38,<=50K
0,13,Husband,Private,United-States,Some-college,10,91962,Married-civ-spouse,White,0,Female,Exec-managerial,37,<=50K
0,9,Not-in-family,Private,United-States,Prof-school,40,168894,Never-married,White,0,Female,Exec-managerial,30,<=50K
0,10,Husband,Self-emp-not-inc,United-States,Some-college,40,240988,Widowed,White,0,Male,Craft-repair,53,<=50K
0,13,Husband,Private,United-States,Assoc-voc,40,230789,Married-civ-spouse,White,0,Male,Sales,18,<=50K
0,13,Unmarried,Private,United-States,Bachelors,40,166847,Married-civ-spouse,White,0,Female,Exec-managerial,39,<=50K
0,9,Unmarried,Private,United-States,HS-grad,40,261594,Divorced,White,0,Female,Sales,36,<=50K
0,9,Own-child,Private,United-States,HS-grad,55,282454,Never-married,White,0,Male,Sales,41,<=50K
0,7,Husband,Self-emp-not-inc,United-States,Bachelors,40,161322,Married-civ-spouse,White,0,Male,Exec-managerial,59,<=50K
0,10,Husband,Private,United-States,Some-college,40,104939,Married-civ-spouse,White,0,Male,Tech-support,30,<=50K
0,13,Husband,Private,United-States,HS-grad,45,130206,Never-married,White,0,Male,Other-service,53,>50K
0,9,Not-in-family,Private,United-States,HS-grad,40,252629,Never-married,White,0,Male,Exec-managerial,55,>50K
0,9,Husband,Private,United-States,HS-grad,40,363375,Married-civ-spouse,White,0,Male,Craft-repair,41,>50K
0,9,Husband,Private,United-States,HS-grad,50,169527,Married-civ-spouse,White,0,Male,Sales,41,>50K
0,9,Husband,Private,United-States,HS-grad,40,151780,Married-civ-spouse,White,0,Male,Prof-specialty,32,<=50K
0,10,Husband,Private,United-States,Prof-school,40,84420,Married-civ-spouse,White,0,Male,Sales,36,>50K
0,13,Husband,Private,United-States,HS-grad,40,297322,Married-civ-spouse,White,0,Male,Sales,37,>50K
0,10,Husband,Self-emp-not-inc,United-States,Some-college,40,283842,Married-civ-spouse,Asian-Pac-Islander,0,Male,Prof-specialty,34,<=50K
0,12,Husband,Private,United-States,Bachelors,40,74949,Never-married,White,0,Male,Sales,33,<=50K
0,9,Husband,Private,United-States,HS-grad,40,174720,Married-civ-spouse,White,0,Female,Craft-repair,37,<=50K
0,9,Husband,Private,United-States,HS-grad,40,63948,Married-civ-spouse,White,0,Male,Craft-repair,60,<=50K
0,13,Husband,Private,United-States,Some-college,40,199641,Never-married,White,0,Male,Other-service,53,>50K
0,12,Own-child,Private,United-States,Bachelors,40,92864,Never-married,White,0,Male,Prof-specialty,42,<=50K
0,9,Not-in-family,Private,United-States,Bachelors,40,160129,Never-married,White,0,Male,Sales,32,<=50K
0,13,Not-in-family,Private,United-States,Some-college,40,52316,Never-married,White,0,Male,Other-service,44,>50K
0,9,Not-in-family,Private,United-States,HS-grad,40,230440,Never-married,White,0,Male,Prof-specialty,55,>50K
0,9,Not-in-family,Private,United-States,HS-grad,45,199759,Married-civ-spouse,White,0,Male,Adm-clerical,40,>50K
0,9,Husband,Private,United-States,HS-grad,50,59948,Married-civ-spouse,Black,0,Female,Exec-managerial,22,<=50K
0,9,Husband,Self-emp-not-inc,United-States,HS-grad,40,134533,Married-civ-spouse,White,0,Female,Prof-specialty,18,<=50K
0,9,Not-in-family,Private,United-States,Bachelors,40,317438,Married-civ-spouse,Black,0,Male,Sales,22,<=50K
0,9,Husband,Private,United-States,Some-college,40,230724,Married-civ-spouse,White,0,Male,Other-service,23,<=50K
0,9,Husband,Private,United-States,HS-grad,45,187315,Married-civ-spouse,White,0,Male,Sales,35,>50K
0,9,Own-child,Private,United-States,HS-grad,40,164984,Married-civ-spouse,White,0,Male,Sales,35,<=50K
15024,13,Not-in-family,Private,United-States,Bachelors,35,103540,Never-married,Black,0,Male,Prof-specialty,32,<=50K
0,13,Not-in-family,Private,United-States,HS-grad,40,94730,Divorced,White,0,Female,Exec-managerial,41,>50K
0,11,Husband,Private,United-States,Some-college,40,211208,Married-civ-spouse,White,0,Male,Prof-specialty,66,>50K
0,11,Husband,Private,United-States,Prof-school,40,232250,Never-married,White,0,Female,Handlers-cleaners,33,<=50K
0,9,Husband,Private,United-States,Bachelors,40,177613,Never-married,White,0,Male,Prof-specialty,56,>50K
0,9,Wife,Private,United-States,Some-college,56,211221,Never-married,White,0,Male,Craft-repair,55,<=50K
0,16,Not-in-family,Private,United-States,9th,40,138724,Married-civ-spouse,White,0,Male,Craft-repair,42,<=50K
0,4,Not-in-family,Private,United-States,HS-grad,40,100506,Divorced,White,0,Male,Exec-managerial,41,<=50K
0,9,Husband,Private,United-States,Some-college,45,345969,Married-civ-spouse,White,0,Male,Sales,35,<=50K
0,13,Husband,Private,United-States,HS-grad,40,147284,Married-civ-spouse,White,0,Male,Exec-managerial,34,<=50K
0,11,Husband,Self-emp-not-inc,United-States,HS-grad,40,191324,Married-civ-spouse,White,0,Male,Farming-fishing,41,<=50K
0,10,Husband,Self-emp-not-inc,United-States,Some-college,40,49545,Married-civ-spouse,White,0,Male,Prof-specialty,53,>50K
0,13,Own-child,Self-emp-not-inc,United-States,HS-grad,20,46758,Never-married,White,0,Female,Sales,25,>50K
0,9,Husband,State-gov,United-States,Assoc-voc,40,57525,Married-civ-spouse,White,0,Female,Sales,23,<=50K
0,9,Not-in-family,Private,United-States,Bachelors,40,340614,Never-married,White,0,Female,Craft-repair,23,<=50K
0,10,Husband,Private,United-States,HS-grad,30,187313,Never-married,White,0,Male,Adm-clerical,20,<=50K
0,9,Own-child,Private,United-States,HS-grad,40,46210,Never-married,White,0,Male,Adm-clerical,35,<=50K
0,12,Husband,Private,United-States,10th,40,75760,Married-civ-spouse,White,0,Male,Handlers-cleaners,35,<=50K
0,10,Husband,Private,United-States,Assoc-voc,40,121667,Divorced,White,0,Male,Exec-managerial,44,<=50K
0,9,Wife,Private,United-States,11th,40,41506,Married-civ-spouse,White,0,Male,Exec-managerial,67,<=50K
0,9,Husband,Private,United-States,Some-college,40,177215,Married-civ-spouse,White,0,Male,Handlers-cleaners,50,<=50K
0,9,Own-child,Private,United-States,Bachelors,40,282468,Married-civ-spouse,White,0,Male,Exec-managerial,30,<=50K
0,14,Husband,Private,United-States,Some-college,40,106630,Married-civ-spouse,White,0,Female,Other-service,24,>50K
0,7,Not-in-family,Private,United-States,Bachelors,60,230474,Never-married,White,0,Male,Exec-managerial,24,>50K
0,13,Not-in-family,Private,United-States,Doctorate,40,55415,Never-married,White,0,Female,Handlers-cleaners,29,>50K
0,10,Husband,Local-gov,United-States,HS-grad,40,94882,Married-civ-spouse,White,0,Male,Prof-specialty,45,<=50K
0,11,Unmarried,Private,United-States,Assoc-acdm,40,105828,Never-married,White,0,Female,Farming-fishing,30,>50K
0,9,Not-in-family,Private,United-States,Some-college,40,193451,Never-married,White,0,Female,Exec-managerial,56,>50K
0,9,Husband,Private,United-States,HS-grad,40,100125,Married-civ-spouse,White,0,Male,Prof-specialty,56,>50K
0,14,Husband,Private,United-States,Some-college,40,249983,Widowed,White,0,Male,Adm-clerical,30,<=50K
2597,9,Husband,Private,United-States,Masters,45,61473,Never-married,White,0,Male,Sales,23,<=50K
0,13,Husband,Private,United-States,11th,40,148143,Married-civ-spouse,White,0,Male,Craft-repair,49,<=50K
0,9,Not-in-family,Private,United-States,Bachelors,40,235054,Married-civ-spouse,White,0,Female,Craft-repair,44,>50K
0,10,Unmarried,Self-emp-not-inc,United-States,Some-college,40,248890,Divorced,White,0,Male,Craft-repair,64,<=50K
0,7,Not-in-family,Private,United-States,HS-grad,40,76728,Married-civ-spouse,White,0,Male,Sales,31,<=50K
0,9,Unmarried,Private,United-States,HS-grad,40,109357,Married-civ-spouse,White,0,Male,Craft-repair,60,<=50K
0,9,Husband,Private,United-States,Some-college,40,229848,Married-civ-spouse,White,0,Male,Prof-specialty,50,>50K
0,9,Own-child,Private,United-States,Bachelors,40,203611,Married-civ-spouse,White,0,Male,Craft-repair,29,<=50K
0,10,Unmarried,Private,United-States,HS-grad,30,185556,Never-married,White,0,Female,Other-service,38,<=50K
0,14,Husband,Private,United-States,HS-grad,40,122660,Married-civ-spouse,White,0,Male,Tech-support,37,<=50K
0,9,Own-child,Private,United-States,HS-grad,40,210945,Never-married,White,0,Female,Exec-managerial,35,<=50K
0,6,Husband,Private,United-States,11th,40,103542,Married-civ-spouse,White,0,Male,Adm-clerical,32,<=50K
0,15,Husband,Private,United-States,HS-grad,40,149210,Never-married,White,0,Male,Transport-moving,59,>50K
0,13,Husband,Private,United-States,Bachelors,40,36147,Married-civ-spouse,White,0,Female,Prof-specialty,34,<=50K
0,10,Not-in-family,Private,United-States,10th,40,261606,Never-married,White,0,Female,Craft-repair,32,<=50K
0,10,Husband,Federal-gov,United-States,Masters,43,167315,Never-married,White,0,Male,Machine-op-inspct,18,<=50K
0,9,Not-in-family,Private,United-States,Some-college,40,349620,Divorced,White,0,Male,Sales,34,<=50K
0,9,Not-in-family,Private,United-States,Some-college,40,311330,Married-civ-spouse,White,0,Female,Exec-managerial,52,>50K
0,7,Own-child,Private,United-States,Bachelors,40,313729,Never-married,White,0,Male,Adm-clerical,27,<=50K
0,10,Own-child,Private,United-States,Some-college,40,133878,Divorced,White,0,Male,Sales,19,>50K
0,9,Own-child,Self-emp-not-inc,United-States,Bachelors,40,171592,Widowed,White,0,Female,Craft-repair,22,<=50K
0,9,Husband,Private,United-States,Bachelors,40,252325,Married-civ-spouse,White,0,Male,Exec-managerial,24,<=50K
0,9,Husband,Private,United-States,Bachelors,30,230229,Married-civ-spouse,White,0,Male,Exec-managerial,53,>50K
0,9,Husband,Self-emp-inc,United-States,Assoc-voc,50,177612,Married-civ-spouse,White,0,Male,Transport-moving,39,<=50K
0,6,Not-in-family,Private,United-States,HS-grad,45,91553,Divorced,White,0,Female,Adm-clerical,67,<=50K
0,10,Own-child,Private,United-States,Some-college,55,92850,Married-civ-spouse,White,0,Male,Machine-op-inspct,53,>50K
0,9,Not-in-family,Federal-gov,United-States,HS-grad,50,70716,Divorced,White,0,Male,Craft-repair,52,<=50K
0,10,Not-in-family,Private,United-States,HS-grad,50,247328,Never-married,White,0,Male,Other-service,27,<=50K
0,10,Not-in-family,Self-emp-inc,United-States,Some-college,40,23088,Married-civ-spouse,White,0,Male,Craft-repair,59,>50K
0,9,Not-in-family,Private,United-States,Bachelors,48,141468,Married-civ-spouse,White,0,Male,Other-service,30,<=50K
0,13,Not-in-family,Private,United-States,HS-grad,45,268737,Never-married,White,0,Male,Sales,36,<=50K
0,9,Husband,Private,United-States,HS-grad,40,407324,Married-civ-spouse,White,0,Male,Adm-clerical,20,<=50K
0,13,Husband,Private,United-States,Some-college,40,57830,Married-civ-spouse,White,0,Male,Craft-repair,56,>50K
0,13,Not-in-family,Private,United-States,Masters,40,95630,Never-married,White,0,Male,Other-service,29,<=50K
0,10,Husband,Private,United-States,HS-grad,40,92458,Married-civ-spouse,White,0,Male,Exec-managerial,18,<=50K
0,6,Husband,Private,United-States,7th-8th,20,101853,Married-civ-spouse,White,0,Female,Prof-specialty,30,<=50K
0,9,Husband,Private,United-States,HS-grad,40,220938,Never-married,White,1887,Female,Sales,40,>50K
0,9,Husband,Private,United-States,HS-grad,25,177953,Married-civ-spouse,White,0,Female,Exec-managerial,39,<=50K
0,10,Husband,Private,United-States,HS-grad,40,328199,Married-civ-spouse,White,0,Male,Exec-managerial,22,<=50K
0,9,Not-in-family,Private,United-States,Bachelors,40,154943,Married-civ-spouse,White,0,Male,Sales,34,<=50K
0,14,Own-child,Private,United-States,Bachelors,24,297976,Never-married,White,0,Male,Adm-clerical,27,>50K
0,10,Husband,Private,United-States,Some-college,50,165864,Married-civ-spouse,White,0,Female,Craft-repair,64,<=50K
0,9,Husband,Private,United-States,Some-college,40,384750,Married-civ-spouse,White,0,Female,Exec-managerial,27,<=50K
0,6,Husband,Private,United-States,HS-grad,40,92925,Never-married,White,0,Male,Transport-moving,23,>50K
0,9,Not-in-family,Private,United-States,HS-grad,40,131715,Divorced,Black,0,Male,Adm-clerical,50,<=50K
0,13,Not-in-family,Private,United-States,10th,40,167629,Never-married,White,0,Male,Protective-serv,32,>50K
0,15,Not-in-family,Private,United-States,Some-college,40,272287,Divorced,White,0,Female,Transport-moving,25,<=50K
0,10,Husband,Private,United-States,Bachelors,55,144934,Married-civ-spouse,White,0,Male,Craft-repair,53,<=50K
0,9,Not-in-family,Private,United-States,Some-college,35,211865,Never-married,White,0,Female,Tech-support,42,<=50K
0,9,Own-child,Private,United-States,HS-grad,40,89526,Married-civ-spouse,White,0,Male,Craft-repair,23,<=50K
0,13,Husband,Private,United-States,Masters,35,62256,Married-civ-spouse,White,0,Male,Prof-specialty,37,<=50K
0,15,Not-in-family,Private,United-States,Bachelors,40,185838,Never-married,White,0,Female,Sales,31,<=50K
0,6,Not-in-family,Private,United-States,HS-grad,16,123084,Married-civ-spouse,White,1848,Male,Craft-repair,55,<=50K
0,10,Husband,Private,Columbia,Some-college,40,43421,Married-civ-spouse,White,0,Male,Transport-moving,55,<=50K
0,9,Husband,Private,United-States,HS-grad,50,187969,Married-civ-spouse,White,0,Female,Prof-specialty,58,>50K
0,9,Other-relative,Private,United-States,Bachelors,45,214896,Married-civ-spouse,White,0,Male,Adm-clerical,57,>50K
0,7,Husband,Private,United-States,Some-college,30,121773,Married-civ-spouse,White,0,Male,Sales,35,>50K
0,10,Not-in-family,Local-gov,Italy,HS-grad,50,232660,Married-civ-spouse,White,0,Female,Farming-fishing,48,<=50K
0,9,Not-in-family,Private,United-States,Some-college,40,72761,Never-married,White,0,Male,Sales,50,<=50K
0,10,Husband,Private,United-States,Some-college,40,364616,Married-civ-spouse,White,0,Male,Craft-repair,33,>50K
0,14,Not-in-family,Private,United-States,HS-grad,35,52112,Never-married,White,0,Male,Adm-clerical,65,>50K
0,9,Husband,Private,United-States,HS-grad,40,226443,Married-civ-spouse,White,0,Female,Handlers-cleaners,43,>50K
0,9,Husband,Private,United-States,Bachelors,40,52691,Married-civ-spouse,White,0,Male,Craft-repair,38,<=50K
0,13,Not-in-family,Private,United-States,HS-grad,55,150854,Never-married,White,0,Female,Adm-clerical,40,<=50K
0,4,Own-child,Private,United-States,Some-college,40,243986,Never-married,White,0,Male,Adm-clerical,34,<=50K
0,10,Husband,Private,United-States,Some-college,40,271645,Married-civ-spouse,White,0,Male,Machine-op-inspct,36,>50K
0,10,Not-in-family,Private,United-States,Some-college,20,61343,Married-civ-spouse,White,0,Male,Handlers-cleaners,22,<=50K
0,13,Not-in-family,Private,United-States,Bachelors,45,22545,Married-civ-spouse,White,0,Male,Farming-fishing,36,>50K
0,6,Husband,Private,United-States,Some-college,40,178875,Married-civ-spouse,White,0,Male,Transport-moving,35,<=50K
0,10,Not-in-family,Private,United-States,Bachelors,40,153350,Married-civ-spouse,White,0,Male,Sales,44,<=50K
0,10,Not-in-family,Private,United-States,HS-grad,40,241149,Divorced,White,0,Male,Sales,33,<=50K
0,13,Not-in-family,Private,United-States,HS-grad,40,47907,Never-married,White,0,Male,Prof-specialty,24,>50K
0,13,Husband,Local-gov,United-States,Bachelors,60,83872,Married-civ-spouse,White,0,Male,Prof-specialty,25,<=50K
0,7,Unmarried,Private,United-States,Assoc-voc,40,395512,Married-civ-spouse,White,0,Male,Transport-moving,21,<=50K
0,13,Not-in-family,Local-gov,United-States,Some-college,40,221912,Never-married,White,0,Male,Machine-op-inspct,25,>50K
0,9,Own-child,Private,United-States,Some-college,48,101814,Married-civ-spouse,White,0,Male,Prof-specialty,39,<=50K
0,9,Husband,Private,United-States,HS-grad,35,62361,Married-civ-spouse,White,0,Male,Prof-specialty,43,<=50K
0,7,Not-in-family,Private,United-States,Some-college,40,43887,Never-married,White,0,Male,Adm-clerical,29,<=50K
0,9,Not-in-family,Private,United-States,HS-grad,40,313869,Married-civ-spouse,White,0,Male,Exec-managerial,52,<=50K
0,9,Not-in-family,Private,United-States,Some-college,48,178858,Married-civ-spouse,White,0,Male,Transport-moving,21,<=50K
0,9,Husband,Private,United-States,11th,40,97225,Never-married,White,0,Male,Adm-clerical,58,<=50K
0,9,Husband,Private,United-States,HS-grad,37,85410,Never-married,White,0,Female,Prof-specialty,46,<=50K
0,9,Husband,Self-emp-not-inc,United-States,Bachelors,30,320984,Never-married,White,0,Female,Sales,49,<=50K
0,9,Husband,Private,United-States,Some-college,40,266415,Divorced,White,0,Male,Exec-managerial,26,<=50K
0,9,Unmarried,Private,United-States,Masters,40,210295,Married-civ-spouse,White,0,Male,Exec-managerial,25,<=50K
0,11,Husband,Private,United-States,HS-grad,40,131232,Separated,Black,0,Male,Handlers-cleaners,39,>50K
0,9,Not-in-family,Private,United-States,Some-college,40,190961,Never-married,White,0,Male,Prof-specialty,28,<=50K
0,16,Husband,Private,United-States,Assoc-acdm,40,209523,Divorced,White,0,Male,Exec-managerial,33,<=50K
0,13,Not-in-family,Local-gov,United-States,Bachelors,40,160611,Divorced,White,0,Male,Sales,42,>50K
0,10,Unmarried,Private,United-States,Some-college,10,356487,Never-married,White,0,Female,Exec-managerial,41,>50K
0,9,Husband,Private,United-States,Assoc-voc,40,212557,Married-civ-spouse,White,0,Male,Prof-specialty,44,<=50K
0,13,Own-child,Private,United-States,Bachelors,40,221134,Married-civ-spouse,Asian-Pac-Islander,0,Female,Other-service,64,<=50K
0,12,Husband,Private,United-States,Some-college,40,87929,Married-civ-spouse,White,0,Male,Other-service,23,<=50K
0,7,Husband,Private,United-States,HS-grad,40,167320,Divorced,White,0,Female,Machine-op-inspct,49,>50K
0,10,Husband,Private,United-States,Some-college,40,77610,Married-civ-spouse,White,0,Male,Adm-clerical,35,<=50K
0,9,Not-in-family,Private,United-States,HS-grad,40,104948,Married-civ-spouse,White,0,Male,Prof-specialty,31,<=50K
0,15,Not-in-family,Private,United-States,HS-grad,60,73822,Never-married,White,0,Female,Sales,64,>50K
0,13,Unmarried,Self-emp-not-inc,United-States,Assoc-acdm,40,102111,Married-civ-spouse,White,0,Male,Exec-managerial,24,<=50K
0,9,Husband,Private,United-States,Bachelors,35,107801,Married-civ-spouse,Amer-Indian-Eskimo,0,Male,Sales,52,>50K
0,9,Not-in-family,Private,United-States,Bachelors,40,170845,Divorced,White,0,Female,Sales,50,<=50K
0,14,Not-in-family,Private,United-States,Some-college,40,279175,Never-married,White,0,Male,Prof-specialty,37,<=50K
0,9,Husband,Private,United-States,HS-grad,40,209423,Never-married,White,0,Male,Craft-repair,34,>50K
0,9,Husband,Private,United-States,Bachelors,20,188178,Married-civ-spouse,White,0,Female,Sales,47,<=50K
0,9,Not-in-family,Private,United-States,Assoc-voc,40,150832,Divorced,White,0,Male,Craft-repair,59,<=50K
0,11,Husband,Private,United-States,Masters,35,230728,Married-civ-spouse,White,0,Male,Adm-clerical,42,>50K
0,9,Husband,Private,United-States,10th,50,17984,Never-married,White,0,Female,Prof-specialty,24,<=50K
0,9,Not-in-family,State-gov,United-States,5th-6th,40,59815,Married-civ-spouse,White,0,Male,Other-service,18,<=50K
0,13,Husband,Private,United-States,HS-grad,40,147670,Married-civ-spouse,White,0,Male,Prof-specialty,30,<=50K
0,9,Own-child,Local-gov,United-States,Bachelors,40,288906,Never-married,White,0,Female,Craft-repair,28,>50K
0,13,Not-in-family,Private,United-States,Assoc-acdm,40,211818,Never-married,White,0,Male,Sales,52,<=50K
0,9,Husband,Private,United-States,Bachelors,60,261775,Married-civ-spouse,White,0,Male,Prof-specialty,36,<=50K
0,9,Husband,Private,United-States,Assoc-voc,40,217438,Widowed,White,0,Male,Craft-repair,26,<=50K
0,13,Husband,Private,United-States,Some-college,40,141725,Married-civ-spouse,White,0,Male,Adm-clerical,37,<=50K
0,10,Husband,Private,United-States,7th-8th,40,321166,Married-civ-spouse,White,0,Male,Craft-repair,34,<=50K
0,9,Husband,Private,United-States,Some-college,40,87835,Never-married,White,0,Male,Craft-repair,23,<=50K
0,9,Husband,Private,United-States,HS-grad,40,136472,Married-civ-spouse,White,0,Male,Prof-specialty,30,<=50K
0,9,Not-in-family,Private,United-States,HS-grad,35,178872,Never-married,White,0,Male,Exec-managerial,34,<=50K
0,9,Husband,Private,United-States,HS-grad,40,66767,Never-married,White,0,Male,Sales,34,<=50K
0,9,Own-child,Self-emp-not-inc,United-States,HS-grad,50,199067,Never-married,White,0,Male,Prof-specialty,34,<=50K
0,13,Husband,Private,United-States,Masters,40,55860,Married-civ-spouse,White,0,Male,Transport-moving,34,<=50K
0,9,Not-in-family,Private,United-States,HS-grad,60,137535,Never-married,White,0,Male,Craft-repair,38,>50K
0,9,Husband,Private,United-States,HS-grad,40,199807,Married-civ-spouse,White,0,Male,Adm-clerical,40,<=50K
0,9,Husband,Local-gov,United-States,Some-college,40,143049,Married-civ-spouse,White,0,Female,Prof-specialty,18,<=50K
0,9,Husband,Private,United-States,HS-grad,20,131738,Married-civ-spouse,White,0,Female,Craft-repair,55,<=50K
0,9,Not-in-family,Private,United-States,HS-grad,40,14083,Married-civ-spouse,White,0,Male,Tech-support,17,<=50K
0,10,Husband,Private,United-States,Bachelors,40,269433,Married-civ-spouse,White,0,Male,Transport-moving,21,<=50K
0,12,Husband,Private,United-States,HS-grad,40,209423,Married-civ-spouse,White,0,Female,Craft-repair,36,<=50K
0,9,Husband,Private,United-States,HS-grad,40,141453,Never-married,White,0,Female,Machine-op-inspct,38,<=50K
0,10,Unmarried,Private,United-States,Some-college,60,188476,Divorced,White,0,Female,Sales,34,<=50K
0,9,Husband,Private,United-States,HS-grad,50,214896,Married-civ-spouse,White,0,Male,Other-service,55,<=50K
0,9,Husband,Private,United-States,HS-grad,50,159954,Separated,White,0,Male,Sales,24,<=50K
0,9,Husband,Private,United-States,Some-college,60,120825,Married-civ-spouse,White,0,Male,Craft-repair,37,>50K
0,10,Not-in-family,Private,United-States,Some-college,40,383911,Never-married,White,0,Male,Handlers-cleaners,44,<=50K
0,9,Husband,Private,United-States,HS-grad,40,191429,Married-civ-spouse,Asian-Pac-Islander,0,Male,Craft-repair,38,<=50K
0,9,Husband,Private,United-States,HS-grad,2,187892,Married-civ-spouse,White,0,Male,Machine-op-inspct,53,<=50K
0,13,Husband,Private,Puerto-Rico,Some-college,20,99720,Married-civ-spouse,White,0,Male,Adm-clerical,28,<=50K
0,13,Husband,Private,United-States,Bachelors,40,181550,Married-civ-spouse,White,0,Male,Other-service,46,>50K
0,9,Not-in-family,Private,United-States,HS-grad,40,93525,Divorced,White,0,Male,Exec-managerial,33,>50K
0,14,Not-in-family,Private,United-States,Bachelors,40,146915,Married-civ-spouse,White,0,Male,Exec-managerial,28,<=50K
0,9,Own-child,Private,United-States,Some-college,40,292957,Never-married,Black,0,Male,Handlers-cleaners,21,<=50K
0,14,Husband,Private,United-States,HS-grad,40,131739,Married-civ-spouse,White,0,Male,Sales,45,<=50K
0,13,Husband,Private,United-States,HS-grad,40,148222,Married-civ-spouse,White,0,Female,Craft-repair,22,<=50K
0,11,Husband,Local-gov,Cuba,Some-college,40,65738,Divorced,White,0,Male,Craft-repair,35,>50K
0,9,Husband,Private,United-States,HS-grad,45,176711,Never-married,White,0,Male,Machine-op-inspct,29,<=50K
0,7,Husband,Private,United-States,Bachelors,35,74987,Married-civ-spouse,White,0,Male,Prof-specialty,38,<=50K
0,14,Husband,State-gov,United-States,Bachelors,40,78829,Married-civ-spouse,White,0,Female,Exec-managerial,39,>50K
0,9,Not-in-family,Private,United-States,HS-grad,40,206973,Married-civ-spouse,Black,0,Male,Prof-specialty,30,<=50K
0,10,Husband,Private,United-States,Assoc-voc,40,185452,Married-civ-spouse,White,0,Male,Machine-op-inspct,34,<=50K
0,13,Husband,Local-gov,United-States,Bachelors,30,131694,Married-civ-spouse,White,0,Male,Machine-op-inspct,54,>50K
0,12,Husband,Private,United-States,HS-grad,40,37894,Married-civ-spouse,White,0,Female,Other-service,49,<=50K
0,9,Not-in-family,Private,United-States,HS-grad,40,178452,Never-married,White,0,Male,Craft-repair,21,>50K
0,13,Not-in-family,Private,United-States,Some-college,40,113322,Married-civ-spouse,White,0,Male,Craft-repair,37,<=50K
0,9,Husband,Private,United-States,HS-grad,40,3261,Married-civ-spouse,White,0,Male,Transport-moving,41,<=50K
0,9,Not-in-family,Private,United-States,Some-college,40,181222,Never-married,White,0,Male,Sales,53,<=50K
0,9,Husband,Private,United-States,HS-grad,40,162335,Never-married,White,0,Male,Handlers-cleaners,24,<=50K
0,10,Husband,Private,United-States,Some-college,40,176711,Married-civ-spouse,White,0,Male,Craft-repair,35,>50K
0,11,Husband,Private,United-States,Assoc-voc,40,115842,Married-civ-spouse,White,0,Male,Other-service,46,>50K
0,13,Husband,Private,United-States,HS-grad,20,150813,Married-civ-spouse,White,0,Male,Handlers-cleaners,49,>50K
7688,9,Unmarried,Private,United-States,HS-grad,40,44726,Divorced,White,0,Male,Prof-specialty,28,<=50K
0,9,Husband,Self-emp-not-inc,United-States,HS-grad,45,166824,Divorced,White,0,Male,Craft-repair,47,<=50K
0,13,Husband,Private,United-States,HS-grad,40,137953,Married-civ-spouse,White,0,Male,Craft-repair,53,<=50K
0,13,Own-child,Private,United-States,Bachelors,40,231188,Never-married,White,0,Male,Prof-specialty,38,<=50K
0,9,Husband,Private,United-States,HS-grad,45,168854,Never-married,White,1977,Male,Exec-managerial,32,<=50K
0,11,Husband,Private,United-States,Some-college,40,246875,Married-civ-spouse,White,0,Female,Other-service,44,>50K
0,13,Not-in-family,Private,United-States,Some-college,40,145441,Never-married,White,0,Male,Prof-specialty,58,<=50K
0,10,Husband,Private,United-States,Assoc-voc,40,281129,Married-civ-spouse,White,0,Female,Tech-support,29,<=50K
0,10,Husband,Private,United-States,Bachelors,40,224860,Married-civ-spouse,White,0,Male,Prof-specialty,27,<=50K
0,10,Own-child,Private,United-States,Bachelors,40,72991,Married-civ-spouse,White,0,Male,Craft-repair,25,<=50K
0,9,Husband,Private,United-States,HS-grad,40,286825,Never-married,White,0,Male,Exec-managerial,28,>50K
0,9,Own-child,Private,United-States,Some-college,40,154572,Never-married,White,0,Male,Farming-fishing,25,<=50K
0,13,Husband,Private,United-States,Bachelors,40,95763,Married-civ-spouse,White,0,Female,Craft-repair,19,<=50K
6767,9,Husband,Private,United-States,HS-grad,40,207513,Married-civ-spouse,White,0,Male,Prof-specialty,38,<=50K
0,9,Husband,Private,United-States,HS-grad,45,84415,Married-civ-spouse,White,0,Male,Sales,29,<=50K
0,10,Not-in-family,Local-gov,United-States,Some-college,50,83704,Never-married,White,1977,Male,Prof-specialty,42,<=50K
15024,13,Not-in-family,Private,United-States,HS-grad,50,160710,Married-civ-spouse,White,0,Male,Sales,67,<=50K
0,13,Husband,Private,United-States,HS-grad,40,140792,Never-married,White,0,Male,Exec-managerial,39,<=50K
0,9,Husband,Private,United-States,HS-grad,40,114939,Married-civ-spouse,White,0,Male,Craft-repair,32,<=50K
0,9,Husband,Private,United-States,HS-grad,40,346321,Married-civ-spouse,White,0,Male,Other-service,31,>50K
0,10,Own-child,Private,United-States,Some-college,40,287589,Married-civ-spouse,White,0,Female,Machine-op-inspct,22,<=50K
0,9,Husband,Private,United-States,HS-grad,40,120122,Married-civ-spouse,White,0,Male,Transport-moving,37,<=50K
0,8,Not-in-family,Private,United-States,HS-grad,9,221144,Married-civ-spouse,White,0,Male,Sales,52,<=50K
0,9,Husband,Self-emp-not-inc,United-States,HS-grad,40,235064,Never-married,White,1902,Male,Craft-repair,42,<=50K
0,7,Husband,Private,United-States,Assoc-voc,40,247829,Married-civ-spouse,White,0,Female,Sales,48,<=50K
0,6,Not-in-family,Private,United-States,HS-grad,30,137873,Married-civ-spouse,White,0,Male,Sales,35,<=50K
0,13,Not-in-family,State-gov,United-States,Bachelors,40,204778,Never-married,White,0,Male,Other-service,44,<=50K
0,9,Husband,Private,United-States,Bachelors,40,176357,Married-civ-spouse,White,0,Male,Craft-repair,32,<=50K
0,10,Own-child,Private,United-States,Bachelors,40,319666,Never-married,White,0,Male,Farming-fishing,30,<=50K
0,10,Not-in-family,Self-emp-inc,United-States,Some-college,40,162442,Married-civ-spouse,White,0,Male,Sales,43,<=50K
0,7,Husband,Private,United-States,HS-grad,60,92892,Married-civ-spouse,White,0,Male,Sales,20,<=50K
0,9,Not-in-family,Private,United-States,HS-grad,40,87610,Married-civ-spouse,White,0,Female,Craft-repair,48,<=50K
0,10,Not-in-family,Private,United-States,Some-college,40,150614,Never-married,White,0,Male,Craft-repair,50,>50K
0,9,Husband,Private,United-States,HS-grad,40,09980,Married-civ-spouse,Black,0,Female,Sales,58,<=50K
0,13,Not-in-family,Private,United-States,10th,40,52211,Never-married,White,0,Female,Prof-specialty,39,<=50K
0,13,Unmarried,Private,United-States,HS-grad,40,43427,Divorced,Black,0,Male,Machine-op-inspct,28,>50K
0,9,Own-child,Private,United-States,HS-grad,30,273920,Married-civ-spouse,White,0,Male,Other-service,57,>50K
0,4,Husband,Private,United-States,HS-grad,40,129415,Married-civ-spouse,White,0,Male,Prof-specialty,20,<=50K
0,7,Own-child,Private,United-States,HS-grad,40,48826,Never-married,White,0,Male,Adm-clerical,22,<=50K
0,9,Unmarried,Self-emp-not-inc,United-States,HS-grad,40,137839,Never-married,White,0,Male,Prof-specialty,49,<=50K
7688,13,Own-child,Private,United-States,Some-college,40,133848,Never-married,White,0,Female,Prof-specialty,33,<=50K
0,10,Husband,Private,India,HS-grad,40,113589,Divorced,White,0,Male,Craft-repair,32,<=50K
0,9,Unmarried,Private,United-States,HS-grad,40,117210,Divorced,White,0,Male,Exec-managerial,46,<=50K
0,9,Not-in-family,Private,United-States,Bachelors,40,159470,Divorced,White,0,Male,Prof-specialty,58,>50K
0,10,Husband,Private,United-States,HS-grad,40,49020,Married-civ-spouse,White,0,Female,Other-service,24,>50K
0,9,Never-married,Private,United-States,HS-grad,40,403438,Never-married,White,0,Male,Other-service,42,<=50K
0,10,Own-child,Private,United-States,HS-grad,40,275083,Married-civ-spouse,White,0,Male,Exec-managerial,21,<=50K
0,9,Husband,Private,United-States,HS-grad,40,38819,Married-civ-spouse,White,0,Male,Adm-clerical,40,<=50K
0,9,Husband,Private,United-States,Assoc-acdm,40,246439,Married-civ-spouse,White,0,Male,Craft-repair,35,>50K
0,6,Husband,Private,United-States,Some-college,50,167311,Married-civ-spouse,White,0,Male,Prof-specialty,23,<=50K
0,9,Husband,Private,United-States,HS-grad,40,187530,Separated,White,0,Female,Other-service,45,<=50K
0,13,Husband,Private,United-States,Some-college,40,187802,Married-civ-spouse,White,0,Female,Exec-managerial,21,>50K
0,9,Unmarried,Private,United-States,HS-grad,10,57311,Never-married,White,0,Female,Other-service,28,<=50K
0,10,Own-child,Private,United-States,Some-college,40,172061,Never-married,White,0,Male,Sales,40,<=50K
0,9,Husband,Private,United-States,HS-grad,40,52215,Separated,White,0,Male,Adm-clerical,23,>50K
0,13,Not-in-family,Private,United-States,HS-grad,40,61178,Married-civ-spouse,White,0,Male,Sales,40,<=50K
0,11,Own-child,Private,United-States,Some-college,40,175854,Married-civ-spouse,White,0,Male,Exec-managerial,37,<=50K
0,10,Husband,Private,United-States,Some-college,42,139466,Married-civ-spouse,White,0,Male,Exec-managerial,21,<=50K
0,10,Not-in-family,Private,United-States,Some-college,40,205153,Married-civ-spouse,White,0,Male,Tech-support,24,>50K
0,10,Husband,Private,United-States,Some-college,40,212826,Never-married,White,0,Female,Exec-managerial,38,<=50K
0,12,Husband,Private,United-States,Bachelors,40,221020,Married-civ-spouse,White,0,Male,Craft-repair,37,<=50K
0,9,Unmarried,Local-gov,United-States,Some-college,40,53873,Married-civ-spouse,White,0,Male,Sales,41,<=50K
0,13,Unmarried,Private,United-States,HS-grad,40,101876,Married-civ-spouse,White,0,Male,Prof-specialty,41,<=50K
0,13,Husband,Private,United-States,Assoc-voc,40,183638,Never-married,White,0,Male,Adm-clerical,26,<=50K
0,9,Own-child,Private,United-States,HS-grad,40,141110,Never-married,White,0,Male,Other-service,36,<=50K
0,10,Husband,Private,United-States,HS-grad,40,142856,Married-civ-spouse,White,0,Male,Prof-specialty,43,>50K
0,9,Unmarried,Local-gov,United-States,Bachelors,40,220850,Married-civ-spouse,White,0,Male,Prof-specialty,46,<=50K
0,10,Husband,Private,United-States,HS-grad,40,187857,Married-civ-spouse,White,0,Male,Craft-repair,39,<=50K
0,13,Husband,Private,United-States,Some-college,50,48875,Never-married,White,0,Female,Sales,34,<=50K
0,9,Not-in-family,Private,United-States,HS-grad,40,147926,Married-civ-spouse,White,0,Female,Adm-clerical,33,>50K
0,11,Husband,Private,United-States,Bachelors,40,257814,Married-civ-spouse,White,0,Female,Exec-managerial,90,<=50K
0,10,Husband,Private,United-States,12th,40,387616,Married-civ-spouse,White,0,Male,Craft-repair,50,<=50K
0,13,Own-child,Private,United-States,Assoc-voc,35,178813,Divorced,White,0,Male,Craft-repair,58,<=50K
0,9,Husband,Private,United-States,Masters,40,306964,Married-civ-spouse,White,0,Male,Adm-clerical,36,<=50K
0,9,Husband,Private,United-States,HS-grad,40,170376,Married-civ-spouse,White,0,Male,Prof-specialty,28,<=50K
0,6,Own-child,Private,United-States,10th,40,183034,Married-civ-spouse,White,0,Male,Transport-moving,35,<=50K
0,10,Not-in-family,Private,United-States,Some-college,40,131587,Married-civ-spouse,White,0,Female,Transport-moving,39,<=50K
0,4,Husband,Private,United-States,HS-grad,50,157589,Married-civ-spouse,White,0,Male,Prof-specialty,24,<=50K
0,9,Husband,Private,United-States,HS-grad,40,157942,Divorced,Asian-Pac-Islander,0,Male,Prof-specialty,57,>50K
0,13,Not-in-family,Self-emp-not-inc,United-States,HS-grad,48,48520,Divorced,White,0,Female,Sales,56,<=50K
0,9,Husband,Private,United-States,HS-grad,36,49616,Married-civ-spouse,White,0,Female,Adm-clerical,44,<=50K
0,9,Own-child,Private,United-States,HS-grad,40,171626,Never-married,White,0,Female,Handlers-cleaners,51,<=50K
0,13,Husband,Private,United-States,HS-grad,50,62821,Married-civ-spouse,Asian-Pac-Islander,0,Male,Exec-managerial,31,>50K
0,10,Not-in-family,Self-emp-not-inc,United-States,Some-college,40,276218,Married-civ-spouse,White,0,Male,Craft-repair,52,<=50K
0,9,Not-in-family,Private,United-States,HS-grad,40,104509,Married-civ-spouse,White,0,Male,Craft-repair,27,<=50K
0,12,Not-in-family,Private,United-States,HS-grad,40,173938,Never-married,White,0,Male,Craft-repair,18,<=50K
0,10,Not-in-family,Private,United-States,Some-college,40,89701,Never-married,White,0,Male,Adm-clerical,38,<=50K
0,9,Not-in-family,Private,United-States,Bachelors,20,127779,Never-married,White,0,Female,Prof-specialty,32,<=50K
0,12,Not-in-family,Private,United-States,Bachelors,40,175535,Never-married,White,0,Male,Tech-support,80,>50K
0,9,Husband,Private,United-States,HS-grad,40,171248,Married-civ-spouse,White,0,Male,Prof-specialty,35,<=50K
0,9,Not-in-family,Private,United-States,HS-grad,60,190296,Married-civ-spouse,White,0,Male,Prof-specialty,23,<=50K
0,3,Not-in-family,Private,United-States,Bachelors,40,82258,Never-married,White,0,Male,Other-service,43,<=50K
0,13,Own-child,Self-emp-not-inc,United-States,Bachelors,40,329587,Married-civ-spouse,White,0,Female,Sales,28,>50K
0,9,Not-in-family,Private,United-States,HS-grad,40,230856,Married-civ-spouse,White,0,Male,Prof-specialty,24,<=50K
0,13,Never-married,Self-emp-not-inc,United-States,HS-grad,35,163954,Never-married,White,0,Male,Adm-clerical,65,<=50K
0,9,Not-in-family,Private,United-States,Assoc-voc,40,185582,Married-civ-spouse,White,0,Male,Exec-managerial,54,>50K
0,9,Husband,Private,United-States,HS-grad,40,136726,Married-civ-spouse,White,0,Male,Sales,35,<=50K
0,8,Husband,Private,United-States,HS-grad,40,349910,Married-spouse-absent,White,0,Male,Exec-managerial,31,<=50K
0,9,Not-in-family,Private,United-States,Assoc-acdm,40,56950,Never-married,White,0,Male,Craft-repair,32,>50K
0,9,Husband,Private,United-States,HS-grad,40,270218,Divorced,White,0,Male,Transport-moving,45,<=50K
0,10,Husband,Private,United-States,Some-college,40,407590,Married-civ-spouse,White,0,Male,Prof-specialty,40,<=50K
0,7,Husband,Private,United-States,Bachelors,40,172810,Married-civ-spouse,White,0,Male,Transport-moving,57,<=50K
0,10,Husband,Self-emp-not-inc,United-States,Some-college,40,104485,Married-civ-spouse,White,0,Male,Prof-specialty,38,<=50K
0,9,Wife,Private,United-States,Some-college,40,111028,Married-civ-spouse,White,0,Female,Exec-managerial,21,<=50K
0,9,Husband,Private,United-States,Bachelors,40,98892,Married-civ-spouse,White,0,Male,Craft-repair,38,>50K
0,7,Not-in-family,Self-emp-not-inc,United-States,HS-grad,40,232911,Never-married,White,0,Female,Machine-op-inspct,41,<=50K
0,7,Husband,Private,United-States,HS-grad,40,91811,Married-civ-spouse,White,0,Male,Sales,25,<=50K
0,9,Husband,Private,South,HS-grad,40,71649,Married-civ-spouse,White,0,Male,Sales,51,<=50K
0,9,Unmarried,Private,United-States,Some-college,40,76936,Married-civ-spouse,White,0,Male,Sales,29,<=50K
0,7,Not-in-family,Private,United-States,9th,50,323327,Never-married,White,0,Female,Craft-repair,90,>50K
0,9,Husband,Private,United-States,HS-grad,50,170167,Married-civ-spouse,White,0,Female,Other-service,30,<=50K
0,9,Husband,Private,United-States,Some-college,40,78890,Married-civ-spouse,Black,1848,Male,Craft-repair,57,<=50K
0,13,Not-in-family,Private,United-States,Bachelors,40,43475,Never-married,White,0,Male,Adm-clerical,22,<=50K
0,9,Not-in-family,Private,United-States,HS-grad,50,112928,Married-civ-spouse,White,0,Male,Craft-repair,33,>50K
0,9,Wife,Private,United-States,HS-grad,40,193882,Married-civ-spouse,White,0,Male,Craft-repair,21,<=50K
0,13,Other-relative,Private,United-States,11th,40,122853,Married-civ-spouse,White,0,Male,Exec-managerial,36,<=50K
0,9,Husband,Private,United-States,Some-college,40,128934,Married-civ-spouse,White,0,Male,Farming-fishing,49,<=50K
0,10,Husband,Private,United-States,Some-college,40,226616,Married-civ-spouse,White,0,Male,Prof-specialty,45,>50K
0,9,Unmarried,Local-gov,United-States,HS-grad,40,176460,Married-civ-spouse,White,0,Male,Prof-specialty,40,>50K
0,11,Husband,Private,United-States,Some-college,40,63928,Married-civ-spouse,White,0,Female,Craft-repair,31,<=50K
0,9,Husband,Private,United-States,HS-grad,30,218558,Married-civ-spouse,White,0,Male,Adm-clerical,49,<=50K
0,10,Husband,Private,United-States,Some-college,40,61674,Married-civ-spouse,White,0,Female,Adm-clerical,25,<=50K
0,15,Own-child,Private,United-States,Bachelors,40,192936,Widowed,White,0,Male,Adm-clerical,25,<=50K
0,9,Not-in-family,Private,United-States,Bachelors,40,142724,Married-civ-spouse,White,0,Male,Craft-repair,46,<=50K
0,7,Husband,Private,United-States,Assoc-voc,38,261334,Married-civ-spouse,White,0,Female,Handlers-cleaners,25,<=50K
0,9,Husband,Private,United-States,HS-grad,40,208722,Married-civ-spouse,White,0,Male,Craft-repair,39,>50K
0,10,Not-in-family,Federal-gov,United-States,Bachelors,40,102213,Married-civ-spouse,White,1977,Female,Exec-managerial,34,<=50K
0,9,Not-in-family,Private,United-States,Some-college,40,189461,Divorced,White,0,Male,Craft-repair,34,<=50K
0,9,Husband,Private,United-States,Masters,50,187964,Never-married,Black,0,Male,Machine-op-inspct,29,>50K
0,9,Not-in-family,Private,United-States,HS-grad,40,373432,Married-civ-spouse,White,0,Female,Farming-fishing,42,<=50K
0,9,Husband,Private,United-States,10th,40,137956,Married-civ-spouse,White,0,Male,Sales,49,>50K
0,9,Husband,Private,United-States,HS-grad,40,71654,Married-civ-spouse,White,0,Male,Transport-moving,67,<=50K
0,9,Own-child,Private,United-States,Bachelors,40,106715,Married-civ-spouse,White,0,Male,Exec-managerial,38,<=50K
0,9,Other-relative,Private,United-States,HS-grad,40,271112,Never-married,White,0,Male,Machine-op-inspct,33,<=50K
0,9,Own-child,Private,United-States,Bachelors,40,292678,Never-married,White,0,Male,Other-service,21,<=50K
0,9,Husband,Private,United-States,HS-grad,40,222052,Married-civ-spouse,White,0,Male,Transport-moving,31,>50K
0,10,Not-in-family,Local-gov,United-States,Masters,40,297531,Married-civ-spouse,White,1887,Male,Sales,33,>50K
0,10,Husband,Private,United-States,HS-grad,40,377798,Married-civ-spouse,White,0,Male,Craft-repair,34,<=50K
0,13,Own-child,Private,United-States,HS-grad,40,146788,Divorced,White,0,Male,Machine-op-inspct,47,<=50K
0,12,Not-in-family,Private,United-States,HS-grad,40,153450,Never-married,White,0,Female,Transport-moving,66,<=50K
0,5,Unmarried,Private,United-States,HS-grad,60,161034,Married-civ-spouse,White,0,Male,Machine-op-inspct,44,<=50K
0,10,Unmarried,Private,United-States,Some-college,40,137872,Divorced,White,0,Female,Exec-managerial,55,<=50K
0,9,Husband,Private,United-States,HS-grad,40,134613,Never-married,White,0,Male,Handlers-cleaners,29,>50K
0,10,Not-in-family,Private,United-States,Some-college,40,137867,Never-married,White,0,Male,Sales,44,>50K
0,9,Own-child,Private,United-States,Bachelors,40,214129,Never-married,White,0,Male,Transport-moving,24,>50K
0,4,Husband,Self-emp-not-inc,United-States,Bachelors,40,137728,Married-civ-spouse,White,0,Female,Handlers-cleaners,30,<=50K
0,13,Husband,Private,United-States,Masters,40,230822,Married-civ-spouse,White,0,Female,Craft-repair,35,>50K
0,13,Own-child,Private,United-States,Bachelors,40,215318,Divorced,White,1741,Male,Sales,19,<=50K
0,9,Husband,Private,United-States,Assoc-voc,40,199709,Divorced,White,0,Male,Tech-support,50,>50K
0,9,Husband,Private,United-States,HS-grad,40,369913,Married-civ-spouse,White,0,Female,Other-service,42,<=50K
0,10,Own-child,Private,United-States,Bachelors,40,119904,Never-married,White,0,Female,Exec-managerial,22,<=50K
0,6,Husband,Private,United-States,Some-college,60,201729,Never-married,White,0,Female,Prof-specialty,39,<=50K
0,10,Own-child,State-gov,United-States,Bachelors,45,111225,Married-civ-spouse,White,0,Male,Exec-managerial,34,<=50K
0,9,Husband,Private,United-States,HS-grad,40,315974,Married-civ-spouse,White,0,Male,Prof-specialty,44,<=50K
0,11,Not-in-family,Private,United-States,HS-grad,40,112930,Separated,White,0,Male,Exec-managerial,27,<=50K
0,9,Husband,Private,United-States,HS-grad,40,246891,Married-civ-spouse,White,0,Male,Exec-managerial,44,>50K
0,14,Not-in-family,Private,United-States,HS-grad,40,125874,Married-civ-spouse,White,0,Male,Sales,20,>50K
0,10,Husband,Private,United-States,Some-college,30,223087,Married-civ-spouse,White,0,Male,Machine-op-inspct,25,>50K
0,9,Own-child,Private,United-States,HS-grad,40,151588,Never-married,White,0,Female,Prof-specialty,55,<=50K
0,13,Husband,Private,United-States,Some-college,40,163867,Married-civ-spouse,White,0,Male,Adm-clerical,31,<=50K
0,14,Own-child,Private,United-States,Some-college,40,103978,Never-married,White,0,Male,Craft-repair,29,>50K
0,11,Husband,Private,United-States,HS-grad,40,184569,Married-civ-spouse,White,0,Male,Handlers-cleaners,55,<=50K
0,9,Own-child,Local-gov,United-States,HS-grad,40,132085,Married-civ-spouse,White,0,Male,Craft-repair,48,<=50K
0,9,Not-in-family,Private,United-States,Some-college,40,232925,Married-civ-spouse,Black,0,Male,Other-service,35,<=50K
0,9,Not-in-family,Private,United-States,HS-grad,40,167065,Married-civ-spouse,White,0,Female,Adm-clerical,33,<=50K
0,9,Own-child,Private,United-States,Some-college,40,188266,Married-civ-spouse,White,0,Female,Machine-op-inspct,26,<=50K
0,9,Own-child,Private,United-States,HS-grad,40,283435,Never-married,Black,0,Female,Adm-clerical,19,<=50K
0,13,Not-in-family,Private,United-States,Bachelors,40,242616,Never-married,White,0,Male,Craft-repair,39,<=50K
0,7,Husband,Private,United-States,Some-college,40,26915,Married-civ-spouse,White,0,Male,Other-service,45,<=50K
0,6,Not-in-family,Private,United-States,Some-college,42,216933,Married-civ-spouse,White,0,Female,Prof-specialty,57,<=50K
0,14,Husband,Private,United-States,HS-grad,40,139268,Married-civ-spouse,White,0,Male,Handlers-cleaners,44,>50K
0,6,Husband,Private,United-States,Some-college,48,81173,Divorced,White,0,Male,Adm-clerical,46,<=50K
0,9,Own-child,Private,United-States,10th,40,161445,Married-civ-spouse,White,0,Male,Prof-specialty,45,<=50K
0,6,Wife,Self-emp-not-inc,United-States,Bachelors,60,22178,Married-civ-spouse,White,0,Male,Craft-repair,20,>50K
0,14,Own-child,Private,United-States,Some-college,40,123429,Married-civ-spouse,White,0,Male,Other-service,19,<=50K
0,9,Husband,Private,United-States,Doctorate,40,141292,Married-civ-spouse,White,0,Male,Prof-specialty,42,<=50K
0,13,Not-in-family,Private,United-States,HS-grad,60,132034,Separated,White,0,Male,Farming-fishing,38,>50K
0,10,Not-in-family,Private,United-States,Some-college,40,43728,Married-civ-spouse,White,0,Male,Transport-moving,33,>50K
0,9,Not-in-family,Private,United-States,HS-grad,40,81492,Divorced,White,0,Male,Craft-repair,56,>50K
0,10,Husband,Local-gov,United-States,Assoc-acdm,40,281556,Married-civ-spouse,White,0,Male,Exec-managerial,39,<=50K
0,9,Husband,Private,United-States,HS-grad,40,121567,Married-civ-spouse,White,0,Male,Exec-managerial,39,<=50K
0,13,Own-child,Private,United-States,Assoc-voc,40,9088,Married-civ-spouse,White,0,Male,Craft-repair,42,<=50K
0,13,Husband,Private,United-States,Bachelors,80,144939,Never-married,White,0,Male,Craft-repair,54,<=50K
0,12,Husband,Private,United-States,Assoc-voc,40,279661,Never-married,White,0,Male,Adm-clerical,22,>50K
0,9,Husband,Private,United-States,Prof-school,40,202878,Married-civ-spouse,White,0,Female,Prof-specialty,35,<=50K
0,12,Husband,Private,United-States,Some-college,40,70261,Married-civ-spouse,White,0,Male,Other-service,33,<=50K
0,9,Husband,Self-emp-not-inc,United-States,HS-grad,50,74706,Married-civ-spouse,White,0,Female,Exec-managerial,41,<=50K
0,13,Husband,Private,United-States,Assoc-acdm,40,144084,Married-civ-spouse,White,0,Male,Transport-moving,35,>50K
0,7,Not-in-family,Private,United-States,HS-grad,40,152701,Married-civ-spouse,White,0,Female,Craft-repair,32,<=50K
0,9,Husband,Private,United-States,HS-grad,40,82956,Never-married,White,0,Male,Machine-op-inspct,28,>50K
0,7,Husband,Private,United-States,Some-college,40,218612,Married-civ-spouse,White,0,Male,Tech-support,32,<=50K
0,10,Not-in-family,Private,United-States,Bachelors,40,40165,Never-married,White,0,Male,Sales,46,>50K
0,10,Husband,Private,United-States,HS-grad,40,62761,Never-married,White,0,Male,Exec-managerial,24,<=50K
0,9,Not-in-family,Private,United-States,Some-college,40,270079,Divorced,White,0,Female,Prof-specialty,33,>50K
0,9,Not-in-family,Private,United-States,HS-grad,40,278885,Married-civ-spouse,White,0,Male,Prof-specialty,29,<=50K
0,9,Husband,Private,United-States,HS-grad,45,3262,Never-married,White,0,Male,Other-service,77,<=50K
0,10,Not-in-family,Private,United-States,Some-college,40,87629,Married-civ-spouse,White,0,Female,Adm-clerical,39,>50K
0,9,Not-in-family,Private,United-States,Assoc-acdm,40,230850,Married-civ-spouse,White,0,Male,Handlers-cleaners,50,<=50K
0,9,Husband,Private,United-States,Bachelors,50,04945,Divorced,White,0,Male,Transport-moving,38,<=50K
0,9,Husband,Private,United-States,HS-grad,40,06828,Married-civ-spouse,White,0,Female,Sales,56,<=50K
0,9,Husband,Private,United-States,HS-grad,40,136521,Never-married,White,0,Female,Sales,34,<=50K
0,9,Not-in-family,Private,United-States,HS-grad,40,258867,Never-married,White,0,Female,Tech-support,28,<=50K
0,13,Husband,Private,United-States,12th,40,101644,Never-married,White,0,Male,Other-service,19,>50K
0,9,Husband,Private,United-States,HS-grad,40,150939,Married-civ-spouse,White,0,Male,Exec-managerial,31,>50K
0,9,Own-child,Private,United-States,HS-grad,40,245548,Married-civ-spouse,Black,0,Male,Adm-clerical,40,>50K
0,9,Not-in-family,Private,United-States,HS-grad,40,234492,Never-married,White,0,Female,Transport-moving,35,<=50K
0,13,Husband,Private,United-States,HS-grad,40,160815,Married-civ-spouse,White,0,Female,Craft-repair,32,<=50K
0,10,Husband,Private,United-States,Some-college,30,113968,Never-married,White,0,Male,Craft-repair,31,>50K
0,10,Own-child,Private,United-States,Some-college,40,126494,Married-civ-spouse,White,0,Male,Handlers-cleaners,27,<=50K
0,9,Husband,Private,United-States,Masters,40,155362,Married-civ-spouse,White,0,Female,Machine-op-inspct,28,<=50K
0,10,Husband,Self-emp-inc,United-States,Some-college,30,134967,Married-civ-spouse,White,0,Male,Craft-repair,45,<=50K
0,13,Husband,Private,United-States,HS-grad,40,435638,Married-civ-spouse,White,0,Male,Sales,60,<=50K
0,10,Husband,Private,United-States,Some-college,40,208358,Married-civ-spouse,White,0,Female,Other-service,49,<=50K
0,9,Husband,Private,United-States,HS-grad,60,165107,Married-civ-spouse,White,0,Male,Exec-managerial,34,<=50K
0,9,Husband,Private,United-States,1st-4th,40,308945,Never-married,White,0,Male,Other-service,28,>50K
0,9,Not-in-family,Private,United-States,HS-grad,40,71592,Never-married,White,0,Female,Transport-moving,51,<=50K
0,13,Husband,Private,United-States,HS-grad,40,256072,Married-civ-spouse,White,0,Male,Other-service,38,<=50K
0,9,Not-in-family,Private,United-States,Masters,80,185615,Married-civ-spouse,White,0,Male,Machine-op-inspct,36,>50K
0,9,Unmarried,Private,United-States,HS-grad,40,247328,Married-civ-spouse,White,0,Male,Craft-repair,37,>50K
0,10,Not-in-family,Private,United-States,Bachelors,55,17985,Never-married,White,0,Female,Sales,43,<=50K
0,10,Husband,Private,United-States,HS-grad,40,382560,Never-married,Black,0,Male,Other-service,24,>50K
0,10,Husband,Private,United-States,Assoc-voc,40,153542,Married-civ-spouse,White,0,Male,Adm-clerical,31,<=50K
0,9,Husband,Private,United-States,HS-grad,40,73887,Divorced,White,0,Male,Machine-op-inspct,25,<=50K
0,9,Husband,Private,United-States,HS-grad,35,72491,Divorced,White,0,Female,Prof-specialty,42,<=50K
0,10,Husband,Private,United-States,Some-college,40,23778,Married-civ-spouse,White,0,Female,Transport-moving,53,>50K
0,9,Husband,Private,United-States,Some-college,35,176445,Divorced,White,0,Male,Craft-repair,45,>50K
0,10,Not-in-family,Private,United-States,Some-college,60,240114,Married-civ-spouse,White,0,Male,Handlers-cleaners,39,<=50K
0,9,Husband,Local-gov,United-States,Some-college,40,133872,Never-married,White,0,Male,Sales,46,<=50K
0,10,Unmarried,Private,United-States,Some-college,38,110794,Never-married,White,0,Male,Protective-serv,22,<=50K
0,11,Husband,Private,United-States,HS-grad,35,187994,Never-married,White,0,Male,Exec-managerial,25,<=50K
0,9,Husband,Private,United-States,HS-grad,40,92894,Divorced,White,0,Male,Exec-managerial,26,<=50K
0,9,Husband,Private,United-States,HS-grad,40,87630,Married-civ-spouse,White,0,Male,Craft-repair,25,<=50K
0,10,Not-in-family,Private,United-States,Doctorate,40,173868,Never-married,White,0,Male,Craft-repair,41,<=50K
0,10,Husband,Private,United-States,Some-college,60,257956,Never-married,White,0,Male,Sales,44,<=50K
0,13,Husband,Private,United-States,Some-college,40,72150,Married-civ-spouse,White,0,Male,Other-service,38,<=50K
0,10,Other-relative,Private,United-States,Some-college,20,142756,Married-civ-spouse,White,0,Male,Craft-repair,43,>50K
0,7,Husband,Private,United-States,Bachelors,40,139730,Married-civ-spouse,Black,0,Female,Exec-managerial,34,>50K
0,9,Not-in-family,Private,United-States,HS-grad,40,81494,Married-civ-spouse,White,0,Male,Craft-repair,24,<=50K
0,9,Unmarried,Private,United-States,HS-grad,40,141542,Never-married,White,0,Male,Prof-specialty,22,<=50K
0,9,Not-in-family,Private,United-States,Bachelors,40,66473,Never-married,White,0,Female,Sales,45,<=50K
0,10,Husband,Private,United-States,Some-college,35,173836,Never-married,White,0,Male,Sales,44,<=50K
0,9,Husband,Private,United-States,HS-grad,40,132550,Married-civ-spouse,White,0,Male,Machine-op-inspct,31,<=50K
0,9,Husband,Private,United-States,HS-grad,40,197782,Married-civ-spouse,White,0,Male,Sales,33,<=50K
0,9,Unmarried,Private,United-States,Some-college,40,190115,Divorced,White,0,Male,Other-service,24,<=50K
0,9,Not-in-family,Self-emp-inc,United-States,Assoc-acdm,40,262053,Married-civ-spouse,White,0,Male,Craft-repair,18,>50K
0,10,Not-in-family,Private,United-States,Some-college,20,244495,Divorced,White,0,Male,Farming-fishing,24,<=50K
0,9,Wife,Private,United-States,HS-grad,60,47875,Married-civ-spouse,Amer-Indian-Eskimo,0,Male,Prof-specialty,57,<=50K
0,4,Unmarried,Private,United-States,Some-college,40,54342,Married-civ-spouse,White,0,Male,Sales,40,>50K
0,10,Husband,Private,United-States,Assoc-acdm,40,89648,Married-civ-spouse,White,0,Male,Craft-repair,36,<=50K
0,9,Not-in-family,Private,United-States,10th,48,306587,Never-married,White,0,Male,Exec-managerial,42,<=50K
0,13,Not-in-family,Private,United-States,HS-grad,40,1194366,Never-married,White,0,Male,Exec-managerial,39,<=50K
0,9,Not-in-family,Private,United-States,10th,50,92463,Never-married,White,0,Male,Prof-specialty,36,<=50K
0,13,Husband,Private,United-States,Bachelors,40,315804,Married-civ-spouse,White,0,Male,Craft-repair,24,<=50K
0,6,Wife,Private,United-States,10th,20,104878,Married-civ-spouse,White,0,Male,Craft-repair,30,<=50K
0,9,Husband,Private,United-States,Some-college,40,226443,Never-married,White,0,Male,Other-service,49,<=50K
0,11,Husband,Private,United-States,Some-college,40,179533,Married-civ-spouse,White,0,Female,Sales,46,>50K
0,10,Husband,Private,United-States,Bachelors,40,202639,Separated,White,0,Male,Transport-moving,34,>50K
0,10,Own-child,Private,United-States,HS-grad,40,131078,Married-civ-spouse,White,0,Male,Craft-repair,35,>50K
0,10,Not-in-family,Private,United-States,Some-college,40,144524,Divorced,White,0,Female,Prof-specialty,56,<=50K
0,11,Not-in-family,Private,United-States,Bachelors,40,185865,Never-married,White,0,Male,Craft-repair,38,<=50K
0,10,Husband,Private,United-States,Some-college,40,179212,Married-civ-spouse,White,0,Male,Craft-repair,39,<=50K
0,11,Husband,Private,United-States,Bachelors,40,139775,Never-married,White,0,Male,Adm-clerical,59,<=50K
0,9,Husband,State-gov,United-States,Some-college,40,151141,Married-civ-spouse,White,0,Male,Machine-op-inspct,36,<=50K
0,10,Not-in-family,Private,United-States,Some-college,40,205931,Married-civ-spouse,White,0,Male,Prof-specialty,35,<=50K
0,10,Unmarried,Local-gov,United-States,HS-grad,20,217961,Never-married,White,0,Female,Exec-managerial,43,<=50K
0,9,Husband,Private,United-States,Assoc-voc,40,220612,Never-married,White,0,Male,Prof-specialty,39,<=50K
0,9,Husband,Private,United-States,HS-grad,40,44121,Married-civ-spouse,White,0,Male,Handlers-cleaners,47,<=50K
0,6,Not-in-family,Private,United-States,Masters,40,274945,Married-civ-spouse,White,0,Female,Transport-moving,40,<=50K
0,10,Own-child,State-gov,United-States,HS-grad,40,160715,Married-civ-spouse,White,0,Male,Exec-managerial,40,<=50K
0,9,Not-in-family,Private,United-States,14th,40,165418,Never-married,White,0,Male,Sales,71,<=50K
0,9,Not-in-family,Private,United-States,Doctorate,40,256026,Married-civ-spouse,White,0,Male,Sales,49,<=50K
0,13,Husband,Private,United-States,Bachelors,40,285826,Married-civ-spouse,White,0,Male,Sales,19,>50K
0,13,Not-in-family,Private,United-States,Bachelors,40,218551,Divorced,White,0,Male,Farming-fishing,28,<=50K
0,7,Husband,Private,United-States,Some-college,40,177528,Never-married,White,0,Male,Handlers-cleaners,38,<=50K
0,9,Own-child,Private,United-States,HS-grad,40,324888,Never-married,White,0,Female,Adm-clerical,32,<=50K
0,13,Husband,Private,United-States,Bachelors,40,161577,Married-civ-spouse,White,0,Male,Craft-repair,44,<=50K
0,9,Husband,Private,United-States,Assoc-acdm,45,123092,Married-civ-spouse,White,0,Female,Machine-op-inspct,46,>50K
0,13,Not-in-family,Private,Mexico,Bachelors,40,207310,Divorced,White,0,Female,Exec-managerial,40,<=50K
0,10,Husband,Private,United-States,Some-college,40,88638,Never-married,White,0,Male,Handlers-cleaners,41,<=50K
0,13,Husband,Private,United-States,9th,40,150829,Divorced,White,0,Male,Handlers-cleaners,55,<=50K
0,13,Husband,Private,United-States,Bachelors,25,274222,Married-civ-spouse,White,0,Male,Exec-managerial,22,<=50K
0,10,Not-in-family,Private,United-States,Some-college,40,150635,Divorced,White,0,Male,Other-service,23,>50K
0,13,Not-in-family,Private,United-States,Some-college,90,106950,Married-civ-spouse,White,0,Male,Craft-repair,48,>50K
0,13,Not-in-family,Private,United-States,Prof-school,30,174524,Never-married,White,0,Male,Sales,20,<=50K
0,11,Husband,Private,United-States,Some-college,40,177578,Married-civ-spouse,White,0,Male,Prof-specialty,40,<=50K
0,9,Unmarried,Private,United-States,Bachelors,40,148995,Never-married,White,0,Male,Craft-repair,35,<=50K
0,13,Husband,Private,United-States,Some-college,40,137934,Married-civ-spouse,White,0,Female,Handlers-cleaners,49,<=50K
0,13,Husband,Private,United-States,Bachelors,40,66887,Married-civ-spouse,White,0,Male,Exec-managerial,47,<=50K
0,9,Husband,Private,United-States,HS-grad,40,123977,Never-married,White,0,Male,Prof-specialty,52,>50K
0,10,Unmarried,Private,United-States,Some-college,40,185743,Married-civ-spouse,White,0,Male,Craft-repair,40,>50K
0,6,Husband,Private,United-States,HS-grad,40,189664,Married-civ-spouse,White,0,Male,Other-service,44,<=50K
0,9,Own-child,Self-emp-not-inc,United-States,Some-college,45,149528,Never-married,White,0,Male,Craft-repair,31,>50K
0,10,Wife,Private,United-States,HS-grad,40,126745,Never-married,White,0,Female,Craft-repair,62,<=50K
0,6,Husband,Private,United-States,Some-college,40,87830,Married-civ-spouse,White,0,Male,Craft-repair,56,<=50K
0,13,Husband,Private,United-States,Bachelors,40,266464,Married-civ-spouse,White,0,Male,Handlers-cleaners,52,<=50K
0,9,Husband,Private,United-States,Bachelors,40,163110,Married-civ-spouse,White,0,Female,Craft-repair,28,<=50K
0,5,Unmarried,Private,United-States,HS-grad,35,131738,Married-spouse-absent,White,0,Male,Sales,36,<=50K
0,9,Not-in-family,Private,United-States,Assoc-acdm,35,54342,Married-civ-spouse,White,0,Male,Machine-op-inspct,21,<=50K
0,9,Own-child,Private,United-States,HS-grad,40,288083,Married-civ-spouse,White,0,Male,Craft-repair,35,<=50K
0,10,Husband,Private,United-States,Bachelors,40,131354,Married-civ-spouse,White,0,Male,Transport-moving,37,<=50K
0,9,Not-in-family,Private,United-States,HS-grad,40,177630,Married-civ-spouse,White,0,Male,Handlers-cleaners,53,<=50K
0,12,Not-in-family,Private,United-States,HS-grad,40,102852,Married-civ-spouse,White,0,Male,Craft-repair,68,<=50K
0,9,Husband,Private,United-States,HS-grad,40,131290,Married-civ-spouse,White,0,Male,Exec-managerial,38,<=50K
0,9,Husband,Private,United-States,Assoc-acdm,45,133456,Married-civ-spouse,White,0,Female,Exec-managerial,38,<=50K
0,6,Husband,Private,United-States,Some-college,20,108768,Married-civ-spouse,White,0,Male,Prof-specialty,24,<=50K
0,10,Not-in-family,Private,United-States,Some-college,40,185830,Never-married,White,0,Female,Adm-clerical,27,<=50K
0,9,Not-in-family,Private,United-States,Some-college,20,128378,Never-married,White,0,Female,Other-service,27,<=50K
0,9,Husband,Private,United-States,Assoc-acdm,40,29081,Married-civ-spouse,White,0,Female,Machine-op-inspct,51,<=50K
0,14,Not-in-family,Private,United-States,Masters,40,09915,Married-civ-spouse,White,0,Male,Exec-managerial,39,<=50K
0,9,Not-in-family,Federal-gov,United-States,Bachelors,40,63921,Never-married,White,0,Female,Adm-clerical,65,<=50K
0,13,Husband,Private,United-States,Bachelors,30,179991,Never-married,White,0,Male,Prof-specialty,41,<=50K
0,10,Own-child,Private,United-States,Some-college,40,289991,Married-civ-spouse,White,0,Male,Handlers-cleaners,26,<=50K
0,12,Husband,Private,United-States,HS-grad,40,305069,Married-civ-spouse,White,0,Male,Prof-specialty,27,<=50K
0,9,Husband,Private,United-States,HS-grad,40,171026,Never-married,White,0,Female,Prof-specialty,55,<=50K
0,10,Not-in-family,Private,United-States,Some-college,40,111572,Never-married,White,0,Female,Machine-op-inspct,29,<=50K
0,9,Husband,Private,United-States,HS-grad,40,141253,Married-civ-spouse,White,0,Male,Craft-repair,39,>50K
0,9,Not-in-family,Private,United-States,HS-grad,45,291453,Married-civ-spouse,White,0,Male,Prof-specialty,17,<=50K
0,9,Husband,Private,United-States,HS-grad,40,298860,Married-civ-spouse,White,0,Male,Sales,33,>50K
0,14,Unmarried,Private,Canada,Bachelors,55,165050,Married-civ-spouse,White,0,Male,Transport-moving,53,<=50K
0,13,Husband,Private,United-States,Bachelors,40,177616,Never-married,White,0,Male,Exec-managerial,32,<=50K
0,9,Husband,Private,United-States,HS-grad,40,277256,Divorced,White,0,Male,Sales,64,<=50K
0,10,Not-in-family,Private,United-States,Bachelors,40,132376,Married-civ-spouse,White,0,Male,Adm-clerical,65,<=50K
0,5,Husband,Private,United-States,HS-grad,50,277256,Married-civ-spouse,White,0,Male,Adm-clerical,59,<=50K
0,16,Husband,Private,United-States,Bachelors,30,162187,Married-civ-spouse,White,0,Female,Prof-specialty,48,<=50K
0,9,Husband,Private,United-States,Some-college,40,171150,Married-civ-spouse,White,0,Male,Craft-repair,50,<=50K
0,10,Husband,Private,United-States,10th,15,165534,Never-married,White,0,Female,Craft-repair,18,>50K
0,9,Not-in-family,Private,United-States,HS-grad,35,167428,Married-civ-spouse,White,0,Male,Craft-repair,25,<=50K
0,9,Husband,Private,United-States,Assoc-acdm,40,231434,Never-married,White,0,Male,Prof-specialty,36,>50K
0,11,Husband,Private,United-States,Bachelors,40,146243,Married-civ-spouse,White,0,Male,Sales,55,<=50K
0,9,Husband,Private,United-States,HS-grad,55,187421,Married-civ-spouse,White,0,Male,Other-service,25,<=50K
0,9,Husband,Self-emp-inc,United-States,HS-grad,40,190139,Married-civ-spouse,White,0,Male,Adm-clerical,35,<=50K
0,10,Husband,Private,United-States,Some-college,45,51475,Never-married,White,0,Male,Prof-specialty,26,<=50K
0,9,Husband,Private,United-States,HS-grad,45,278545,Married-civ-spouse,White,0,Female,Prof-specialty,51,>50K
0,9,Husband,Private,United-States,HS-grad,40,66892,Never-married,White,0,Female,Craft-repair,38,<=50K
0,10,Husband,Private,United-States,Assoc-voc,60,178964,Married-civ-spouse,White,0,Male,Other-service,46,>50K
0,9,Husband,Private,United-States,Bachelors,40,154573,Married-civ-spouse,White,0,Female,Sales,26,<=50K
0,13,Own-child,Self-emp-inc,United-States,10th,50,108892,Never-married,White,0,Male,Adm-clerical,22,<=50K
0,13,Husband,Private,United-States,10th,12,305534,Divorced,White,0,Male,Exec-managerial,38,<=50K
0,9,Husband,Self-emp-not-inc,United-States,HS-grad,40,189460,Never-married,White,0,Male,Craft-repair,24,<=50K
0,13,Unmarried,Private,United-States,Bachelors,40,167482,Married-civ-spouse,White,0,Male,Sales,52,>50K
0,9,Not-in-family,Private,United-States,HS-grad,40,73926,Married-civ-spouse,White,0,Male,Other-service,41,>50K
2174,9,Not-in-family,Self-emp-inc,United-States,HS-grad,60,22569,Never-married,White,0,Female,Exec-managerial,22,<=50K
0,14,Not-in-family,Private,United-States,Assoc-voc,35,23778,Never-married,White,0,Female,Exec-managerial,26,<=50K
0,11,Husband,Private,United-States,10th,99,117842,Married-civ-spouse,White,0,Female,Sales,24,<=50K
0,7,Husband,Local-gov,United-States,Bachelors,40,148709,Married-civ-spouse,White,0,Male,Transport-moving,54,<=50K
0,10,Not-in-family,Private,United-States,10th,40,92910,Never-married,White,0,Female,Prof-specialty,29,<=50K
0,4,Own-child,Private,United-States,HS-grad,50,91711,Married-civ-spouse,White,0,Female,Exec-managerial,28,>50K
0,10,Unmarried,Private,United-States,Assoc-voc,50,168850,Married-civ-spouse,Asian-Pac-Islander,0,Female,Sales,36,<=50K
0,13,Not-in-family,Private,United-States,Bachelors,35,150759,Married-civ-spouse,White,0,Female,Adm-clerical,29,<=50K
0,10,Husband,Private,United-States,Some-college,40,62978,Married-civ-spouse,White,0,Male,Other-service,56,<=50K
0,11,Husband,Private,United-States,Bachelors,60,192945,Married-civ-spouse,White,0,Male,Craft-repair,40,<=50K
0,13,Husband,Private,United-States,HS-grad,36,137630,Never-married,White,0,Male,Exec-managerial,23,<=50K
0,10,Not-in-family,Private,United-States,Some-college,30,189211,Never-married,White,0,Male,Prof-specialty,36,<=50K
0,9,Unmarried,Private,United-States,Some-college,40,289605,Never-married,White,0,Male,Adm-clerical,46,<=50K
0,8,Husband,Private,United-States,HS-grad,40,205828,Married-civ-spouse,Black,1902,Male,Handlers-cleaners,18,<=50K
0,6,Not-in-family,Private,United-States,HS-grad,50,126745,Never-married,White,0,Male,Sales,45,>50K
0,9,Husband,Private,United-States,Some-college,50,236136,Married-civ-spouse,White,0,Male,Sales,37,<=50K
0,13,Husband,Local-gov,United-States,Some-college,40,181820,Married-civ-spouse,White,0,Male,Adm-clerical,36,<=50K
0,11,Not-in-family,Private,United-States,HS-grad,55,212620,Never-married,White,0,Female,Handlers-cleaners,44,<=50K
0,9,Husband,Private,United-States,10th,40,370548,Never-married,White,0,Male,Craft-repair,35,<=50K
0,7,Wife,State-gov,United-States,Bachelors,40,323616,Married-civ-spouse,White,0,Male,Exec-managerial,46,<=50K
0,10,Husband,Private,United-States,Some-college,40,167457,Married-civ-spouse,Amer-Indian-Eskimo,0,Male,Prof-specialty,30,<=50K
0,13,Not-in-family,Private,United-States,Bachelors,40,238868,Married-civ-spouse,White,0,Female,Craft-repair,32,<=50K
0,13,Husband,Self-emp-not-inc,United-States,Bachelors,20,89040,Married-civ-spouse,White,0,Female,Prof-specialty,18,<=50K
0,10,Own-child,Private,United-States,Bachelors,40,171751,Divorced,White,0,Male,Adm-clerical,34,>50K
0,9,Own-child,Private,United-States,Bachelors,40,67001,Married-civ-spouse,White,0,Male,Exec-managerial,38,>50K
0,13,Husband,Private,United-States,Bachelors,40,174515,Married-civ-spouse,White,0,Male,Craft-repair,36,>50K
0,13,Husband,Private,United-States,HS-grad,40,167357,Married-civ-spouse,White,0,Male,Machine-op-inspct,55,>50K
0,9,Not-in-family,Self-emp-inc,United-States,Bachelors,40,118906,Never-married,Black,0,Female,Machine-op-inspct,31,<=50K
0,10,Not-in-family,Private,United-States,Bachelors,40,154976,Never-married,White,0,Male,Prof-specialty,21,>50K
0,10,Not-in-family,Self-emp-not-inc,United-States,Assoc-acdm,40,202275,Never-married,White,0,Male,Other-service,50,>50K
0,13,Husband,Private,United-States,Assoc-acdm,60,96076,Married-civ-spouse,White,0,Male,Machine-op-inspct,29,<=50K
0,9,Not-in-family,Private,United-States,Bachelors,50,29083,Married-civ-spouse,White,0,Female,Prof-specialty,30,>50K
0,9,Husband,Private,United-States,HS-grad,40,279068,Never-married,Black,0,Male,Adm-clerical,38,>50K
0,10,Not-in-family,Private,United-States,Some-college,45,41374,Married-civ-spouse,White,0,Male,Other-service,40,>50K
0,9,Not-in-family,Private,United-States,Some-college,50,131274,Never-married,White,0,Male,Exec-managerial,19,<=50K
0,10,Not-in-family,Private,United-States,Some-college,40,127316,Married-civ-spouse,White,0,Female,Prof-specialty,37,>50K
0,10,Husband,Private,United-States,Bachelors,40,167525,Never-married,White,0,Female,Exec-managerial,22,>50K
0,10,Husband,Private,United-States,Bachelors,40,226947,Married-civ-spouse,White,0,Male,Prof-specialty,41,<=50K
0,9,Husband,Private,United-States,Assoc-voc,40,315623,Married-civ-spouse,White,0,Male,Farming-fishing,31,>50K
0,9,Own-child,Private,United-States,Assoc-voc,38,216734,Never-married,White,0,Female,Transport-moving,39,<=50K
0,10,Husband,Private,United-States,Some-college,40,134434,Married-civ-spouse,White,0,Male,Adm-clerical,40,<=50K
0,10,Unmarried,Private,United-States,Some-college,40,131150,Married-civ-spouse,White,0,Male,Prof-specialty,24,<=50K
0,9,Husband,Private,United-States,HS-grad,60,197492,Divorced,White,0,Male,Prof-specialty,46,<=50K
0,9,Not-in-family,Private,United-States,HS-grad,40,207513,Married-civ-spouse,Black,0,Male,Exec-managerial,39,>50K
0,9,Not-in-family,Private,United-States,HS-grad,35,131087,Divorced,White,0,Female,Craft-repair,38,<=50K
0,9,Not-in-family,Self-emp-not-inc,United-States,Some-college,35,47610,Married-civ-spouse,White,0,Female,Adm-clerical,40,<=50K
0,13,Husband,Private,United-States,HS-grad,40,187577,Married-civ-spouse,White,0,Male,Machine-op-inspct,51,<=50K
0,9,Not-in-family,Self-emp-not-inc,United-States,Some-college,40,252889,Never-married,White,0,Male,Machine-op-inspct,56,>50K
0,9,Husband,Private,United-States,HS-grad,40,78938,Married-civ-spouse,White,0,Male,Exec-managerial,41,<=50K
0,15,Husband,Private,United-States,Bachelors,45,33886,Married-civ-spouse,White,0,Male,Prof-specialty,48,<=50K
0,13,Husband,Private,United-States,11th,4,140956,Married-civ-spouse,White,0,Female,Machine-op-inspct,29,<=50K
0,7,Not-in-family,Private,United-States,HS-grad,40,87778,Married-civ-spouse,White,0,Male,Transport-moving,38,<=50K
0,13,Husband,Private,United-States,Bachelors,40,187885,Married-civ-spouse,White,0,Female,Machine-op-inspct,40,<=50K
0,13,Husband,Private,United-States,HS-grad,50,292897,Married-civ-spouse,White,0,Male,Sales,81,<=50K
0,9,Husband,Private,United-States,HS-grad,40,193853,Married-civ-spouse,White,0,Male,Craft-repair,24,<=50K
0,11,Not-in-family,Private,United-States,Masters,60,248526,Divorced,White,0,Male,Adm-clerical,27,<=50K
0,13,Unmarried,Private,United-States,Assoc-voc,40,143028,Divorced,White,0,Male,Exec-managerial,23,<=50K
0,13,Unmarried,Self-emp-not-inc,United-States,Assoc-acdm,40,248875,Married-civ-spouse,White,0,Female,Craft-repair,30,<=50K
0,10,Husband,Private,United-States,Assoc-voc,40,183520,Married-civ-spouse,White,0,Male,Sales,28,<=50K
0,10,Not-in-family,Local-gov,United-States,Some-college,40,165542,Divorced,White,0,Male,Other-service,25,>50K
0,9,Husband,Private,United-States,HS-grad,40,75722,Married-civ-spouse,White,0,Male,Machine-op-inspct,51,>50K
0,10,Own-child,Private,United-States,Some-college,40,91959,Married-civ-spouse,White,0,Male,Craft-repair,44,<=50K
0,13,Not-in-family,Private,United-States,Some-college,45,142410,Never-married,White,0,Male,Exec-managerial,30,>50K
0,9,Husband,Private,United-States,Some-college,40,173947,Married-civ-spouse,White,0,Male,Craft-repair,38,<=50K
0,4,Not-in-family,Private,United-States,HS-grad,40,194537,Married-civ-spouse,White,0,Male,Machine-op-inspct,55,<=50K
0,9,Own-child,Private,United-States,Bachelors,37,83426,Divorced,White,0,Male,Sales,61,>50K
0,9,Not-in-family,Private,United-States,Bachelors,7,135873,Never-married,White,0,Female,Sales,18,<=50K
0,9,Husband,Private,United-States,10th,40,97324,Never-married,White,0,Male,Craft-repair,29,<=50K
3325,10,Husband,Private,United-States,Some-college,40,110794,Married-civ-spouse,White,0,Male,Prof-specialty,44,<=50K
0,9,Husband,Private,United-States,Assoc-voc,40,218678,Married-civ-spouse,White,0,Male,Handlers-cleaners,41,<=50K
99999,10,Unmarried,Private,United-States,Some-college,40,164190,Never-married,White,0,Female,Prof-specialty,54,>50K
0,9,Husband,Private,United-States,HS-grad,45,131329,Married-civ-spouse,White,0,Female,Craft-repair,58,<=50K
0,10,Husband,Private,United-States,Masters,40,17074,Married-civ-spouse,White,0,Male,Transport-moving,27,<=50K
0,10,Husband,Private,United-States,Some-college,40,163847,Married-civ-spouse,White,1672,Female,Other-service,38,>50K
0,9,Husband,Private,United-States,Masters,40,40688,Married-civ-spouse,White,0,Male,Sales,31,>50K
0,9,Husband,Private,United-States,HS-grad,40,72485,Married-civ-spouse,White,0,Male,Craft-repair,32,<=50K
0,13,Not-in-family,Private,United-States,Bachelors,50,14084,Never-married,White,0,Female,Farming-fishing,29,<=50K
0,9,Husband,Local-gov,United-States,HS-grad,40,177573,Married-civ-spouse,White,0,Male,Prof-specialty,34,<=50K
0,9,Own-child,Self-emp-not-inc,United-States,HS-grad,50,282392,Married-civ-spouse,White,0,Female,Handlers-cleaners,30,>50K
0,10,Own-child,Private,United-States,Masters,40,247572,Never-married,White,0,Male,Transport-moving,34,<=50K
0,13,Husband,Private,United-States,Bachelors,40,14084,Married-civ-spouse,White,0,Male,Other-service,37,<=50K
0,14,Husband,Private,United-States,Some-college,40,82226,Married-civ-spouse,White,0,Male,Transport-moving,26,<=50K
0,11,Wife,State-gov,United-States,HS-grad,40,177545,Never-married,Black,0,Female,Craft-repair,36,<=50K
0,10,Husband,State-gov,United-States,Some-college,50,220972,Married-civ-spouse,White,0,Male,Handlers-cleaners,47,<=50K
15024,9,Husband,Private,United-States,11th,40,302950,Married-civ-spouse,White,0,Male,Machine-op-inspct,34,>50K
0,9,Husband,Private,United-States,Some-college,40,147625,Divorced,White,0,Female,Prof-specialty,23,>50K
0,10,Husband,Private,United-States,Bachelors,40,221158,Married-civ-spouse,White,0,Male,Other-service,35,<=50K
0,14,Not-in-family,Private,United-States,Prof-school,40,157541,Divorced,White,0,Male,Farming-fishing,35,<=50K
0,9,Husband,Local-gov,United-States,HS-grad,40,89041,Never-married,White,0,Male,Craft-repair,38,<=50K
0,9,Not-in-family,Local-gov,United-States,HS-grad,55,232022,Never-married,White,0,Female,Craft-repair,65,<=50K
0,7,Not-in-family,Private,United-States,Bachelors,40,289992,Never-married,White,0,Male,Exec-managerial,29,<=50K
0,9,Husband,Private,United-States,Some-college,50,321166,Married-civ-spouse,Black,0,Male,Prof-specialty,23,<=50K
0,7,Husband,Private,United-States,Some-college,40,156848,Divorced,White,0,Female,Exec-managerial,26,<=50K
0,11,Husband,Private,United-States,7th-8th,40,288730,Never-married,White,0,Female,Transport-moving,37,<=50K
0,12,Husband,Private,United-States,Doctorate,40,205533,Divorced,White,0,Male,Prof-specialty,47,>50K
0,10,Husband,Private,United-States,10th,30,340614,Married-civ-spouse,White,0,Male,Other-service,25,<=50K
0,13,Husband,Private,United-States,Bachelors,40,135854,Married-civ-spouse,White,0,Male,Handlers-cleaners,23,<=50K
0,9,Husband,Private,United-States,HS-grad,40,77792,Married-civ-spouse,White,0,Male,Exec-managerial,42,<=50K
0,13,Husband,Private,Mexico,Bachelors,50,329832,Never-married,Black,0,Female,Other-service,29,<=50K
0,7,Other-relative,Private,United-States,Assoc-acdm,40,156490,Married-civ-spouse,White,0,Female,Tech-support,34,>50K
0,9,Not-in-family,Private,United-States,HS-grad,46,245418,Never-married,Asian-Pac-Islander,0,Male,Handlers-cleaners,44,>50K
0,9,Not-in-family,Private,United-States,11th,40,302047,Never-married,White,0,Male,Farming-fishing,30,<=50K
0,9,Husband,Private,United-States,HS-grad,40,266189,Married-civ-spouse,White,0,Female,Adm-clerical,31,>50K
0,13,Husband,Private,United-States,HS-grad,40,58829,Married-civ-spouse,White,0,Male,Exec-managerial,31,<=50K
0,9,Husband,Private,United-States,Bachelors,40,173987,Married-civ-spouse,White,0,Female,Sales,36,<=50K
7688,13,Not-in-family,Private,United-States,Bachelors,40,311320,Married-civ-spouse,White,0,Female,Sales,24,>50K
0,14,Husband,Self-emp-not-inc,United-States,Bachelors,40,311350,Never-married,White,1876,Female,Craft-repair,25,>50K
0,14,Not-in-family,Private,United-States,Bachelors,40,264738,Never-married,White,0,Male,Exec-managerial,53,<=50K
0,9,Husband,Private,United-States,HS-grad,40,203717,Married-civ-spouse,White,0,Male,Tech-support,35,<=50K
0,9,Unmarried,Private,United-States,HS-grad,45,51320,Married-civ-spouse,White,0,Male,Prof-specialty,21,<=50K
0,9,Own-child,Private,United-States,HS-grad,40,75820,Never-married,White,0,Male,Craft-repair,35,<=50K
0,9,Husband,Private,United-States,HS-grad,40,261542,Married-civ-spouse,White,0,Male,Prof-specialty,28,<=50K
0,13,Husband,Private,United-States,Masters,40,283873,Married-civ-spouse,White,0,Female,Craft-repair,56,<=50K
0,9,Husband,Private,Nicaragua,Bachelors,55,81442,Married-civ-spouse,White,0,Female,Craft-repair,35,<=50K
0,9,Not-in-family,Private,United-States,Bachelors,30,153858,Never-married,White,0,Male,Other-service,34,<=50K
0,4,Unmarried,Private,United-States,HS-grad,40,47964,Married-spouse-absent,White,0,Male,Machine-op-inspct,21,>50K
0,13,Own-child,Private,United-States,Assoc-acdm,40,44728,Married-civ-spouse,White,0,Female,Prof-specialty,24,<=50K
0,9,Own-child,Private,United-States,HS-grad,20,54957,Never-married,White,0,Male,Protective-serv,26,>50K
0,10,Husband,Private,United-States,Some-college,40,147835,Married-civ-spouse,White,0,Female,Exec-managerial,27,<=50K
0,9,Husband,Private,United-States,Masters,40,83066,Married-civ-spouse,White,0,Male,Exec-managerial,43,<=50K
0,9,Not-in-family,Private,United-States,HS-grad,55,251557,Married-civ-spouse,White,0,Female,Prof-specialty,43,<=50K
0,11,Not-in-family,Private,United-States,Bachelors,40,111385,Married-civ-spouse,White,0,Male,Craft-repair,41,<=50K
0,9,Not-in-family,Private,United-States,Bachelors,40,219838,Married-civ-spouse,White,0,Male,Other-service,24,<=50K
0,7,Not-in-family,Private,United-States,Bachelors,40,192615,Married-civ-spouse,White,0,Male,Craft-repair,24,<=50K
0,13,Husband,Private,United-States,Some-college,40,187126,Married-civ-spouse,White,0,Male,Sales,37,<=50K
0,9,Own-child,Private,United-States,5th-6th,55,146485,Never-married,White,0,Female,Exec-managerial,25,>50K
0,9,Husband,Private,Mexico,HS-grad,40,208747,Married-civ-spouse,White,0,Male,Prof-specialty,50,<=50K
0,10,Not-in-family,Private,United-States,Bachelors,40,21126,Divorced,White,0,Female,Farming-fishing,39,<=50K
0,13,Not-in-family,Private,United-States,Assoc-voc,50,55233,Married-civ-spouse,White,0,Male,Prof-specialty,42,>50K
0,13,Husband,Self-emp-not-inc,United-States,HS-grad,40,143312,Married-civ-spouse,White,0,Male,Craft-repair,18,<=50K
0,13,Husband,Private,United-States,Bachelors,20,56565,Married-civ-spouse,White,0,Male,Protective-serv,32,<=50K
0,9,Own-child,Private,United-States,HS-grad,35,322013,Never-married,White,0,Female,Craft-repair,35,<=50K
0,9,Husband,Private,United-States,HS-grad,40,236696,Married-civ-spouse,White,0,Male,Craft-repair,41,<=50K
0,13,Own-child,Private,United-States,Bachelors,40,91856,Never-married,White,0,Female,Sales,60,<=50K
0,13,Unmarried,Private,United-States,HS-grad,40,76428,Never-married,White,0,Female,Adm-clerical,55,>50K
0,9,Husband,Private,United-States,Bachelors,40,217968,Married-civ-spouse,Black,0,Male,Other-service,43,<=50K
0,9,Not-in-family,Private,United-States,HS-grad,40,162678,Never-married,White,0,Male,Other-service,40,<=50K
0,6,Husband,Private,United-States,Assoc-voc,40,117660,Married-civ-spouse,White,0,Female,Exec-managerial,38,<=50K
0,13,Own-child,Private,United-States,HS-grad,40,172053,Married-civ-spouse,White,0,Female,Sales,24,>50K
0,9,Not-in-family,Private,United-States,HS-grad,45,112945,Divorced,Black,0,Male,Craft-repair,34,<=50K
0,7,Husband,Private,United-States,9th,40,168530,Never-married,White,0,Male,Prof-specialty,32,<=50K
0,9,Own-child,Private,United-States,Some-college,20,123520,Never-married,White,0,Male,Other-service,55,<=50K
0,10,Husband,Private,United-States,Some-college,45,15893,Married-civ-spouse,White,0,Male,Other-service,25,<=50K
0,9,Unmarried,Local-gov,United-States,Some-college,40,225850,Married-civ-spouse,White,0,Male,Sales,40,>50K
0,13,Husband,Private,United-States,HS-grad,40,109001,Married-civ-spouse,White,0,Male,Machine-op-inspct,34,<=50K
0,9,Never-married,Private,United-States,5th-6th,40,167457,Never-married,White,0,Female,Tech-support,16,<=50K
0,10,Husband,Private,United-States,Some-college,40,116163,Married-civ-spouse,White,0,Male,Craft-repair,52,<=50K
0,9,Husband,Federal-gov,United-States,Bachelors,45,153473,Married-civ-spouse,White,0,Female,Craft-repair,35,<=50K
0,13,Own-child,Private,United-States,Some-college,30,148738,Never-married,White,0,Male,Other-service,30,>50K
0,14,Wife,Private,United-States,Bachelors,40,18074,Married-civ-spouse,White,0,Male,Prof-specialty,48,>50K
0,11,Not-in-family,Private,United-States,Assoc-voc,40,334744,Married-civ-spouse,White,0,Male,Adm-clerical,26,<=50K
0,9,Not-in-family,Private,United-States,HS-grad,40,76860,Never-married,White,0,Male,Exec-managerial,44,<=50K
0,10,Not-in-family,Self-emp-not-inc,United-States,Some-college,40,230229,Married-civ-spouse,White,0,Female,Farming-fishing,38,<=50K
0,10,Husband,Private,United-States,Some-college,40,173375,Married-civ-spouse,White,0,Male,Exec-managerial,32,<=50K
0,9,Husband,Private,United-States,HS-grad,40,386950,Married-civ-spouse,White,0,Male,Prof-specialty,38,>50K
0,6,Not-in-family,Private,United-States,Bachelors,40,137765,Never-married,White,0,Male,Sales,33,<=50K
0,13,Husband,Self-emp-not-inc,United-States,Bachelors,40,111452,Married-civ-spouse,White,0,Male,Machine-op-inspct,41,>50K
0,9,Unmarried,Private,United-States,HS-grad,20,221034,Never-married,White,0,Female,Prof-specialty,33,<=50K
0,6,Unmarried,Private,United-States,Assoc-voc,40,16056,Married-civ-spouse,White,0,Female,Craft-repair,38,<=50K
0,10,Not-in-family,Self-emp-not-inc,United-States,Some-college,40,142616,Never-married,White,0,Male,Craft-repair,41,<=50K
0,13,Not-in-family,Private,United-States,Bachelors,40,82699,Never-married,White,0,Male,Prof-specialty,40,<=50K
0,9,Not-in-family,Private,United-States,HS-grad,25,179815,Never-married,White,0,Male,Prof-specialty,35,<=50K
0,10,Husband,Private,United-States,Some-college,40,95618,Married-civ-spouse,White,0,Male,Sales,38,<=50K
0,4,Husband,Private,United-States,Assoc-acdm,40,180187,Married-civ-spouse,White,0,Female,Exec-managerial,29,<=50K
0,9,Husband,Private,United-States,11th,40,174587,Married-civ-spouse,White,0,Male,Exec-managerial,40,<=50K
0,13,Husband,Self-emp-not-inc,United-States,Bachelors,40,220941,Divorced,White,0,Male,Prof-specialty,39,<=50K
0,10,Husband,Private,United-States,Some-college,40,218928,Married-civ-spouse,White,0,Male,Craft-repair,36,<=50K
0,9,Own-child,Private,United-States,Bachelors,40,183950,Never-married,Black,0,Male,Exec-managerial,37,>50K
0,9,Husband,Local-gov,United-States,Assoc-acdm,40,174794,Divorced,White,0,Female,Craft-repair,38,>50K
0,10,Own-child,Private,United-States,Some-college,40,199503,Never-married,White,0,Male,Handlers-cleaners,21,>50K
0,9,Husband,Private,United-States,Bachelors,40,243856,Married-civ-spouse,White,0,Male,Sales,24,<=50K
0,9,Own-child,Local-gov,United-States,Some-college,55,346478,Never-married,White,0,Male,Sales,38,<=50K
0,10,Husband,Private,United-States,Some-college,40,270114,Married-civ-spouse,White,0,Female,Adm-clerical,26,>50K
0,10,Husband,Private,United-States,Some-college,40,246428,Married-civ-spouse,White,0,Male,Transport-moving,43,>50K
0,13,Husband,Private,United-States,Bachelors,30,217833,Married-civ-spouse,White,0,Female,Prof-specialty,31,<=50K
0,10,Not-in-family,Private,United-States,HS-grad,55,137873,Never-married,Black,0,Male,Sales,54,<=50K
0,13,Husband,Private,United-States,Bachelors,40,92615,Married-civ-spouse,White,0,Male,Sales,39,<=50K
0,9,Husband,Private,United-States,Assoc-acdm,30,184596,Married-civ-spouse,White,0,Male,Transport-moving,50,<=50K
0,7,Not-in-family,Private,United-States,HS-grad,40,178934,Married-civ-spouse,White,0,Female,Craft-repair,41,>50K
0,9,Own-child,Private,United-States,HS-grad,40,163368,Married-civ-spouse,White,0,Male,Tech-support,34,>50K
401,13,Husband,State-gov,United-States,Some-college,40,266460,Never-married,Black,0,Female,Adm-clerical,28,>50K
0,9,Unmarried,Local-gov,United-States,10th,40,149770,Never-married,White,0,Male,Exec-managerial,38,<=50K
0,13,Husband,Private,United-States,Assoc-voc,40,95430,Married-civ-spouse,White,0,Male,Other-service,29,>50K
0,13,Husband,Private,United-States,10th,40,163845,Never-married,White,0,Male,Exec-managerial,24,>50K
0,13,Husband,Private,United-States,Some-college,40,134565,Married-civ-spouse,White,0,Male,Prof-specialty,34,<=50K
0,9,Husband,Self-emp-not-inc,United-States,HS-grad,40,163888,Married-civ-spouse,White,0,Male,Tech-support,51,<=50K
0,12,Own-child,Private,United-States,Some-college,40,147350,Divorced,White,0,Female,Other-service,25,<=50K
0,13,Husband,Private,United-States,Some-college,40,133479,Married-civ-spouse,White,0,Male,Sales,25,<=50K
0,9,Not-in-family,Private,United-States,10th,40,306567,Never-married,White,0,Male,Adm-clerical,52,>50K
0,9,Husband,Self-emp-not-inc,United-States,HS-grad,40,364657,Married-civ-spouse,White,0,Female,Exec-managerial,26,<=50K
0,12,Husband,Private,United-States,Masters,40,178750,Married-civ-spouse,White,0,Female,Craft-repair,34,<=50K
0,13,Husband,Private,United-States,Some-college,40,72890,Married-civ-spouse,White,0,Male,Handlers-cleaners,21,<=50K
0,9,Husband,Private,United-States,10th,40,41506,Married-civ-spouse,White,0,Female,Exec-managerial,81,>50K
0,10,Husband,Private,United-States,Some-college,40,156432,Married-civ-spouse,White,0,Male,Exec-managerial,47,<=50K
0,9,Own-child,Private,United-States,HS-grad,40,62697,Never-married,White,0,Male,Farming-fishing,45,<=50K
0,7,Husband,Private,United-States,HS-grad,40,141687,Never-married,White,0,Female,Other-service,38,<=50K
0,9,Husband,Private,United-States,HS-grad,40,149812,Married-civ-spouse,White,0,Male,Prof-specialty,32,<=50K
0,6,Husband,Private,United-States,HS-grad,40,286115,Divorced,White,0,Male,Adm-clerical,26,<=50K
0,5,Husband,Private,United-States,Some-college,40,63872,Married-civ-spouse,White,0,Male,Adm-clerical,26,>50K
0,9,Unmarried,Private,United-States,Bachelors,40,59839,Never-married,White,0,Male,Craft-repair,59,<=50K
0,13,Not-in-family,Private,United-States,Bachelors,40,46480,Divorced,White,0,Male,Prof-specialty,32,<=50K
0,13,Husband,Private,United-States,Bachelors,40,209900,Married-civ-spouse,White,0,Male,Exec-managerial,25,<=50K
0,9,Own-child,Private,United-States,HS-grad,42,137553,Never-married,White,0,Male,Adm-clerical,48,<=50K
0,12,Husband,Private,United-States,HS-grad,50,178769,Married-civ-spouse,White,0,Male,Craft-repair,53,>50K
0,10,Unmarried,Private,United-States,Some-college,40,242295,Divorced,White,0,Female,Exec-managerial,45,>50K
0,10,Husband,Private,United-States,Bachelors,40,83601,Married-civ-spouse,White,0,Male,Machine-op-inspct,74,<=50K
0,9,Husband,Self-emp-not-inc,United-States,1st-4th,40,81864,Married-civ-spouse,White,0,Male,Machine-op-inspct,34,>50K
0,14,Not-in-family,Private,United-States,Some-college,35,51329,Married-civ-spouse,White,0,Male,Exec-managerial,27,>50K
0,12,Not-in-family,Private,United-States,HS-grad,40,43879,Widowed,White,0,Male,Machine-op-inspct,32,>50K
0,10,Husband,Private,United-States,Some-college,40,160291,Never-married,White,0,Male,Machine-op-inspct,27,<=50K
0,9,Husband,Private,United-States,HS-grad,40,187954,Married-civ-spouse,White,0,Male,Prof-specialty,30,>50K
0,13,Husband,Private,United-States,HS-grad,60,169269,Never-married,White,0,Male,Adm-clerical,41,<=50K
0,7,Husband,Private,United-States,HS-grad,50,199298,Married-civ-spouse,White,0,Male,Tech-support,67,<=50K
0,9,Not-in-family,Federal-gov,United-States,HS-grad,25,165107,Never-married,White,0,Female,Sales,50,>50K
0,10,Unmarried,Private,United-States,Some-college,40,135446,Never-married,White,0,Female,Prof-specialty,43,>50K
0,13,Husband,Private,United-States,Assoc-acdm,40,107711,Married-civ-spouse,White,0,Female,Sales,20,<=50K
0,13,Husband,Private,United-States,Some-college,40,207850,Married-civ-spouse,White,0,Male,Transport-moving,48,>50K
0,9,Husband,Private,United-States,Bachelors,45,186112,Never-married,White,0,Male,Craft-repair,43,<=50K
0,9,Husband,Private,United-States,Bachelors,30,116400,Never-married,White,0,Female,Prof-specialty,48,<=50K
0,14,Not-in-family,Local-gov,United-States,HS-grad,40,171258,Divorced,White,0,Male,Exec-managerial,48,<=50K
0,10,Husband,Private,United-States,HS-grad,40,67328,Married-civ-spouse,White,0,Male,Transport-moving,20,<=50K
0,14,Not-in-family,Private,United-States,Bachelors,40,63560,Never-married,White,0,Female,Other-service,38,<=50K
0,9,Not-in-family,Private,United-States,Masters,40,249913,Never-married,White,0,Male,Machine-op-inspct,41,<=50K
0,10,Not-in-family,Private,United-States,Assoc-voc,40,57600,Married-civ-spouse,White,0,Female,Machine-op-inspct,47,<=50K
0,9,Own-child,Private,United-States,HS-grad,40,172863,Married-civ-spouse,White,0,Male,Sales,36,<=50K
0,9,Husband,Private,United-States,HS-grad,35,554317,Married-civ-spouse,White,0,Male,Machine-op-inspct,27,<=50K
0,10,Unmarried,Private,United-States,Some-college,40,199235,Married-civ-spouse,White,0,Male,Exec-managerial,26,<=50K
0,9,Husband,Private,United-States,Bachelors,40,271475,Never-married,White,0,Male,Exec-managerial,27,<=50K
0,7,Husband,Private,United-States,Some-college,35,181173,Married-civ-spouse,White,0,Male,Craft-repair,33,<=50K
0,9,Unmarried,Private,United-States,Bachelors,60,225034,Married-civ-spouse,White,0,Male,Exec-managerial,40,<=50K
0,9,Husband,Private,United-States,Some-college,40,261692,Married-civ-spouse,White,0,Male,Craft-repair,41,<=50K
0,7,Husband,Private,United-States,HS-grad,40,230848,Divorced,White,0,Male,Prof-specialty,41,<=50K
0,10,Unmarried,Private,United-States,Some-college,40,156794,Never-married,White,0,Female,Adm-clerical,34,<=50K
0,9,Husband,Private,United-States,HS-grad,50,125892,Married-civ-spouse,White,0,Male,Adm-clerical,29,<=50K
0,10,Husband,Private,United-States,Some-college,35,57834,Never-married,White,0,Male,Prof-specialty,24,<=50K
0,12,Not-in-family,Private,United-States,HS-grad,50,184511,Married-civ-spouse,White,0,Male,Other-service,19,>50K
0,9,Husband,Private,United-States,Bachelors,40,56792,Never-married,White,0,Male,Prof-specialty,39,<=50K
0,9,Unmarried,Private,United-States,HS-grad,40,146726,Divorced,White,0,Male,Handlers-cleaners,44,<=50K
0,11,Wife,State-gov,United-States,7th-8th,40,91624,Married-civ-spouse,White,0,Female,Exec-managerial,36,<=50K
0,6,Husband,Private,United-States,HS-grad,40,9784773,Married-civ-spouse,White,0,Male,Craft-repair,25,<=50K
0,9,Husband,Private,United-States,HS-grad,40,233939,Married-civ-spouse,White,0,Male,Sales,34,<=50K
0,13,Husband,Private,United-States,HS-grad,2,236869,Married-civ-spouse,White,0,Male,Tech-support,55,<=50K
0,6,Husband,Private,United-States,Some-college,40,159548,Never-married,White,0,Male,Prof-specialty,29,>50K
0,10,Husband,Private,United-States,Some-college,60,11275,Never-married,White,0,Female,Sales,32,<=50K
0,9,Husband,Private,United-States,HS-grad,40,181250,Married-civ-spouse,White,0,Male,Other-service,51,>50K
0,10,Not-in-family,Private,United-States,Some-college,40,199934,Married-civ-spouse,White,0,Female,Adm-clerical,24,>50K
0,9,Not-in-family,Private,United-States,HS-grad,35,167905,Married-civ-spouse,White,0,Female,Adm-clerical,45,>50K
0,6,Not-in-family,Private,United-States,HS-grad,40,214385,Married-civ-spouse,White,0,Male,Craft-repair,35,<=50K
0,4,Other-relative,Private,United-States,Bachelors,40,149949,Married-civ-spouse,Amer-Indian-Eskimo,0,Female,Exec-managerial,47,>50K
0,9,Not-in-family,Self-emp-not-inc,United-States,Bachelors,40,163873,Married-civ-spouse,White,0,Female,Other-service,56,<=50K
0,9,Husband,Local-gov,United-States,HS-grad,40,218490,Married-civ-spouse,White,0,Male,Craft-repair,40,>50K
0,4,Unmarried,Private,United-States,HS-grad,40,328301,Never-married,White,0,Male,Other-service,55,>50K
0,13,Husband,Private,United-States,HS-grad,20,88564,Never-married,White,0,Male,Craft-repair,38,<=50K
0,9,Own-child,Private,Dominican-Republic,Some-college,40,177565,Married-civ-spouse,White,0,Male,Prof-specialty,46,<=50K
0,10,Husband,Private,United-States,Some-college,40,231238,Married-civ-spouse,White,0,Male,Exec-managerial,64,<=50K
0,14,Unmarried,Private,United-States,Some-college,30,142356,Married-civ-spouse,White,0,Male,Adm-clerical,50,<=50K
0,13,Other-relative,Private,United-States,Bachelors,40,131473,Never-married,White,0,Female,Exec-managerial,33,<=50K
0,9,Husband,Private,United-States,HS-grad,40,113080,Married-civ-spouse,White,0,Male,Craft-repair,21,<=50K
0,9,Husband,Private,United-States,HS-grad,40,143979,Never-married,White,0,Male,Exec-managerial,25,<=50K
0,9,Own-child,Private,United-States,HS-grad,40,108767,Never-married,White,0,Male,Tech-support,25,<=50K
0,10,Not-in-family,Self-emp-inc,United-States,Some-college,40,188802,Never-married,White,0,Female,Machine-op-inspct,52,<=50K
0,10,Husband,Private,United-States,Some-college,40,228372,Married-civ-spouse,White,0,Male,Sales,36,>50K
0,10,Own-child,Private,United-States,Some-college,40,212091,Married-civ-spouse,White,0,Male,Adm-clerical,40,<=50K
0,9,Unmarried,Private,United-States,HS-grad,40,180272,Never-married,White,0,Female,Craft-repair,47,<=50K
0,9,Unmarried,Private,United-States,HS-grad,40,148536,Never-married,White,0,Female,Sales,26,<=50K
0,13,Husband,Federal-gov,United-States,Bachelors,40,101299,Married-civ-spouse,White,0,Male,Craft-repair,51,>50K
0,14,Husband,Private,United-States,Bachelors,55,222542,Married-civ-spouse,White,0,Male,Craft-repair,34,>50K
0,9,Own-child,Private,United-States,10th,40,167534,Divorced,White,0,Male,Sales,30,<=50K
0,9,Husband,Private,United-States,Assoc-voc,40,318624,Married-civ-spouse,White,0,Female,Adm-clerical,33,>50K
0,7,Husband,Private,United-States,Assoc-acdm,40,469697,Never-married,White,0,Male,Exec-managerial,45,<=50K
0,9,Husband,Private,United-States,HS-grad,40,71918,Married-civ-spouse,White,0,Male,Exec-managerial,42,<=50K
5178,9,Not-in-family,Private,United-States,HS-grad,30,307767,Married-civ-spouse,White,0,Male,Craft-repair,34,>50K
0,14,Not-in-family,Private,United-States,Bachelors,40,146325,Widowed,White,0,Male,Other-service,33,<=50K
0,16,Husband,Self-emp-inc,United-States,Bachelors,40,175255,Married-civ-spouse,White,0,Male,Craft-repair,39,<=50K
0,13,Husband,Private,United-States,Bachelors,40,138872,Married-civ-spouse,White,0,Male,Exec-managerial,32,<=50K
0,13,Husband,Private,United-States,Masters,40,15982,Married-civ-spouse,White,0,Male,Handlers-cleaners,45,>50K
2174,9,Husband,Private,United-States,HS-grad,40,166416,Married-civ-spouse,White,0,Male,Sales,43,<=50K
0,9,Not-in-family,Private,United-States,Bachelors,40,238574,Never-married,White,0,Male,Tech-support,31,<=50K
0,9,Husband,Private,United-States,Assoc-voc,40,55614,Divorced,White,0,Male,Sales,21,<=50K
0,9,Husband,Private,United-States,7th-8th,40,253085,Divorced,White,0,Male,Transport-moving,70,>50K
0,11,Husband,Private,United-States,Some-college,30,62892,Married-civ-spouse,Black,0,Male,Adm-clerical,34,<=50K
0,9,Not-in-family,Private,United-States,HS-grad,40,247594,Married-civ-spouse,White,0,Male,Sales,27,<=50K
0,9,Not-in-family,Private,United-States,HS-grad,36,161369,Never-married,White,0,Male,Prof-specialty,40,<=50K
0,9,Not-in-family,Private,United-States,HS-grad,40,54215,Never-married,White,0,Female,Adm-clerical,20,<=50K
0,9,Not-in-family,Private,United-States,Bachelors,40,47815,Never-married,White,0,Male,Adm-clerical,38,<=50K
0,9,Own-child,Private,United-States,Bachelors,40,204088,Never-married,White,0,Male,Exec-managerial,23,<=50K
0,10,Not-in-family,Private,United-States,Some-college,40,281057,Never-married,White,0,Female,Other-service,59,<=50K
0,13,Husband,Private,United-States,HS-grad,40,113838,Married-civ-spouse,White,0,Male,Prof-specialty,44,<=50K
0,13,Own-child,Private,United-States,Bachelors,40,174577,Married-civ-spouse,White,0,Female,Prof-specialty,45,<=50K
0,9,Not-in-family,Private,United-States,HS-grad,40,235853,Married-civ-spouse,White,0,Male,Adm-clerical,34,<=50K
0,10,Husband,Private,United-States,Bachelors,40,368816,Married-civ-spouse,White,0,Female,Other-service,55,<=50K
0,9,Not-in-family,Private,United-States,HS-grad,40,319630,Never-married,White,0,Male,Exec-managerial,27,>50K
0,10,Husband,Private,United-States,Assoc-voc,40,183081,Married-civ-spouse,White,0,Male,Transport-moving,38,<=50K
0,13,Husband,Self-emp-not-inc,United-States,11th,40,102485,Married-civ-spouse,White,0,Female,Machine-op-inspct,25,>50K
0,9,Husband,Private,United-States,HS-grad,40,101906,Married-civ-spouse,White,0,Male,Prof-specialty,34,<=50K
0,9,Own-child,Private,United-States,Some-college,40,174960,Married-civ-spouse,White,0,Female,Other-service,40,<=50K
4934,10,Husband,Private,United-States,Bachelors,40,246028,Married-civ-spouse,White,0,Male,Exec-managerial,36,>50K
0,10,Not-in-family,Private,United-States,Bachelors,40,121887,Married-civ-spouse,White,0,Female,Sales,35,<=50K
0,12,Husband,Private,United-States,Bachelors,60,124953,Married-civ-spouse,White,2415,Male,Other-service,38,<=50K
0,9,Not-in-family,Private,United-States,7th-8th,40,127578,Never-married,White,0,Male,Craft-repair,29,<=50K
0,13,Not-in-family,Private,United-States,Assoc-acdm,40,150853,Divorced,White,0,Female,Other-service,21,<=50K
0,2,Not-in-family,Private,United-States,HS-grad,40,137775,Married-civ-spouse,White,0,Male,Prof-specialty,42,<=50K
0,4,Husband,Private,United-States,HS-grad,40,82699,Married-civ-spouse,White,0,Male,Prof-specialty,35,<=50K
0,10,Husband,Private,United-States,Some-college,60,111424,Married-civ-spouse,White,0,Male,Sales,52,<=50K
0,7,Not-in-family,Private,United-States,HS-grad,50,470663,Never-married,White,0,Male,Sales,40,<=50K
0,10,Husband,Private,United-States,Bachelors,40,105044,Married-civ-spouse,White,0,Male,Prof-specialty,35,>50K
0,13,Own-child,Private,United-States,Bachelors,40,153467,Never-married,White,0,Male,Craft-repair,27,<=50K
0,9,Husband,Self-emp-not-inc,United-States,Some-college,40,161508,Married-civ-spouse,White,0,Female,Craft-repair,53,<=50K
0,10,Own-child,Self-emp-not-inc,United-States,Some-college,40,183258,Never-married,White,0,Male,Exec-managerial,52,>50K
0,12,Husband,Private,United-States,Some-college,50,168854,Married-civ-spouse,White,0,Male,Transport-moving,34,<=50K
0,4,Husband,Private,United-States,Bachelors,40,188457,Married-civ-spouse,White,0,Female,Sales,50,<=50K
0,10,Not-in-family,Private,United-States,HS-grad,40,44489,Married-civ-spouse,White,0,Male,Exec-managerial,19,<=50K
0,9,Unmarried,Private,United-States,Some-college,40,131021,Married-civ-spouse,White,0,Female,Other-service,39,>50K
0,9,Husband,Private,United-States,HS-grad,40,259067,Married-civ-spouse,White,1977,Male,Transport-moving,34,<=50K
0,13,Husband,Private,United-States,Assoc-voc,40,98712,Married-civ-spouse,White,0,Female,Protective-serv,30,<=50K
0,6,Unmarried,Private,United-States,HS-grad,40,71624,Married-civ-spouse,White,0,Male,Machine-op-inspct,37,<=50K
0,13,Husband,Local-gov,United-States,Bachelors,40,161149,Never-married,White,0,Male,Other-service,28,<=50K
0,9,Husband,Private,United-States,Some-college,30,162415,Married-civ-spouse,White,0,Male,Other-service,35,>50K
0,10,Not-in-family,Private,United-States,Bachelors,40,188325,Married-civ-spouse,White,0,Female,Transport-moving,24,<=50K
0,9,Husband,Private,United-States,Some-college,40,314659,Married-civ-spouse,White,0,Male,Machine-op-inspct,40,<=50K
0,10,Husband,Self-emp-inc,United-States,Some-college,40,28952,Married-civ-spouse,White,0,Male,Prof-specialty,40,<=50K
0,12,Husband,Private,United-States,Bachelors,40,243485,Married-civ-spouse,White,0,Male,Adm-clerical,41,<=50K
0,9,Not-in-family,Private,United-States,Some-college,40,97220,Married-civ-spouse,White,0,Male,Prof-specialty,38,<=50K
0,9,Not-in-family,Private,United-States,Bachelors,40,210965,Divorced,White,0,Male,Adm-clerical,22,>50K
0,9,Unmarried,Private,United-States,HS-grad,40,159825,Never-married,White,0,Female,Transport-moving,21,>50K
0,9,Husband,Private,United-States,Some-college,40,78897,Married-civ-spouse,White,0,Female,Craft-repair,33,>50K
0,5,Unmarried,Private,United-States,HS-grad,40,101077,Married-civ-spouse,Black,0,Female,Adm-clerical,25,>50K
0,13,Husband,Private,United-States,HS-grad,40,34590,Married-civ-spouse,White,0,Female,Prof-specialty,30,<=50K
0,13,Husband,Private,United-States,HS-grad,40,248514,Never-married,White,0,Male,Craft-repair,41,>50K
0,13,Not-in-family,Self-emp-inc,United-States,HS-grad,40,62635,Married-civ-spouse,White,0,Male,Other-service,59,<=50K
0,10,Not-in-family,Private,United-States,Some-college,45,123853,Married-civ-spouse,Asian-Pac-Islander,0,Male,Protective-serv,48,<=50K
0,10,Husband,Private,United-States,HS-grad,45,113344,Married-civ-spouse,White,0,Female,Machine-op-inspct,44,<=50K
0,13,Husband,Private,United-States,HS-grad,40,187827,Never-married,White,0,Female,Transport-moving,53,>50K
0,10,Unmarried,Private,United-States,Assoc-voc,40,155574,Separated,White,0,Female,Prof-specialty,26,<=50K
0,13,Own-child,Private,United-States,Bachelors,40,185325,Married-civ-spouse,Black,0,Male,Adm-clerical,43,<=50K
0,10,Husband,Private,United-States,Some-college,40,103680,Married-civ-spouse,Black,0,Female,Adm-clerical,58,<=50K
0,9,Husband,Private,United-States,HS-grad,40,150935,Married-civ-spouse,White,0,Male,Craft-repair,48,<=50K
0,4,Husband,Private,United-States,HS-grad,20,282776,Married-civ-spouse,White,0,Male,Craft-repair,57,>50K
0,7,Not-in-family,Private,United-States,Some-college,45,247576,Married-civ-spouse,White,0,Male,Prof-specialty,40,<=50K
0,9,Not-in-family,Private,United-States,Assoc-acdm,40,235067,Divorced,White,0,Male,Sales,23,<=50K
0,10,Husband,Private,United-States,Some-college,40,191608,Divorced,White,0,Male,Prof-specialty,42,>50K
0,14,Not-in-family,Private,United-States,HS-grad,20,178728,Never-married,White,0,Male,Sales,44,<=50K
0,13,Husband,Private,United-States,HS-grad,30,188765,Never-married,White,0,Male,Machine-op-inspct,38,<=50K
0,10,Own-child,Self-emp-not-inc,United-States,Some-college,40,184887,Married-civ-spouse,White,0,Male,Prof-specialty,57,>50K
0,9,Husband,Self-emp-not-inc,United-States,Bachelors,25,169879,Married-civ-spouse,White,0,Female,Tech-support,38,<=50K
0,9,Husband,Private,United-States,HS-grad,40,175262,Married-civ-spouse,White,0,Male,Adm-clerical,55,>50K
0,9,Husband,Private,United-States,Assoc-acdm,40,49654,Married-civ-spouse,White,0,Male,Prof-specialty,27,>50K
0,9,Not-in-family,Federal-gov,United-States,Some-college,40,187591,Divorced,White,0,Male,Adm-clerical,51,>50K
0,10,Husband,Private,United-States,Some-college,40,118745,Married-civ-spouse,White,0,Male,Sales,27,>50K
0,11,Not-in-family,Private,United-States,Assoc-voc,45,172830,Married-civ-spouse,White,0,Male,Sales,30,<=50K
0,13,Husband,Self-emp-not-inc,United-States,HS-grad,40,196791,Married-civ-spouse,White,0,Male,Prof-specialty,37,<=50K
0,13,Husband,Private,United-States,Bachelors,40,132834,Married-civ-spouse,White,0,Male,Craft-repair,40,<=50K
0,9,Husband,Private,United-States,HS-grad,60,06872,Married-civ-spouse,White,0,Male,Prof-specialty,23,>50K
0,11,Not-in-family,Private,United-States,Bachelors,40,55715,Married-civ-spouse,White,0,Female,Sales,24,<=50K
0,8,Husband,Private,United-States,Assoc-voc,40,174845,Divorced,White,0,Male,Exec-managerial,52,>50K
0,10,Husband,Private,United-States,Some-college,60,197709,Married-civ-spouse,White,0,Male,Prof-specialty,48,>50K
0,13,Not-in-family,Private,United-States,Some-college,40,133026,Married-civ-spouse,White,0,Male,Sales,35,<=50K
0,13,Husband,Private,Mexico,Some-college,40,104836,Married-civ-spouse,Asian-Pac-Islander,0,Male,Sales,27,<=50K
0,10,Husband,Private,United-States,Bachelors,40,362478,Married-civ-spouse,White,0,Male,Machine-op-inspct,24,<=50K
0,9,Not-in-family,Private,Japan,HS-grad,40,297322,Married-civ-spouse,White,0,Female,Craft-repair,28,<=50K
0,10,Wife,Private,United-States,HS-grad,40,91812,Divorced,White,0,Female,Prof-specialty,35,<=50K
0,9,Not-in-family,Private,United-States,HS-grad,50,227085,Married-civ-spouse,White,0,Male,Exec-managerial,30,<=50K
0,10,Not-in-family,Private,United-States,Assoc-voc,50,287085,Separated,White,0,Male,Craft-repair,32,<=50K
6514,10,Not-in-family,Local-gov,United-States,Some-college,40,150324,Divorced,White,0,Male,Sales,27,>50K
0,7,Not-in-family,Private,United-States,Bachelors,50,233987,Never-married,White,0,Male,Craft-repair,49,<=50K
0,9,Not-in-family,Private,United-States,HS-grad,40,171676,Never-married,White,0,Female,Handlers-cleaners,33,<=50K
0,9,Husband,Private,United-States,Bachelors,55,87467,Married-civ-spouse,White,0,Male,Craft-repair,21,<=50K
0,12,Unmarried,Private,United-States,Bachelors,25,134935,Married-civ-spouse,White,0,Male,Other-service,26,<=50K
0,9,Not-in-family,Private,United-States,Some-college,40,349633,Never-married,White,0,Male,Adm-clerical,33,<=50K
0,9,Husband,Private,United-States,Assoc-voc,40,115835,Never-married,White,0,Male,Prof-specialty,39,<=50K
0,9,Husband,Private,United-States,10th,30,56438,Divorced,White,0,Male,Craft-repair,27,<=50K
0,9,Own-child,Private,United-States,Some-college,50,210295,Divorced,White,0,Male,Craft-repair,41,<=50K
0,6,Husband,Self-emp-not-inc,United-States,7th-8th,40,236424,Married-civ-spouse,White,0,Male,Sales,38,<=50K
0,9,Own-child,Private,United-States,HS-grad,40,233799,Never-married,White,0,Female,Craft-repair,26,<=50K
0,13,Husband,Private,United-States,Bachelors,40,180032,Married-civ-spouse,White,0,Male,Craft-repair,49,>50K
0,10,Husband,Private,United-States,Some-college,40,150948,Divorced,White,0,Male,Machine-op-inspct,54,<=50K
0,9,Husband,Private,United-States,Some-college,40,85715,Married-civ-spouse,White,0,Female,Craft-repair,36,<=50K
0,9,Husband,Private,United-States,Assoc-voc,40,130067,Married-civ-spouse,White,0,Male,Craft-repair,49,<=50K
0,9,Husband,Private,United-States,Bachelors,40,262511,Married-civ-spouse,White,0,Male,Craft-repair,49,>50K
0,9,Unmarried,Private,United-States,Bachelors,50,197012,Never-married,White,0,Male,Craft-repair,26,>50K
0,13,Husband,Private,United-States,Assoc-voc,40,74212,Divorced,White,0,Male,Craft-repair,41,<=50K
0,9,Husband,Private,United-States,Some-college,40,238574,Married-civ-spouse,White,0,Male,Other-service,38,<=50K
0,10,Own-child,Private,United-States,HS-grad,40,262914,Married-civ-spouse,White,0,Male,Sales,35,<=50K
0,9,Husband,Federal-gov,United-States,HS-grad,40,149949,Married-civ-spouse,White,0,Female,Sales,24,<=50K
0,9,Not-in-family,Private,United-States,HS-grad,40,104423,Married-civ-spouse,White,0,Male,Transport-moving,33,<=50K
0,9,Own-child,Private,United-States,HS-grad,43,318915,Never-married,White,0,Male,Exec-managerial,40,>50K
0,9,Husband,Federal-gov,United-States,HS-grad,40,244835,Never-married,White,0,Female,Handlers-cleaners,29,<=50K
0,10,Unmarried,Self-emp-not-inc,United-States,Bachelors,40,184753,Married-civ-spouse,White,0,Male,Sales,45,<=50K
0,9,Not-in-family,Private,Cambodia,HS-grad,40,186808,Divorced,Black,0,Male,Craft-repair,44,<=50K
0,10,Husband,Private,United-States,Some-college,40,166545,Married-civ-spouse,White,0,Male,Farming-fishing,33,<=50K
0,9,Not-in-family,Private,United-States,HS-grad,40,169560,Never-married,White,0,Male,Craft-repair,22,>50K
0,14,Own-child,Federal-gov,United-States,Some-college,40,182615,Never-married,White,0,Male,Craft-repair,28,>50K
0,10,Not-in-family,Federal-gov,United-States,Some-college,50,167616,Married-civ-spouse,White,0,Male,Prof-specialty,28,<=50K
0,9,Husband,Private,United-States,Some-college,40,199145,Married-civ-spouse,White,0,Male,Sales,46,<=50K
0,10,Husband,Private,United-States,Some-college,40,147475,Married-civ-spouse,White,0,Male,Handlers-cleaners,19,<=50K
0,14,Husband,Private,United-States,Bachelors,40,329816,Separated,White,0,Female,Handlers-cleaners,22,<=50K
0,11,Husband,Private,United-States,Some-college,40,167315,Married-civ-spouse,White,0,Female,Handlers-cleaners,25,<=50K
0,13,Not-in-family,Private,United-States,Assoc-voc,40,121587,Never-married,White,0,Male,Sales,61,<=50K
0,6,Husband,Private,United-States,Bachelors,40,272913,Never-married,White,1887,Female,Exec-managerial,25,<=50K
0,9,Own-child,Private,United-States,HS-grad,40,207772,Never-married,White,0,Male,Prof-specialty,24,>50K
0,9,Husband,Local-gov,United-States,Some-college,40,258714,Married-civ-spouse,White,0,Female,Other-service,23,<=50K
0,10,Husband,Private,United-States,Some-college,40,28357,Married-civ-spouse,White,0,Male,Adm-clerical,38,<=50K
0,6,Not-in-family,Private,United-States,HS-grad,40,07744,Divorced,White,0,Female,Sales,40,<=50K
0,9,Husband,Private,United-States,HS-grad,40,207589,Married-civ-spouse,White,0,Male,Craft-repair,52,<=50K
0,9,Not-in-family,Private,United-States,Bachelors,40,287790,Never-married,White,0,Male,Prof-specialty,22,<=50K
0,10,Not-in-family,Private,United-States,HS-grad,40,108765,Never-married,Black,0,Female,Prof-specialty,45,<=50K
0,14,Not-in-family,Private,United-States,HS-grad,40,189565,Never-married,White,0,Male,Machine-op-inspct,38,<=50K
0,10,Husband,Self-emp-not-inc,United-States,HS-grad,35,71250,Married-civ-spouse,White,0,Male,Craft-repair,48,<=50K
0,16,Husband,Private,United-States,HS-grad,40,201178,Married-civ-spouse,White,0,Male,Farming-fishing,22,>50K
0,9,Husband,Private,United-States,HS-grad,40,22743,Married-civ-spouse,White,0,Male,Adm-clerical,49,<=50K
0,13,Not-in-family,Private,United-States,Bachelors,40,164190,Married-civ-spouse,White,0,Male,Sales,24,<=50K
0,9,Not-in-family,Private,United-States,Assoc-voc,40,203867,Married-civ-spouse,White,0,Female,Craft-repair,55,<=50K
0,10,Husband,Private,United-States,Some-college,60,182445,Married-civ-spouse,White,0,Male,Craft-repair,54,<=50K
0,10,Husband,Private,United-States,Some-college,50,238085,Married-civ-spouse,White,0,Male,Adm-clerical,37,<=50K
0,9,Husband,State-gov,United-States,HS-grad,40,161591,Divorced,White,0,Male,Exec-managerial,38,<=50K
0,9,Own-child,Private,United-States,HS-grad,40,176776,Never-married,White,0,Male,Handlers-cleaners,30,>50K
0,9,Not-in-family,Private,United-States,Some-college,50,178760,Married-civ-spouse,White,1887,Male,Prof-specialty,45,>50K
0,7,Not-in-family,Self-emp-inc,United-States,HS-grad,40,36162,Married-civ-spouse,White,0,Female,Prof-specialty,38,<=50K
0,9,Husband,Private,United-States,Bachelors,40,91857,Married-civ-spouse,White,0,Female,Craft-repair,47,<=50K
0,6,Husband,Self-emp-not-inc,United-States,Masters,40,199807,Married-civ-spouse,White,0,Female,Prof-specialty,34,<=50K
0,13,Own-child,Private,United-States,HS-grad,50,174534,Married-civ-spouse,White,0,Male,Craft-repair,40,<=50K
0,9,Unmarried,Private,United-States,Assoc-voc,40,75618,Never-married,White,0,Female,Exec-managerial,56,<=50K
0,11,Not-in-family,Private,United-States,Some-college,40,186410,Married-civ-spouse,White,0,Male,Exec-managerial,49,>50K
0,9,Own-child,Private,United-States,Bachelors,40,192967,Never-married,Black,0,Male,Craft-repair,26,<=50K
0,9,Husband,Private,United-States,HS-grad,40,349620,Married-civ-spouse,White,0,Male,Exec-managerial,26,<=50K
0,9,Unmarried,Private,United-States,Assoc-acdm,50,160810,Married-civ-spouse,White,0,Male,Craft-repair,58,<=50K
0,9,Husband,Private,United-States,HS-grad,40,143942,Divorced,White,0,Male,Prof-specialty,19,<=50K
0,10,Husband,Federal-gov,United-States,Some-college,40,520759,Married-civ-spouse,White,0,Male,Craft-repair,24,>50K
0,9,Unmarried,Private,United-States,HS-grad,50,19513,Divorced,White,0,Male,Exec-managerial,58,<=50K
0,9,Husband,Private,United-States,Assoc-voc,45,183915,Married-civ-spouse,White,0,Male,Transport-moving,47,<=50K
0,6,Husband,Self-emp-not-inc,United-States,Bachelors,40,163826,Divorced,White,0,Female,Machine-op-inspct,25,>50K
0,9,Husband,Private,United-States,Bachelors,40,232734,Married-civ-spouse,White,0,Male,Prof-specialty,27,<=50K
0,13,Husband,Private,United-States,Bachelors,30,103394,Married-civ-spouse,Black,0,Male,Adm-clerical,44,<=50K
0,13,Husband,Private,United-States,HS-grad,40,242787,Divorced,White,0,Male,Adm-clerical,30,>50K
0,9,Husband,Private,United-States,Some-college,40,113638,Never-married,White,0,Female,Other-service,49,>50K
0,6,Husband,Private,United-States,Assoc-acdm,40,197371,Married-civ-spouse,White,0,Male,Prof-specialty,17,<=50K
0,10,Not-in-family,Private,United-States,Some-college,45,142294,Divorced,White,0,Male,Adm-clerical,39,<=50K
0,9,Husband,Private,Italy,HS-grad,40,243954,Divorced,White,0,Male,Adm-clerical,30,<=50K
0,13,Not-in-family,Private,United-States,Some-college,40,340885,Never-married,White,0,Male,Prof-specialty,38,>50K
0,9,Not-in-family,Private,United-States,HS-grad,40,167414,Divorced,White,0,Female,Craft-repair,68,>50K
0,9,Own-child,Self-emp-not-inc,Canada,HS-grad,60,172982,Married-civ-spouse,White,0,Male,Sales,42,<=50K
0,13,Unmarried,Private,United-States,Bachelors,25,150832,Married-civ-spouse,White,0,Male,Handlers-cleaners,18,<=50K
0,6,Unmarried,Private,United-States,Assoc-voc,40,112867,Married-civ-spouse,White,0,Male,Transport-moving,44,<=50K
0,10,Husband,Private,United-States,Some-college,40,183428,Married-civ-spouse,White,0,Female,Handlers-cleaners,41,>50K
0,7,Husband,Private,United-States,Bachelors,60,230874,Never-married,White,0,Male,Prof-specialty,68,>50K
0,9,Not-in-family,Private,United-States,Some-college,40,132468,Never-married,White,0,Female,Exec-managerial,24,<=50K
0,10,Husband,Private,United-States,Some-college,40,213716,Divorced,White,0,Male,Adm-clerical,51,<=50K
0,11,Not-in-family,Private,United-States,HS-grad,40,175127,Never-married,White,0,Female,Prof-specialty,34,>50K
0,9,Not-in-family,Private,United-States,Assoc-voc,45,122660,Never-married,White,0,Male,Adm-clerical,26,<=50K
0,9,Husband,Private,United-States,Bachelors,42,180130,Married-civ-spouse,White,0,Male,Sales,51,<=50K
0,10,Husband,Private,United-States,Some-college,40,91385,Married-civ-spouse,White,0,Male,Prof-specialty,30,<=50K
0,9,Not-in-family,Private,United-States,HS-grad,40,162422,Never-married,White,0,Female,Exec-managerial,44,<=50K
0,10,Husband,Private,United-States,Some-college,20,170873,Never-married,White,0,Male,Prof-specialty,49,<=50K
0,10,Husband,Private,United-States,Some-college,45,233382,Married-civ-spouse,White,0,Male,Handlers-cleaners,17,<=50K
0,12,Husband,Private,United-States,HS-grad,40,167877,Married-civ-spouse,White,0,Female,Craft-repair,33,<=50K
0,11,Husband,Private,United-States,Bachelors,20,105324,Married-civ-spouse,White,0,Male,Transport-moving,51,>50K
0,10,Not-in-family,Private,United-States,Some-college,40,387316,Never-married,White,0,Male,Sales,29,<=50K
0,10,Not-in-family,Self-emp-not-inc,United-States,Masters,40,244597,Married-civ-spouse,White,0,Male,Other-service,36,<=50K
0,12,Husband,Private,United-States,Bachelors,45,252963,Married-civ-spouse,White,0,Female,Sales,31,>50K
0,10,Not-in-family,Private,United-States,Some-college,40,176839,Never-married,White,0,Female,Other-service,43,<=50K
0,10,Own-child,Private,United-States,Some-college,40,267085,Married-civ-spouse,Asian-Pac-Islander,0,Male,Prof-specialty,45,>50K
0,9,Own-child,Private,United-States,HS-grad,40,106141,Never-married,White,0,Female,Prof-specialty,23,<=50K
0,9,Husband,Private,United-States,HS-grad,40,56789,Never-married,White,0,Female,Transport-moving,33,>50K
0,13,Husband,Private,United-States,HS-grad,40,228372,Married-civ-spouse,White,0,Female,Other-service,26,<=50K
0,9,Not-in-family,Private,United-States,HS-grad,40,402889,Never-married,White,0,Male,Prof-specialty,19,<=50K
0,11,Husband,Private,United-States,HS-grad,40,402136,Divorced,White,0,Male,Sales,40,<=50K
0,10,Not-in-family,Private,United-States,Some-college,60,148711,Divorced,White,1672,Male,Craft-repair,32,>50K
0,9,Own-child,Private,United-States,HS-grad,40,324839,Never-married,White,0,Female,Craft-repair,63,<=50K
0,9,Not-in-family,Private,United-States,Assoc-voc,40,141608,Never-married,White,0,Male,Tech-support,26,>50K
0,9,Not-in-family,Self-emp-inc,United-States,Some-college,40,238567,Married-civ-spouse,White,0,Male,Prof-specialty,56,<=50K
0,9,Husband,Private,United-States,Some-college,50,123577,Married-civ-spouse,White,0,Female,Exec-managerial,34,<=50K
0,9,Husband,Private,United-States,HS-grad,35,62890,Married-civ-spouse,White,0,Female,Machine-op-inspct,26,<=50K
0,9,Husband,Private,United-States,Some-college,40,150630,Married-civ-spouse,White,0,Male,Transport-moving,28,<=50K
0,11,Not-in-family,Private,United-States,Bachelors,40,54573,Never-married,White,0,Female,Handlers-cleaners,41,<=50K
0,13,Husband,Private,United-States,Bachelors,40,237879,Married-civ-spouse,White,0,Male,Tech-support,32,<=50K
0,9,Not-in-family,Private,United-States,Bachelors,40,179560,Married-civ-spouse,White,0,Male,Craft-repair,23,<=50K
0,13,Unmarried,Private,United-States,Masters,55,163929,Married-civ-spouse,White,0,Female,Other-service,45,<=50K
0,13,Husband,Private,United-States,Bachelors,40,163920,Married-civ-spouse,White,0,Male,Sales,54,<=50K
0,10,Not-in-family,Private,United-States,Some-college,40,167658,Married-civ-spouse,Black,0,Male,Other-service,47,<=50K
0,9,Husband,Private,United-States,HS-grad,40,143350,Never-married,White,0,Male,Sales,57,<=50K
0,9,Other-relative,Private,United-States,Some-college,19,163374,Married-civ-spouse,White,0,Male,Prof-specialty,57,<=50K
0,9,Not-in-family,Private,United-States,Assoc-voc,40,187818,Divorced,White,0,Female,Machine-op-inspct,33,<=50K
0,9,Own-child,Private,United-States,Bachelors,40,55929,Married-civ-spouse,White,0,Male,Adm-clerical,58,<=50K
0,9,Not-in-family,Private,United-States,HS-grad,40,134872,Married-civ-spouse,White,0,Male,Sales,46,<=50K
0,13,Husband,Private,United-States,Bachelors,50,63572,Married-civ-spouse,White,0,Male,Sales,50,<=50K
0,6,Husband,Private,United-States,HS-grad,40,229525,Never-married,White,0,Male,Prof-specialty,19,>50K
0,6,Husband,Private,United-States,HS-grad,40,85826,Married-civ-spouse,White,0,Female,Prof-specialty,53,>50K
0,13,Husband,Private,United-States,Bachelors,40,16982,Divorced,White,0,Female,Handlers-cleaners,49,<=50K
0,11,Not-in-family,Private,United-States,Bachelors,40,277700,Married-civ-spouse,White,0,Male,Other-service,34,<=50K
0,11,Husband,Private,United-States,Bachelors,40,62230,Married-civ-spouse,White,0,Female,Adm-clerical,47,>50K
0,12,Not-in-family,Private,United-States,HS-grad,45,132887,Never-married,White,0,Male,Craft-repair,19,>50K
0,9,Husband,Private,United-States,HS-grad,40,204711,Married-civ-spouse,White,0,Male,Prof-specialty,42,<=50K
0,9,Own-child,Private,United-States,HS-grad,40,289034,Never-married,White,0,Male,Craft-repair,23,<=50K
0,13,Not-in-family,Private,United-States,Assoc-voc,40,181273,Never-married,White,0,Male,Exec-managerial,43,<=50K
0,10,Husband,Private,United-States,Some-college,50,199118,Never-married,White,0,Male,Other-service,52,<=50K
0,12,Not-in-family,Private,United-States,10th,20,102601,Divorced,White,0,Male,Prof-specialty,43,<=50K
0,9,Own-child,Private,United-States,HS-grad,45,184785,Married-civ-spouse,Black,0,Male,Exec-managerial,35,<=50K
0,10,Wife,Private,United-States,Some-college,40,96491,Married-civ-spouse,White,0,Male,Sales,49,<=50K
0,9,Not-in-family,Private,United-States,Some-college,40,134890,Married-civ-spouse,White,0,Male,Other-service,34,<=50K
0,6,Husband,State-gov,United-States,HS-grad,40,220611,Married-civ-spouse,White,0,Male,Prof-specialty,44,>50K
0,11,Husband,Private,United-States,Assoc-voc,40,92287,Married-civ-spouse,White,0,Male,Tech-support,48,<=50K
0,9,Unmarried,Private,United-States,Assoc-voc,40,252495,Divorced,White,0,Male,Exec-managerial,23,<=50K
0,13,Not-in-family,Private,United-States,10th,40,162381,Married-civ-spouse,White,0,Female,Transport-moving,38,<=50K
0,3,Husband,Private,United-States,Some-college,40,131885,Married-civ-spouse,White,0,Male,Tech-support,40,<=50K
0,10,Unmarried,Private,United-States,Some-college,55,176594,Married-civ-spouse,White,0,Male,Tech-support,22,<=50K
0,13,Other-relative,Private,United-States,HS-grad,40,333070,Married-civ-spouse,White,0,Male,Other-service,33,<=50K
0,13,Not-in-family,Private,United-States,HS-grad,40,49826,Never-married,White,0,Male,Transport-moving,46,>50K
0,9,Own-child,Private,United-States,11th,50,306045,Never-married,Black,0,Male,Sales,33,<=50K
0,14,Own-child,Private,United-States,Bachelors,40,161216,Never-married,White,0,Female,Craft-repair,39,<=50K
0,10,Husband,Private,United-States,HS-grad,40,225979,Divorced,White,0,Male,Craft-repair,46,<=50K
0,9,Husband,Private,United-States,HS-grad,40,165072,Married-civ-spouse,White,0,Male,Craft-repair,37,<=50K
0,12,Not-in-family,Private,United-States,Bachelors,40,208534,Married-civ-spouse,White,0,Male,Prof-specialty,37,<=50K
0,9,Own-child,Private,United-States,HS-grad,40,147594,Never-married,White,0,Male,Exec-managerial,36,<=50K
0,12,Not-in-family,Private,United-States,Bachelors,40,177973,Married-civ-spouse,White,0,Male,Craft-repair,40,<=50K
0,13,Husband,Self-emp-not-inc,United-States,HS-grad,40,221049,Never-married,White,0,Female,Exec-managerial,30,<=50K
0,9,Husband,Private,United-States,HS-grad,40,138852,Married-civ-spouse,White,0,Male,Machine-op-inspct,27,<=50K
0,10,Not-in-family,Private,United-States,Some-college,40,133528,Married-civ-spouse,White,0,Male,Craft-repair,36,<=50K
0,9,Unmarried,Private,United-States,HS-grad,40,95635,Divorced,White,0,Male,Machine-op-inspct,30,<=50K
0,9,Not-in-family,Private,United-States,Assoc-acdm,40,345780,Never-married,White,0,Female,Prof-specialty,74,>50K
0,10,Husband,Private,United-States,HS-grad,40,252912,Married-civ-spouse,Black,0,Male,Prof-specialty,34,<=50K
0,9,Unmarried,Private,United-States,10th,40,101127,Married-civ-spouse,White,0,Male,Machine-op-inspct,33,>50K
0,11,Not-in-family,Private,United-States,HS-grad,40,277724,Never-married,White,0,Male,Sales,24,<=50K
0,9,Not-in-family,Private,United-States,Masters,40,488083,Never-married,White,0,Male,Craft-repair,34,<=50K
0,12,Not-in-family,Private,United-States,HS-grad,40,84790,Never-married,White,0,Male,Machine-op-inspct,31,<=50K
0,10,Husband,Private,United-States,Some-college,40,261672,Married-civ-spouse,White,0,Male,Adm-clerical,41,<=50K
0,7,Not-in-family,Private,United-States,HS-grad,15,122976,Married-civ-spouse,Amer-Indian-Eskimo,0,Male,Prof-specialty,30,<=50K
0,9,Not-in-family,Federal-gov,United-States,Bachelors,40,167618,Never-married,White,0,Female,Farming-fishing,40,<=50K
0,10,Husband,Private,United-States,Some-college,40,160853,Married-civ-spouse,White,0,Male,Sales,42,<=50K
0,9,Husband,Private,United-States,10th,40,272589,Married-civ-spouse,White,0,Female,Craft-repair,44,<=50K
0,9,Not-in-family,Private,United-States,Doctorate,40,87570,Never-married,White,0,Female,Sales,30,<=50K
0,9,Not-in-family,Private,United-States,Bachelors,40,137620,Never-married,White,0,Male,Other-service,40,<=50K
0,9,Husband,Local-gov,United-States,HS-grad,45,240130,Married-civ-spouse,White,0,Male,Adm-clerical,33,<=50K
0,10,Husband,Private,United-States,Some-college,40,87964,Married-civ-spouse,White,0,Male,Adm-clerical,18,<=50K
0,9,Husband,Private,United-States,1st-4th,40,209913,Married-civ-spouse,White,0,Male,Transport-moving,58,>50K
0,9,Unmarried,Private,United-States,HS-grad,40,62796,Married-civ-spouse,White,1902,Female,Craft-repair,37,<=50K
0,9,Husband,Private,United-States,Bachelors,40,292335,Never-married,White,0,Female,Exec-managerial,22,<=50K
0,13,Not-in-family,Private,United-States,Some-college,40,132974,Married-civ-spouse,White,0,Male,Exec-managerial,40,>50K
0,12,Husband,Private,United-States,Bachelors,40,111385,Divorced,White,0,Female,Craft-repair,23,>50K
0,9,Husband,Private,United-States,HS-grad,40,308945,Married-civ-spouse,White,0,Female,Craft-repair,51,<=50K
0,10,Own-child,Private,United-States,Some-college,40,276958,Never-married,White,0,Female,Prof-specialty,44,<=50K
0,10,Not-in-family,Private,United-States,HS-grad,40,231962,Married-civ-spouse,White,0,Female,Machine-op-inspct,23,<=50K
0,10,Not-in-family,Private,United-States,HS-grad,40,187926,Married-civ-spouse,White,0,Male,Prof-specialty,36,<=50K
0,13,Not-in-family,Private,United-States,Bachelors,40,143826,Separated,White,1741,Male,Sales,26,<=50K
0,7,Husband,Private,United-States,Bachelors,45,131453,Married-civ-spouse,White,0,Male,Prof-specialty,30,<=50K
0,4,Own-child,Federal-gov,United-States,Some-college,40,148526,Never-married,White,0,Female,Handlers-cleaners,44,<=50K
0,13,Own-child,Self-emp-inc,United-States,9th,40,192901,Married-civ-spouse,White,0,Male,Exec-managerial,43,<=50K
0,13,Not-in-family,Private,United-States,HS-grad,30,343021,Never-married,White,0,Male,Other-service,22,>50K
0,9,Own-child,Private,United-States,HS-grad,40,183811,Married-civ-spouse,White,0,Female,Sales,36,>50K
0,9,Unmarried,Private,United-States,HS-grad,40,131534,Married-civ-spouse,White,0,Female,Other-service,38,<=50K
0,9,Not-in-family,Private,United-States,HS-grad,40,103595,Never-married,White,0,Female,Adm-clerical,34,>50K
0,14,Husband,Private,United-States,HS-grad,40,232585,Married-civ-spouse,White,0,Female,Adm-clerical,21,<=50K
0,9,Husband,Local-gov,United-States,Some-college,40,61635,Married-civ-spouse,White,0,Male,Craft-repair,56,<=50K
0,9,Husband,Private,United-States,HS-grad,40,221854,Married-civ-spouse,White,0,Male,Exec-managerial,37,<=50K
0,10,Not-in-family,Private,United-States,HS-grad,20,72792,Never-married,White,0,Male,Adm-clerical,28,<=50K
0,13,Husband,Private,United-States,HS-grad,40,179429,Married-civ-spouse,White,0,Male,Machine-op-inspct,49,<=50K
0,9,Husband,Private,United-States,HS-grad,40,144542,Married-civ-spouse,White,0,Male,Prof-specialty,36,>50K
0,13,Husband,Private,United-States,Some-college,40,170778,Married-civ-spouse,White,0,Male,Transport-moving,26,<=50K
0,9,Husband,Private,United-States,HS-grad,40,324601,Married-civ-spouse,White,0,Male,Exec-managerial,35,<=50K
0,10,Own-child,Private,United-States,Some-college,40,107591,Never-married,White,0,Male,Prof-specialty,17,>50K
0,14,Wife,Private,United-States,Bachelors,40,116934,Married-civ-spouse,White,0,Male,Prof-specialty,38,<=50K
0,10,Husband,Private,United-States,Some-college,40,167585,Never-married,White,0,Male,Protective-serv,42,>50K
0,12,Not-in-family,Private,United-States,HS-grad,40,127975,Never-married,White,0,Male,Sales,27,>50K
0,6,Own-child,Private,United-States,HS-grad,50,54968,Never-married,White,0,Female,Sales,40,<=50K
0,7,Husband,Private,United-States,7th-8th,40,215251,Married-civ-spouse,White,0,Female,Handlers-cleaners,25,<=50K
0,10,Own-child,Private,United-States,Some-college,60,183587,Widowed,White,0,Female,Sales,34,>50K
0,9,Husband,Private,United-States,HS-grad,20,207670,Married-civ-spouse,White,0,Female,Farming-fishing,26,<=50K
0,9,Own-child,Private,United-States,HS-grad,40,127315,Never-married,White,0,Female,Adm-clerical,32,<=50K
0,9,Not-in-family,Private,United-States,Masters,15,58945,Never-married,White,0,Male,Handlers-cleaners,34,<=50K
0,10,Not-in-family,Private,United-States,Some-college,40,41506,Divorced,White,0,Male,Transport-moving,40,<=50K
0,8,Not-in-family,Private,United-States,Some-college,28,281548,Married-civ-spouse,Black,0,Male,Craft-repair,34,<=50K
0,10,Not-in-family,Private,United-States,Some-college,40,184733,Never-married,White,0,Female,Sales,25,<=50K
0,5,Not-in-family,Private,United-States,Some-college,20,195978,Married-civ-spouse,White,0,Female,Adm-clerical,22,<=50K
0,9,Husband,Private,United-States,Bachelors,20,128392,Divorced,White,0,Male,Prof-specialty,38,<=50K
0,6,Husband,Private,United-States,HS-grad,40,205088,Married-civ-spouse,White,0,Male,Prof-specialty,31,>50K
0,9,Husband,Private,United-States,HS-grad,40,214765,Married-civ-spouse,White,0,Male,Sales,33,<=50K
0,9,Husband,Private,United-States,HS-grad,40,143682,Married-civ-spouse,White,0,Male,Craft-repair,40,<=50K
0,9,Husband,Private,United-States,HS-grad,20,220838,Married-civ-spouse,White,0,Male,Adm-clerical,29,<=50K
0,9,Husband,Private,United-States,Assoc-voc,45,88824,Never-married,White,0,Male,Prof-specialty,37,>50K
0,13,Not-in-family,Private,United-States,Bachelors,40,27894,Married-civ-spouse,White,0,Male,Handlers-cleaners,34,>50K
0,9,Husband,Private,United-States,HS-grad,40,245577,Separated,White,0,Male,Prof-specialty,30,<=50K
0,9,Husband,Private,United-States,Bachelors,12,111476,Married-civ-spouse,White,0,Male,Prof-specialty,47,>50K
0,13,Not-in-family,Private,United-States,Some-college,40,102634,Never-married,White,0,Male,Craft-repair,55,<=50K
0,12,Other-relative,Private,United-States,Bachelors,50,148709,Married-civ-spouse,White,0,Male,Prof-specialty,37,<=50K
0,10,Husband,Private,United-States,Some-college,42,221049,Married-civ-spouse,White,0,Male,Other-service,29,>50K
4508,10,Husband,Private,United-States,Some-college,40,221036,Married-civ-spouse,White,0,Female,Craft-repair,36,<=50K
0,9,Husband,Self-emp-inc,United-States,Bachelors,37,131750,Married-civ-spouse,White,0,Male,Machine-op-inspct,44,<=50K
0,13,Husband,Private,United-States,Bachelors,40,224724,Married-civ-spouse,White,0,Male,Prof-specialty,35,>50K
0,5,Husband,Private,United-States,HS-grad,40,109800,Married-civ-spouse,White,0,Male,Sales,54,>50K
0,9,Husband,Private,United-States,HS-grad,30,186726,Married-civ-spouse,White,0,Male,Craft-repair,29,<=50K
0,9,Not-in-family,Private,United-States,Bachelors,40,721161,Never-married,White,0,Male,Adm-clerical,66,<=50K
0,11,Not-in-family,Private,United-States,Bachelors,40,286020,Divorced,White,0,Female,Other-service,29,<=50K
0,13,Husband,Private,United-States,Some-college,36,61952,Never-married,White,0,Female,Exec-managerial,36,<=50K
0,10,Own-child,Self-emp-not-inc,United-States,Some-college,48,194097,Divorced,White,0,Male,Handlers-cleaners,41,>50K
0,9,Unmarried,Private,United-States,Bachelors,41,108913,Married-civ-spouse,White,0,Female,Transport-moving,22,>50K
0,9,Own-child,Private,United-States,HS-grad,25,115414,Never-married,White,0,Male,Handlers-cleaners,65,<=50K
0,9,Husband,Self-emp-not-inc,United-States,HS-grad,40,202982,Married-civ-spouse,White,0,Male,Adm-clerical,28,<=50K
0,12,Husband,Private,United-States,HS-grad,40,162083,Married-civ-spouse,White,0,Female,Adm-clerical,29,<=50K
0,9,Not-in-family,Private,United-States,HS-grad,40,297858,Separated,White,0,Male,Craft-repair,36,<=50K
0,13,Husband,Private,United-States,Bachelors,40,122626,Married-civ-spouse,White,0,Male,Sales,34,<=50K
0,10,Not-in-family,Private,United-States,Bachelors,40,182067,Divorced,White,0,Male,Sales,23,<=50K
0,9,Not-in-family,Private,United-States,10th,50,115414,Never-married,White,0,Male,Craft-repair,50,>50K
0,13,Unmarried,Private,United-States,Bachelors,40,33274,Married-civ-spouse,White,0,Male,Exec-managerial,37,<=50K
0,10,Husband,Private,United-States,HS-grad,40,54788,Never-married,White,0,Female,Sales,38,>50K
0,9,Wife,Local-gov,United-States,Bachelors,40,168564,Married-civ-spouse,White,0,Male,Craft-repair,29,>50K
0,9,Own-child,Private,United-States,Some-college,40,161835,Married-civ-spouse,Asian-Pac-Islander,0,Female,Sales,43,<=50K
0,7,Unmarried,Private,United-States,HS-grad,40,229860,Never-married,White,0,Female,Sales,40,<=50K
0,9,Husband,Private,United-States,Bachelors,40,96076,Never-married,White,0,Female,Prof-specialty,29,<=50K
0,9,Husband,Private,United-States,HS-grad,40,245790,Married-civ-spouse,White,0,Male,Adm-clerical,40,>50K
0,13,Own-child,Private,United-States,HS-grad,40,14894,Married-civ-spouse,White,0,Male,Protective-serv,40,<=50K
0,9,Own-child,Private,United-States,HS-grad,55,133869,Married-civ-spouse,White,0,Female,Other-service,17,<=50K
0,13,Husband,Private,United-States,Bachelors,40,183854,Married-civ-spouse,White,0,Male,Sales,32,>50K
0,9,Husband,Self-emp-not-inc,United-States,HS-grad,35,159449,Married-civ-spouse,White,0,Male,Sales,39,<=50K
0,16,Not-in-family,Private,United-States,Some-college,40,127585,Never-married,White,0,Female,Exec-managerial,55,>50K
0,9,Not-in-family,Private,United-States,Some-college,40,02944,Divorced,White,0,Female,Adm-clerical,45,<=50K
0,9,Husband,Private,South,HS-grad,40,86424,Divorced,White,0,Male,Sales,51,<=50K
0,13,Not-in-family,Private,United-States,Bachelors,40,235039,Never-married,White,0,Male,Craft-repair,26,<=50K
0,9,Husband,Private,United-States,Bachelors,40,166961,Married-civ-spouse,White,0,Male,Exec-managerial,28,<=50K
0,13,Husband,Private,United-States,Assoc-voc,30,210295,Divorced,White,0,Male,Transport-moving,36,<=50K
0,13,Husband,Private,United-States,10th,50,149902,Divorced,White,0,Female,Exec-managerial,22,<=50K
0,9,Husband,Private,United-States,HS-grad,50,362556,Married-civ-spouse,White,0,Female,Sales,37,<=50K
0,7,Not-in-family,Private,United-States,Masters,40,151291,Married-civ-spouse,White,0,Male,Adm-clerical,35,<=50K
0,9,Wife,Private,United-States,Bachelors,40,233085,Married-civ-spouse,White,0,Male,Machine-op-inspct,40,<=50K
0,9,Husband,Private,United-States,HS-grad,40,126849,Married-civ-spouse,White,0,Male,Prof-specialty,65,<=50K
0,9,Husband,Private,United-States,HS-grad,40,56401,Never-married,White,0,Male,Craft-repair,48,<=50K
0,9,Husband,Private,United-States,Assoc-voc,37,103407,Married-civ-spouse,White,0,Male,Transport-moving,35,<=50K
0,13,Husband,Private,United-States,Masters,40,49826,Never-married,White,1977,Male,Machine-op-inspct,29,<=50K
0,13,Husband,Private,United-States,Bachelors,40,91401,Never-married,White,0,Female,Exec-managerial,21,<=50K
0,9,Not-in-family,Private,United-States,HS-grad,35,166048,Divorced,White,0,Male,Exec-managerial,36,<=50K
0,9,Not-in-family,Private,United-States,HS-grad,40,188726,Widowed,White,0,Male,Machine-op-inspct,43,<=50K
0,14,Not-in-family,Private,United-States,HS-grad,40,102650,Divorced,White,0,Female,Handlers-cleaners,24,>50K
0,11,Not-in-family,Private,United-States,HS-grad,40,148822,Married-civ-spouse,White,0,Female,Prof-specialty,27,<=50K
0,9,Husband,Private,United-States,Assoc-voc,40,262468,Married-civ-spouse,White,0,Male,Prof-specialty,29,<=50K
0,9,Husband,Private,United-States,11th,40,172885,Married-civ-spouse,White,0,Female,Craft-repair,53,<=50K
0,14,Not-in-family,Private,United-States,Bachelors,60,138530,Divorced,White,0,Male,Sales,40,<=50K
0,9,Own-child,Private,United-States,Some-college,40,202912,Married-civ-spouse,Black,0,Male,Prof-specialty,35,<=50K
0,12,Not-in-family,Private,United-States,HS-grad,40,151848,Never-married,White,0,Male,Adm-clerical,37,<=50K
0,10,Not-in-family,Private,United-States,HS-grad,40,307310,Never-married,White,0,Male,Exec-managerial,46,>50K
0,10,Unmarried,Private,United-States,Some-college,38,72491,Married-civ-spouse,White,0,Male,Craft-repair,21,<=50K
0,10,Husband,Private,United-States,Some-college,35,202872,Married-civ-spouse,White,0,Male,Exec-managerial,22,<=50K
0,9,Not-in-family,Private,United-States,HS-grad,40,226716,Never-married,White,0,Female,Machine-op-inspct,33,<=50K
0,13,Not-in-family,Private,United-States,HS-grad,40,03897,Never-married,White,0,Male,Sales,47,<=50K
0,9,Husband,Private,United-States,HS-grad,60,178529,Married-civ-spouse,White,0,Male,Craft-repair,90,<=50K
0,9,Husband,Private,United-States,Bachelors,40,243842,Married-civ-spouse,White,0,Male,Machine-op-inspct,44,>50K
0,11,Husband,Private,United-States,Some-college,40,57600,Married-civ-spouse,White,0,Male,Craft-repair,18,<=50K
0,9,Husband,Private,United-States,Bachelors,50,171751,Married-civ-spouse,White,0,Female,Transport-moving,47,<=50K
0,13,Husband,Private,United-States,Bachelors,30,187764,Divorced,White,0,Male,Prof-specialty,52,<=50K
0,10,Own-child,Private,United-States,HS-grad,35,267736,Never-married,White,0,Male,Machine-op-inspct,45,>50K
0,4,Husband,Private,United-States,9th,40,80324,Married-civ-spouse,White,0,Male,Farming-fishing,45,>50K
0,7,Husband,Private,United-States,HS-grad,40,196791,Married-civ-spouse,White,0,Male,Craft-repair,50,<=50K
0,13,Own-child,Private,United-States,10th,30,192936,Married-civ-spouse,White,0,Male,Prof-specialty,29,>50K
0,9,Not-in-family,Private,Mexico,HS-grad,40,361212,Married-civ-spouse,White,0,Male,Handlers-cleaners,23,<=50K
0,10,Husband,Self-emp-not-inc,United-States,Some-college,40,146721,Married-civ-spouse,White,0,Male,Craft-repair,19,<=50K
0,13,Own-child,Private,United-States,Bachelors,40,251905,Married-civ-spouse,White,0,Male,Craft-repair,34,<=50K
0,10,Not-in-family,Private,United-States,Some-college,40,199266,Married-civ-spouse,Black,0,Male,Craft-repair,36,<=50K
0,10,Husband,Private,United-States,Some-college,45,175067,Married-civ-spouse,White,0,Male,Craft-repair,34,<=50K
0,9,Own-child,Private,United-States,HS-grad,50,112763,Never-married,White,0,Female,Machine-op-inspct,40,<=50K
0,9,Wife,Private,United-States,HS-grad,40,184938,Never-married,White,0,Female,Exec-managerial,37,<=50K
0,9,Husband,Private,United-States,HS-grad,40,131565,Never-married,White,0,Male,Sales,36,<=50K
0,13,Husband,Private,United-States,Assoc-voc,40,96428,Married-civ-spouse,White,0,Male,Adm-clerical,30,<=50K
0,10,Husband,Private,United-States,Some-college,40,142880,Married-civ-spouse,White,0,Female,Prof-specialty,22,<=50K
0,9,Husband,Private,United-States,HS-grad,60,101635,Divorced,White,0,Female,Sales,24,<=50K
0,13,Husband,Private,United-States,Some-college,40,44780,Married-civ-spouse,White,0,Male,Prof-specialty,27,<=50K
0,9,Husband,Private,United-States,HS-grad,45,307844,Divorced,White,0,Female,Machine-op-inspct,26,<=50K
0,9,Own-child,Private,United-States,Some-college,30,363564,Never-married,White,0,Male,Prof-specialty,57,<=50K
0,9,Husband,Federal-gov,United-States,Some-college,40,173585,Married-civ-spouse,White,0,Male,Exec-managerial,44,<=50K
0,13,Husband,Private,United-States,Bachelors,40,179560,Married-civ-spouse,White,0,Male,Transport-moving,38,<=50K
0,13,Wife,Private,United-States,Bachelors,40,131664,Married-civ-spouse,White,0,Female,Other-service,37,<=50K
0,10,Husband,Private,United-States,Bachelors,40,136777,Married-civ-spouse,White,0,Male,Exec-managerial,35,<=50K
0,13,Not-in-family,Private,Mexico,Bachelors,45,202872,Never-married,White,0,Male,Prof-specialty,26,<=50K
0,10,Husband,Local-gov,United-States,Some-college,45,83933,Never-married,Asian-Pac-Islander,0,Male,Adm-clerical,34,<=50K
0,10,Husband,Private,United-States,Some-college,40,152307,Married-civ-spouse,White,0,Male,Craft-repair,29,<=50K
0,9,Husband,Private,United-States,Some-college,40,167618,Married-civ-spouse,White,0,Female,Craft-repair,48,>50K
0,11,Husband,Private,United-States,Bachelors,40,207323,Divorced,White,0,Female,Sales,24,<=50K
0,9,Own-child,Private,United-States,10th,40,152629,Married-civ-spouse,White,0,Female,Other-service,34,<=50K
0,9,Not-in-family,Private,United-States,10th,40,231174,Married-civ-spouse,White,0,Male,Adm-clerical,55,<=50K
0,9,Husband,Private,United-States,HS-grad,40,254547,Married-civ-spouse,White,0,Male,Transport-moving,30,<=50K
0,13,Not-in-family,Private,United-States,Bachelors,50,152789,Married-civ-spouse,White,0,Female,Sales,24,<=50K
0,9,Husband,Private,United-States,Bachelors,50,234591,Married-civ-spouse,White,0,Female,Exec-managerial,53,>50K
0,12,Husband,Private,United-States,Some-college,20,96483,Married-civ-spouse,White,0,Male,Prof-specialty,39,<=50K
0,9,Own-child,Private,United-States,HS-grad,40,141272,Never-married,White,0,Male,Exec-managerial,45,<=50K
0,10,Own-child,Private,United-States,Some-college,40,257574,Married-civ-spouse,White,0,Male,Machine-op-inspct,29,<=50K
0,9,Not-in-family,Private,United-States,HS-grad,40,167738,Never-married,White,0,Male,Craft-repair,29,<=50K
0,13,Husband,Private,United-States,Bachelors,40,54558,Married-civ-spouse,White,0,Male,Machine-op-inspct,42,<=50K
0,13,Husband,Private,United-States,Bachelors,40,188379,Married-civ-spouse,White,0,Female,Transport-moving,27,<=50K
0,9,Not-in-family,Private,United-States,HS-grad,40,347864,Married-civ-spouse,White,0,Female,Sales,40,>50K
0,13,Own-child,Private,United-States,HS-grad,38,147715,Never-married,White,0,Female,Exec-managerial,55,<=50K
0,10,Own-child,Private,United-States,Bachelors,40,111150,Married-civ-spouse,White,0,Male,Transport-moving,55,>50K
2964,10,Not-in-family,Private,United-States,Some-college,40,194004,Married-civ-spouse,White,0,Male,Craft-repair,46,>50K
0,10,Not-in-family,Private,United-States,Assoc-voc,40,188557,Married-civ-spouse,White,0,Male,Craft-repair,31,<=50K
0,10,Own-child,Private,United-States,10th,40,104509,Never-married,White,0,Female,Sales,33,<=50K
0,9,Husband,Private,United-States,HS-grad,40,177584,Never-married,White,0,Female,Exec-managerial,38,>50K
0,9,Husband,Private,United-States,Some-college,40,17986,Married-civ-spouse,White,0,Male,Transport-moving,40,<=50K
0,9,Husband,Private,United-States,Some-college,40,202948,Married-civ-spouse,White,0,Male,Exec-managerial,40,<=50K
0,7,Husband,Private,United-States,Bachelors,40,226072,Married-civ-spouse,White,0,Male,Adm-clerical,38,<=50K
0,13,Husband,Private,United-States,Some-college,40,200153,Married-civ-spouse,White,0,Female,Prof-specialty,61,<=50K
0,9,Not-in-family,Private,United-States,Assoc-voc,35,183389,Never-married,White,0,Male,Other-service,18,<=50K
0,9,Own-child,Private,United-States,Bachelors,40,554317,Never-married,White,0,Male,Exec-managerial,72,<=50K
0,9,Husband,Private,United-States,Some-college,40,131547,Divorced,White,0,Male,Prof-specialty,53,<=50K
0,9,Not-in-family,Private,United-States,HS-grad,40,103407,Divorced,White,0,Male,Adm-clerical,18,<=50K
0,13,Not-in-family,Private,United-States,HS-grad,40,95639,Never-married,White,0,Male,Other-service,34,>50K
0,13,Not-in-family,Private,United-States,Bachelors,40,136629,Never-married,White,0,Male,Craft-repair,54,>50K
0,9,Never-married,Private,United-States,HS-grad,40,166961,Never-married,White,0,Female,Adm-clerical,34,>50K
0,11,Not-in-family,Local-gov,United-States,Masters,40,109385,Divorced,White,0,Male,Craft-repair,32,<=50K
0,10,Husband,Private,United-States,Some-college,40,167631,Never-married,White,0,Male,Transport-moving,52,<=50K
0,14,Husband,Private,United-States,11th,40,187283,Married-civ-spouse,White,0,Male,Sales,49,<=50K
0,9,Other-relative,Private,United-States,Bachelors,40,142429,Divorced,White,0,Male,Craft-repair,27,<=50K
0,9,Husband,Self-emp-not-inc,United-States,Some-college,40,197407,Married-civ-spouse,White,0,Male,Prof-specialty,22,>50K
0,13,Not-in-family,Private,United-States,Bachelors,16,172046,Never-married,White,0,Female,Craft-repair,59,<=50K
0,9,Husband,Private,United-States,HS-grad,40,282534,Married-civ-spouse,White,0,Male,Sales,64,<=50K
0,9,Never-married,Private,United-States,HS-grad,50,314310,Never-married,White,0,Male,Craft-repair,42,>50K
0,10,Never-married,Private,United-States,HS-grad,48,204491,Never-married,White,0,Female,Other-service,22,<=50K
0,9,Own-child,Private,United-States,Bachelors,40,221065,Never-married,Black,0,Female,Exec-managerial,50,>50K
0,13,Husband,Private,United-States,Some-college,40,76860,Married-civ-spouse,White,0,Male,Exec-managerial,25,<=50K
0,10,Not-in-family,Private,United-States,Some-college,40,30800,Never-married,White,0,Female,Adm-clerical,44,<=50K
0,9,Husband,Private,United-States,HS-grad,45,307857,Married-civ-spouse,White,0,Male,Sales,56,<=50K
0,9,Husband,Private,United-States,Some-college,35,279873,Married-civ-spouse,White,0,Male,Farming-fishing,28,<=50K
0,10,Husband,Private,United-States,Bachelors,50,46476,Married-civ-spouse,White,0,Male,Craft-repair,43,<=50K
0,10,Husband,Private,United-States,HS-grad,40,63624,Married-civ-spouse,White,0,Female,Craft-repair,18,<=50K
0,11,Husband,Private,United-States,Bachelors,40,73975,Never-married,White,0,Male,Adm-clerical,28,<=50K
0,13,Not-in-family,Private,United-States,Bachelors,20,224710,Never-married,White,0,Female,Prof-specialty,40,<=50K
0,7,Husband,Private,United-States,Bachelors,40,221666,Married-civ-spouse,White,0,Female,Sales,25,<=50K
0,13,Not-in-family,Private,United-States,Assoc-voc,40,131068,Never-married,White,0,Female,Prof-specialty,38,<=50K
0,9,Husband,Private,United-States,HS-grad,50,136038,Married-civ-spouse,White,0,Male,Machine-op-inspct,67,<=50K
0,13,Not-in-family,Private,United-States,Some-college,40,107225,Married-civ-spouse,White,0,Male,Tech-support,37,<=50K
0,9,Husband,Private,United-States,HS-grad,40,249924,Never-married,White,0,Female,Sales,62,<=50K
0,10,Husband,Private,United-States,Some-college,40,120828,Married-civ-spouse,White,0,Male,Craft-repair,20,<=50K
0,9,Not-in-family,Private,United-States,11th,40,180972,Married-civ-spouse,White,0,Female,Exec-managerial,39,>50K
0,7,Husband,Private,United-States,HS-grad,20,138894,Married-civ-spouse,White,0,Male,Prof-specialty,35,>50K
0,9,Unmarried,Private,United-States,HS-grad,40,78724,Married-civ-spouse,White,0,Male,Prof-specialty,34,<=50K
0,13,Not-in-family,Private,United-States,Assoc-acdm,40,135085,Never-married,White,0,Male,Adm-clerical,69,<=50K
0,9,Not-in-family,Private,United-States,Assoc-voc,40,119358,Never-married,White,0,Male,Adm-clerical,55,<=50K
0,13,Not-in-family,Private,United-States,9th,40,219624,Divorced,White,0,Male,Transport-moving,23,<=50K
0,9,Not-in-family,Private,United-States,HS-grad,40,43864,Divorced,White,0,Female,Other-service,25,<=50K
0,9,Not-in-family,Private,United-States,HS-grad,60,271572,Married-civ-spouse,White,0,Female,Sales,35,<=50K
0,9,Husband,Private,United-States,Bachelors,35,55929,Married-civ-spouse,White,0,Female,Exec-managerial,35,<=50K
0,9,Unmarried,Private,United-States,Some-college,40,176856,Married-civ-spouse,White,0,Male,Handlers-cleaners,28,<=50K
0,9,Husband,Private,United-States,HS-grad,48,199056,Married-civ-spouse,White,0,Male,Prof-specialty,56,>50K
0,9,Not-in-family,Private,United-States,HS-grad,40,42044,Never-married,White,0,Male,Prof-specialty,33,<=50K
0,9,Own-child,Private,United-States,Bachelors,40,248344,Married-civ-spouse,White,0,Male,Craft-repair,55,<=50K
0,10,Not-in-family,Private,United-States,HS-grad,40,85872,Never-married,Amer-Indian-Eskimo,0,Male,Prof-specialty,34,<=50K
0,9,Husband,Private,United-States,Bachelors,55,253944,Separated,White,0,Male,Prof-specialty,47,<=50K
0,10,Own-child,Private,United-States,HS-grad,40,187715,Married-civ-spouse,White,0,Male,Prof-specialty,48,>50K
0,9,Husband,Private,United-States,Some-college,40,168539,Never-married,White,0,Male,Sales,39,>50K
0,10,Not-in-family,Private,United-States,Bachelors,40,157534,Married-civ-spouse,White,0,Male,Sales,34,<=50K
0,13,Not-in-family,Private,United-States,9th,40,265266,Never-married,White,0,Female,Tech-support,27,<=50K
0,9,Husband,Private,United-States,Masters,60,130532,Married-civ-spouse,White,0,Male,Craft-repair,60,>50K
0,10,Not-in-family,Private,United-States,Some-college,40,21504,Never-married,White,0,Female,Sales,41,<=50K
0,9,Husband,Private,United-States,Some-college,48,118792,Married-civ-spouse,White,0,Female,Farming-fishing,17,<=50K
0,9,Husband,Private,United-States,Bachelors,40,138730,Married-civ-spouse,White,0,Male,Machine-op-inspct,28,<=50K
0,9,Own-child,Private,United-States,Bachelors,40,83822,Never-married,White,0,Male,Craft-repair,54,<=50K
0,9,Husband,Private,United-States,Assoc-voc,40,178548,Never-married,Other-country,0,Male,Prof-specialty,38,<=50K
0,7,Own-child,Private,United-States,Doctorate,40,189438,Never-married,White,0,Male,Prof-specialty,34,<=50K
0,13,Husband,Private,United-States,HS-grad,45,152573,Divorced,White,0,Male,Handlers-cleaners,32,<=50K
0,9,Own-child,Private,United-States,HS-grad,40,315804,Widowed,White,0,Male,Machine-op-inspct,25,>50K
0,3,Not-in-family,Private,United-States,Bachelors,40,167869,Never-married,White,0,Male,Other-service,38,<=50K
0,10,Husband,Private,United-States,Some-college,40,318915,Married-civ-spouse,White,0,Male,Handlers-cleaners,32,<=50K
0,13,Not-in-family,Private,United-States,HS-grad,40,127323,Never-married,White,0,Male,Craft-repair,54,<=50K
0,10,Unmarried,Private,United-States,Some-college,60,44760,Married-civ-spouse,White,0,Female,Machine-op-inspct,44,<=50K
0,9,Not-in-family,Private,United-States,HS-grad,40,170376,Widowed,White,0,Male,Adm-clerical,38,<=50K
0,6,Not-in-family,Private,United-States,Bachelors,40,153005,Divorced,Black,0,Female,Exec-managerial,49,<=50K
0,9,Own-child,Private,United-States,Bachelors,40,132961,Never-married,White,0,Female,Other-service,52,<=50K
0,13,Own-child,Private,United-States,Masters,40,137769,Married-civ-spouse,White,0,Male,Sales,55,<=50K
0,10,Own-child,Private,United-States,Some-college,40,206343,Never-married,White,0,Male,Tech-support,39,<=50K
0,9,Husband,Local-gov,United-States,Some-college,20,388811,Married-civ-spouse,White,0,Male,Adm-clerical,20,<=50K
0,9,Husband,Private,United-States,HS-grad,15,108913,Divorced,White,0,Female,Craft-repair,45,<=50K
0,13,Husband,Private,United-States,Assoc-voc,40,248730,Never-married,White,0,Male,Exec-managerial,53,>50K
0,9,Husband,Private,United-States,HS-grad,40,256609,Married-civ-spouse,White,0,Female,Prof-specialty,23,<=50K
0,10,Own-child,Private,United-States,HS-grad,40,116489,Married-civ-spouse,White,0,Male,Exec-managerial,24,>50K
0,10,Husband,Private,United-States,Masters,40,23099,Never-married,White,0,Male,Sales,47,<=50K
0,7,Husband,Private,United-States,HS-grad,72,174477,Married-civ-spouse,White,0,Female,Exec-managerial,22,>50K
0,10,Husband,Private,United-States,Some-college,40,8981,Married-civ-spouse,White,0,Male,Exec-managerial,18,<=50K
0,9,Husband,Private,United-States,HS-grad,35,25005,Married-civ-spouse,White,0,Male,Craft-repair,20,>50K
0,4,Husband,Self-emp-inc,United-States,Assoc-acdm,42,220993,Never-married,White,0,Female,Transport-moving,56,<=50K
0,11,Unmarried,Private,United-States,Bachelors,30,225317,Married-civ-spouse,White,0,Female,Handlers-cleaners,40,<=50K
0,10,Husband,Private,United-States,Some-college,40,187911,Never-married,White,0,Male,Farming-fishing,22,<=50K
0,9,Husband,Private,United-States,HS-grad,40,188802,Married-civ-spouse,White,0,Male,Craft-repair,28,<=50K
0,13,Not-in-family,Private,United-States,Bachelors,40,377075,Divorced,White,0,Male,Craft-repair,23,<=50K
0,14,Not-in-family,Self-emp-inc,United-States,Bachelors,45,356477,Never-married,White,0,Female,Exec-managerial,39,<=50K
0,10,Husband,Private,United-States,Some-college,35,317445,Married-civ-spouse,White,0,Male,Prof-specialty,35,<=50K
0,9,Not-in-family,Local-gov,United-States,Bachelors,40,21464,Married-civ-spouse,White,0,Female,Prof-specialty,44,<=50K
0,13,Not-in-family,Private,United-States,Bachelors,40,88842,Married-civ-spouse,White,0,Male,Sales,28,<=50K
0,9,Not-in-family,Private,United-States,HS-grad,45,44773,Married-civ-spouse,White,0,Female,Craft-repair,36,<=50K
0,9,Own-child,Private,United-States,Prof-school,40,97435,Never-married,White,0,Female,Exec-managerial,42,<=50K
0,10,Not-in-family,Self-emp-not-inc,United-States,Some-college,40,197189,Married-civ-spouse,White,0,Male,Adm-clerical,33,<=50K
0,9,Husband,Private,United-States,Bachelors,40,187216,Never-married,White,0,Female,Prof-specialty,41,>50K
0,9,Own-child,Private,United-States,10th,40,233545,Married-civ-spouse,White,0,Female,Other-service,55,<=50K
0,10,Own-child,Private,United-States,Some-college,40,158868,Never-married,White,0,Male,Prof-specialty,18,<=50K
0,9,Husband,Local-gov,United-States,Bachelors,50,285087,Married-civ-spouse,White,0,Male,Prof-specialty,36,<=50K
0,13,Not-in-family,Private,United-States,Bachelors,40,353055,Never-married,White,0,Male,Exec-managerial,38,<=50K
0,10,Other-relative,Private,United-States,HS-grad,40,168888,Never-married,White,0,Female,Adm-clerical,42,<=50K
0,9,Husband,Private,United-States,Bachelors,40,374969,Never-married,White,0,Male,Prof-specialty,27,<=50K
0,9,Husband,Private,United-States,Bachelors,45,77936,Divorced,White,0,Male,Exec-managerial,29,<=50K
2174,14,Own-child,Private,United-States,Some-college,40,97829,Married-civ-spouse,White,0,Male,Exec-managerial,24,>50K
0,9,Not-in-family,Private,United-States,5th-6th,35,193425,Married-civ-spouse,White,0,Male,Handlers-cleaners,23,<=50K
0,12,Not-in-family,Private,United-States,Assoc-acdm,55,126085,Married-civ-spouse,White,0,Male,Protective-serv,23,<=50K
0,9,Husband,Private,United-States,HS-grad,40,84857,Never-married,White,0,Female,Exec-managerial,33,<=50K
0,9,Husband,Private,United-States,HS-grad,60,150802,Divorced,White,0,Male,Prof-specialty,19,<=50K
0,9,Husband,Private,United-States,HS-grad,40,190543,Never-married,White,0,Male,Handlers-cleaners,37,<=50K
0,9,Not-in-family,Private,United-States,Some-college,40,137873,Never-married,White,0,Male,Exec-managerial,22,>50K
0,9,Not-in-family,Private,United-States,HS-grad,12,256609,Married-civ-spouse,White,0,Male,Sales,39,>50K
0,10,Husband,Private,United-States,Some-college,40,244567,Married-civ-spouse,White,0,Male,Exec-managerial,55,<=50K
0,6,Husband,Private,United-States,Some-college,45,188802,Divorced,White,0,Male,Exec-managerial,33,<=50K
0,10,Not-in-family,Private,United-States,Masters,40,240374,Married-civ-spouse,White,0,Male,Machine-op-inspct,58,<=50K
0,7,Not-in-family,Private,United-States,Bachelors,40,218975,Never-married,White,0,Male,Other-service,26,<=50K
0,9,Husband,Private,United-States,HS-grad,40,97574,Married-civ-spouse,White,0,Male,Prof-specialty,60,<=50K
0,11,Husband,Private,United-States,Some-college,40,257824,Divorced,Black,0,Female,Tech-support,40,<=50K
0,9,Husband,Private,United-States,Masters,35,150220,Divorced,White,0,Female,Adm-clerical,50,<=50K
0,13,Own-child,Private,United-States,Some-college,40,75826,Divorced,White,0,Female,Adm-clerical,17,<=50K
4508,10,Not-in-family,Private,United-States,Some-college,40,210844,Married-civ-spouse,White,0,Female,Prof-specialty,56,<=50K
0,13,Not-in-family,Private,United-States,HS-grad,40,62463,Never-married,White,0,Male,Other-service,48,<=50K
0,13,Not-in-family,Private,United-States,Bachelors,40,148510,Never-married,White,0,Male,Prof-specialty,42,<=50K
0,6,Not-in-family,Private,United-States,7th-8th,40,361608,Never-married,White,0,Female,Adm-clerical,47,>50K
15024,13,Husband,Private,United-States,Some-college,40,273676,Married-civ-spouse,White,0,Male,Craft-repair,28,>50K
0,12,Husband,Private,United-States,Bachelors,50,132064,Never-married,White,0,Male,Adm-clerical,32,<=50K
0,11,Own-child,Private,United-States,Assoc-voc,40,207578,Never-married,White,0,Female,Adm-clerical,21,<=50K
0,9,Husband,Self-emp-inc,United-States,Bachelors,40,163485,Married-civ-spouse,White,0,Male,Prof-specialty,48,<=50K
0,9,Unmarried,Private,United-States,Bachelors,40,154460,Married-civ-spouse,White,0,Male,Adm-clerical,24,>50K
0,3,Husband,Private,United-States,Some-college,40,308520,Married-civ-spouse,White,0,Male,Handlers-cleaners,45,<=50K
0,13,Own-child,Private,United-States,HS-grad,40,43940,Never-married,White,0,Female,Craft-repair,33,<=50K
0,11,Not-in-family,Local-gov,United-States,Bachelors,40,56575,Never-married,Black,0,Male,Exec-managerial,29,>50K
0,9,Unmarried,Private,United-States,Some-college,40,306666,Married-civ-spouse,White,0,Female,Adm-clerical,46,>50K
4934,9,Not-in-family,Private,United-States,HS-grad,45,38294,Married-civ-spouse,White,0,Male,Sales,42,<=50K
0,6,Husband,Private,United-States,Bachelors,40,86490,Married-civ-spouse,Black,0,Male,Exec-managerial,55,<=50K
0,10,Wife,Private,United-States,HS-grad,40,252653,Married-civ-spouse,White,0,Male,Exec-managerial,37,<=50K
0,11,Not-in-family,Private,United-States,Some-college,40,81848,Married-civ-spouse,White,0,Male,Craft-repair,27,>50K
0,9,Not-in-family,Private,United-States,HS-grad,60,176829,Married-civ-spouse,White,0,Male,Prof-specialty,48,<=50K
0,9,Husband,Private,United-States,Prof-school,40,174461,Never-married,White,0,Female,Adm-clerical,82,>50K
0,10,Not-in-family,Private,United-States,Some-college,40,184659,Married-civ-spouse,White,0,Female,Other-service,23,<=50K
0,10,Husband,Private,United-States,Some-college,50,162442,Married-civ-spouse,White,0,Male,Craft-repair,45,<=50K
0,13,Husband,Private,United-States,Bachelors,40,283961,Married-civ-spouse,White,0,Male,Exec-managerial,46,<=50K
0,14,Not-in-family,Private,United-States,Bachelors,40,302077,Never-married,White,0,Male,Prof-specialty,28,<=50K
0,9,Husband,Private,United-States,HS-grad,40,208534,Married-civ-spouse,White,0,Male,Prof-specialty,48,>50K
0,10,Not-in-family,Private,United-States,Some-college,55,91275,Never-married,White,0,Male,Transport-moving,31,>50K
0,7,Husband,Private,United-States,HS-grad,40,62290,Married-civ-spouse,White,0,Male,Transport-moving,23,>50K
0,9,Husband,Private,United-States,Assoc-voc,40,213821,Married-civ-spouse,White,0,Male,Other-service,31,<=50K
0,9,Not-in-family,Private,United-States,HS-grad,40,128033,Never-married,White,0,Male,Exec-managerial,27,<=50K
0,10,Husband,Private,United-States,Some-college,40,67835,Never-married,White,0,Male,Sales,27,<=50K
0,13,Husband,Private,United-States,Bachelors,40,423222,Married-civ-spouse,White,0,Male,Exec-managerial,24,<=50K
0,9,Wife,Private,United-States,HS-grad,45,74875,Married-civ-spouse,White,0,Female,Other-service,41,<=50K
0,10,Husband,Private,United-States,Some-college,40,262329,Married-civ-spouse,White,0,Male,Prof-specialty,58,<=50K
0,13,Not-in-family,Private,United-States,Bachelors,40,247735,Never-married,White,0,Female,Transport-moving,42,>50K
0,10,Husband,Private,United-States,Some-college,40,201603-15,Divorced,White,0,Male,Sales,26,<=50K
0,13,Husband,Local-gov,United-States,Bachelors,20,17074,Married-civ-spouse,White,0,Male,Prof-specialty,31,<=50K
0,9,Not-in-family,Private,United-States,Bachelors,40,406701,Married-civ-spouse,White,0,Male,Craft-repair,29,<=50K
0,12,Husband,Self-emp-not-inc,United-States,HS-grad,40,189224,Married-civ-spouse,White,0,Male,Craft-repair,65,>50K
0,9,Own-child,Self-emp-not-inc,United-States,Bachelors,40,150867,Never-married,White,0,Male,Sales,22,<=50K
0,13,Not-in-family,Private,United-States,HS-grad,40,176146,Married-civ-spouse,Other,0,Male,Prof-specialty,43,<=50K
0,10,Own-child,Private,United-States,Some-college,40,92485,Never-married,White,0,Male,Handlers-cleaners,33,<=50K
0,5,Unmarried,Private,United-States,Masters,20,176885,Married-civ-spouse,White,0,Male,Prof-specialty,30,<=50K
0,9,Not-in-family,Private,United-States,Masters,50,301251,Married-civ-spouse,White,0,Male,Craft-repair,31,<=50K
0,11,Husband,Private,United-States,Bachelors,40,109997,Married-civ-spouse,White,0,Male,Adm-clerical,46,<=50K
0,13,Husband,Private,United-States,HS-grad,15,143928,Married-civ-spouse,White,0,Male,Sales,41,<=50K
0,9,Husband,Private,United-States,HS-grad,50,363094,Married-civ-spouse,White,0,Female,Other-service,38,<=50K
0,11,Unmarried,Private,United-States,Assoc-acdm,48,117760,Married-civ-spouse,White,0,Male,Prof-specialty,54,<=50K
0,10,Husband,Private,United-States,Some-college,40,195744,Married-civ-spouse,White,0,Female,Handlers-cleaners,49,>50K
0,12,Husband,Private,United-States,Some-college,40,231175,Never-married,White,0,Male,Exec-managerial,50,<=50K
0,10,Husband,Private,United-States,Some-college,40,155489,Married-civ-spouse,White,0,Male,Craft-repair,43,<=50K
0,9,Husband,Private,United-States,HS-grad,35,81428,Married-civ-spouse,White,0,Male,Sales,52,<=50K
0,13,Not-in-family,Private,United-States,Bachelors,40,131047,Married-civ-spouse,White,0,Male,Craft-repair,42,>50K
0,9,Husband,Private,United-States,Bachelors,40,187875,Married-civ-spouse,White,0,Male,Handlers-cleaners,70,<=50K
0,9,Not-in-family,Private,United-States,HS-grad,40,132633,Divorced,White,0,Female,Adm-clerical,27,<=50K
0,13,Husband,Private,United-States,10th,40,157749,Never-married,White,0,Male,Prof-specialty,49,<=50K
0,9,Not-in-family,Private,United-States,11th,40,347623,Married-civ-spouse,White,0,Male,Handlers-cleaners,56,<=50K
0,9,Not-in-family,Private,United-States,HS-grad,40,331875,Married-civ-spouse,White,0,Female,Transport-moving,34,>50K
0,10,Husband,Self-emp-not-inc,United-States,Some-college,45,137611,Never-married,White,0,Male,Sales,42,>50K
0,9,Husband,Private,United-States,HS-grad,40,85700,Married-civ-spouse,White,0,Male,Other-service,59,<=50K
0,9,Husband,Private,United-States,HS-grad,40,259722,Married-civ-spouse,White,0,Male,Machine-op-inspct,22,<=50K
0,13,Not-in-family,Private,United-States,HS-grad,80,120767,Divorced,White,0,Female,Craft-repair,24,<=50K
0,12,Husband,Private,United-States,Bachelors,40,259301,Divorced,White,0,Male,Prof-specialty,60,<=50K
0,10,Own-child,Private,United-States,Some-college,40,194690,Married-civ-spouse,White,0,Male,Craft-repair,21,<=50K
0,9,Other-relative,Self-emp-inc,United-States,HS-grad,40,147773,Never-married,White,0,Male,Prof-specialty,33,>50K
0,7,Husband,Private,United-States,HS-grad,40,131195,Never-married,White,0,Female,Sales,33,<=50K
0,5,Husband,Private,United-States,Bachelors,40,27484,Never-married,White,0,Male,Craft-repair,28,>50K
0,10,Husband,Private,United-States,Some-college,20,03839,Never-married,White,0,Male,Exec-managerial,42,<=50K
0,14,Not-in-family,Private,United-States,HS-grad,36,82221,Divorced,White,0,Male,Handlers-cleaners,48,<=50K
0,13,Wife,Private,United-States,HS-grad,40,1011153,Married-civ-spouse,White,0,Female,Craft-repair,17,<=50K
0,4,Own-child,Private,United-States,HS-grad,40,242891,Never-married,White,0,Male,Adm-clerical,34,<=50K
0,13,Unmarried,Private,United-States,HS-grad,50,61905,Married-civ-spouse,White,0,Male,Transport-moving,20,<=50K
0,9,Not-in-family,Private,United-States,Some-college,40,291336,Divorced,White,0,Female,Handlers-cleaners,18,<=50K
0,9,Husband,Private,United-States,HS-grad,40,146887,Never-married,Black,0,Male,Sales,34,<=50K
0,9,Not-in-family,Private,United-States,HS-grad,38,255843,Never-married,White,0,Female,Adm-clerical,33,<=50K
0,11,Not-in-family,Private,United-States,Bachelors,40,115411,Never-married,White,0,Male,Handlers-cleaners,29,<=50K
0,10,Own-child,Private,United-States,Some-college,40,364657,Never-married,White,0,Male,Transport-moving,35,>50K
0,4,Unmarried,Private,United-States,Some-college,40,107960,Never-married,White,0,Male,Farming-fishing,21,>50K
0,10,Husband,Private,United-States,Some-college,40,133061,Married-civ-spouse,White,0,Male,Exec-managerial,59,<=50K
0,9,Not-in-family,Private,United-States,Some-college,40,259439,Never-married,White,0,Male,Prof-specialty,37,>50K
0,13,Not-in-family,Private,United-States,Bachelors,55,230854,Divorced,White,0,Male,Handlers-cleaners,35,<=50K
0,9,Other-relative,Private,United-States,HS-grad,40,101815,Married-civ-spouse,White,0,Female,Exec-managerial,40,<=50K
0,10,Husband,Private,United-States,Some-college,45,242660,Divorced,White,0,Male,Protective-serv,28,<=50K
0,10,Husband,Private,United-States,Some-college,40,183577,Never-married,White,0,Male,Farming-fishing,36,<=50K
0,10,Not-in-family,Private,United-States,10th,40,146412,Never-married,White,1887,Male,Tech-support,21,>50K
0,9,Own-child,Private,United-States,HS-grad,25,153960,Divorced,White,0,Female,Handlers-cleaners,44,<=50K
0,9,Not-in-family,Private,United-States,HS-grad,40,92220,Never-married,White,0,Male,Other-service,39,>50K
0,9,Not-in-family,State-gov,United-States,Some-college,60,306895,Never-married,White,0,Male,Craft-repair,55,>50K
0,11,Not-in-family,Private,United-States,Assoc-acdm,40,113550,Never-married,White,0,Male,Other-service,51,<=50K
0,10,Not-in-family,Private,United-States,Some-college,40,113597,Never-married,White,0,Male,Sales,32,<=50K
0,14,Not-in-family,Private,United-States,Bachelors,40,93477,Never-married,White,0,Male,Craft-repair,64,<=50K
0,10,Husband,Private,United-States,Some-college,20,96580,Never-married,White,0,Female,Sales,25,<=50K
0,9,Husband,Private,United-States,Some-college,40,72797,Never-married,White,0,Male,Handlers-cleaners,29,<=50K
0,13,Husband,Private,United-States,HS-grad,40,174901,Never-married,White,0,Male,Prof-specialty,23,<=50K
0,10,Husband,Private,United-States,Some-college,50,214896,Never-married,White,0,Male,Prof-specialty,41,>50K
0,10,Husband,Private,United-States,Some-college,40,147440,Married-civ-spouse,White,0,Male,Sales,26,>50K
0,9,Not-in-family,Private,United-States,HS-grad,40,266778,Married-civ-spouse,White,0,Male,Exec-managerial,33,<=50K
0,10,Husband,Private,United-States,Some-college,40,230899,Married-civ-spouse,White,0,Female,Exec-managerial,33,<=50K
0,6,Husband,Private,United-States,HS-grad,35,150298,Married-civ-spouse,White,0,Male,Craft-repair,44,<=50K
0,9,Husband,Private,United-States,Assoc-voc,40,331875,Married-civ-spouse,White,0,Male,Other-service,56,<=50K
0,9,Not-in-family,Private,United-States,HS-grad,40,320065,Divorced,White,0,Female,Craft-repair,54,<=50K
0,9,Husband,Private,United-States,HS-grad,40,49826,Never-married,White,0,Male,Handlers-cleaners,47,<=50K
0,9,Husband,Private,United-States,HS-grad,40,268876,Never-married,White,0,Male,Handlers-cleaners,36,>50K
0,10,Husband,Private,United-States,Some-college,40,98735,Married-civ-spouse,White,0,Male,Other-service,24,>50K
0,6,Own-child,Private,United-States,Assoc-acdm,40,74463,Never-married,White,0,Male,Craft-repair,17,<=50K
0,9,Own-child,Self-emp-not-inc,United-States,10th,45,242664,Never-married,White,0,Male,Tech-support,41,<=50K
0,13,Husband,Private,United-States,HS-grad,55,114674,Never-married,White,0,Male,Adm-clerical,53,>50K
0,12,Not-in-family,Self-emp-inc,United-States,Masters,40,136490,Married-civ-spouse,White,0,Male,Craft-repair,23,<=50K
0,13,Not-in-family,State-gov,United-States,Bachelors,40,187794,Never-married,White,0,Male,Other-service,34,<=50K
0,9,Husband,Private,United-States,HS-grad,40,120150,Married-civ-spouse,White,0,Male,Craft-repair,29,<=50K
0,14,Unmarried,Self-emp-not-inc,United-States,Assoc-voc,40,187715,Married-civ-spouse,White,0,Male,Farming-fishing,32,>50K
0,9,Own-child,Private,United-States,HS-grad,40,92972,Never-married,White,0,Female,Transport-moving,32,<=50K
0,9,Husband,Private,United-States,HS-grad,60,151053,Married-civ-spouse,White,0,Male,Craft-repair,52,<=50K
0,10,Unmarried,Self-emp-inc,United-States,Some-college,40,181226,Married-civ-spouse,White,0,Male,Transport-moving,34,<=50K
0,13,Not-in-family,Private,United-States,Some-college,50,312055,Never-married,White,0,Male,Machine-op-inspct,34,<=50K
0,10,Not-in-family,Private,United-States,Assoc-acdm,60,307330,Divorced,White,0,Male,Farming-fishing,26,<=50K
0,9,Husband,Private,United-States,Some-college,50,157318,Married-civ-spouse,White,0,Male,Craft-repair,33,<=50K
0,10,Husband,Private,United-States,HS-grad,40,56685,Married-civ-spouse,White,0,Male,Craft-repair,36,<=50K
0,9,Husband,Private,United-States,HS-grad,40,109945,Divorced,White,0,Male,Exec-managerial,57,>50K
0,9,Wife,Private,United-States,HS-grad,40,92222,Never-married,White,0,Female,Adm-clerical,30,<=50K
0,9,Husband,State-gov,United-States,HS-grad,45,180122,Married-civ-spouse,White,0,Female,Exec-managerial,24,>50K
0,9,Own-child,Private,United-States,Bachelors,40,176453,Married-civ-spouse,White,0,Male,Prof-specialty,39,<=50K
0,9,Husband,Private,United-States,Bachelors,40,298070,Married-civ-spouse,White,0,Male,Transport-moving,43,<=50K
0,14,Husband,Private,United-States,HS-grad,40,71916,Divorced,White,0,Female,Exec-managerial,54,<=50K
0,9,Not-in-family,Private,United-States,Bachelors,40,199266,Never-married,White,0,Male,Protective-serv,49,>50K
0,9,Husband,Private,United-States,Bachelors,50,188715,Married-civ-spouse,White,0,Male,Other-service,36,<=50K
0,11,Husband,Federal-gov,United-States,Some-college,40,222350,Married-civ-spouse,White,0,Male,Sales,31,<=50K
0,9,Husband,Private,United-States,HS-grad,40,117795,Never-married,White,0,Male,Craft-repair,38,>50K
0,10,Husband,Private,United-States,Some-college,40,53567,Married-civ-spouse,White,0,Male,Other-service,74,<=50K
0,9,Husband,Private,United-States,HS-grad,14,06815,Married-civ-spouse,White,0,Female,Other-service,22,<=50K
0,9,Not-in-family,Private,United-States,HS-grad,35,181165,Divorced,White,0,Female,Tech-support,52,>50K
0,13,Husband,Private,United-States,Some-college,40,165864,Never-married,Black,0,Female,Exec-managerial,33,<=50K
0,10,Not-in-family,Private,United-States,Some-college,40,134130,Married-civ-spouse,White,0,Male,Handlers-cleaners,66,>50K
0,9,Husband,Private,United-States,Some-college,50,132634,Never-married,White,0,Male,Craft-repair,28,<=50K
0,5,Unmarried,Private,United-States,Bachelors,40,383829,Never-married,White,0,Male,Handlers-cleaners,36,<=50K
0,9,Not-in-family,Private,United-States,HS-grad,40,144182,Married-civ-spouse,White,0,Male,Prof-specialty,21,<=50K
0,13,Not-in-family,Private,United-States,9th,40,147760,Married-civ-spouse,White,0,Male,Sales,24,>50K
0,11,Own-child,Private,United-States,9th,50,16051,Never-married,White,0,Female,Machine-op-inspct,27,<=50K
0,9,Husband,Private,United-States,HS-grad,50,208872,Never-married,White,0,Male,Sales,21,<=50K
0,10,Husband,Private,United-States,Some-college,40,176472,Married-civ-spouse,White,0,Male,Other-service,42,<=50K
0,9,Husband,Private,United-States,Some-college,40,15897,Married-civ-spouse,White,1741,Female,Prof-specialty,23,<=50K
0,10,Husband,Private,United-States,Some-college,40,62420,Married-civ-spouse,White,0,Male,Transport-moving,31,>50K
0,10,Not-in-family,Private,United-States,Some-college,50,204436,Divorced,White,0,Female,Prof-specialty,25,>50K
0,10,Not-in-family,Private,United-States,Some-college,40,218839,Never-married,White,0,Male,Craft-repair,30,<=50K
0,9,Own-child,Private,United-States,HS-grad,50,261692,Never-married,White,0,Female,Craft-repair,35,<=50K
0,7,Unmarried,State-gov,United-States,HS-grad,40,183872,Divorced,White,0,Female,Exec-managerial,44,<=50K
0,9,Husband,Private,United-States,11th,40,175875,Married-civ-spouse,White,0,Male,Exec-managerial,55,<=50K
0,6,Husband,Private,United-States,Some-college,40,72361,Never-married,White,0,Male,Farming-fishing,40,<=50K
0,7,Own-child,Private,Mexico,HS-grad,50,281676,Never-married,Black,0,Male,Exec-managerial,29,>50K
0,9,Not-in-family,Private,United-States,12th,40,128033,Never-married,White,0,Male,Adm-clerical,36,>50K
0,9,Not-in-family,Private,United-States,HS-grad,60,344060,Married-civ-spouse,White,0,Female,Adm-clerical,34,<=50K
0,11,Husband,Private,United-States,HS-grad,40,85824,Married-civ-spouse,White,0,Male,Prof-specialty,23,<=50K
0,11,Husband,Private,United-States,Bachelors,40,185565,Never-married,White,0,Male,Exec-managerial,29,<=50K
0,9,Husband,Self-emp-not-inc,United-States,HS-grad,40,19513,Married-civ-spouse,White,0,Male,Craft-repair,32,>50K
0,9,Husband,Private,United-States,HS-grad,50,103955,Married-civ-spouse,White,0,Male,Sales,38,<=50K
0,10,Own-child,Private,United-States,Some-college,40,230616,Divorced,White,0,Male,Sales,32,<=50K
0,13,Husband,Private,United-States,HS-grad,20,393248,Married-civ-spouse,White,0,Male,Exec-managerial,55,<=50K
0,14,Unmarried,Private,United-States,HS-grad,40,85624,Never-married,White,0,Male,Machine-op-inspct,52,<=50K
0,13,Husband,Local-gov,United-States,HS-grad,40,150839,Never-married,White,0,Male,Sales,51,<=50K
0,13,Not-in-family,Private,United-States,Bachelors,45,3186,Married-civ-spouse,White,0,Female,Sales,35,>50K
0,9,Husband,Private,United-States,Some-college,40,253087,Never-married,White,0,Female,Craft-repair,49,<=50K
0,13,Husband,Local-gov,United-States,Some-college,40,228516,Married-civ-spouse,White,0,Male,Exec-managerial,49,<=50K
0,9,Husband,Private,United-States,HS-grad,40,55624,Married-civ-spouse,White,0,Male,Machine-op-inspct,67,<=50K
0,14,Husband,Private,India,Some-college,40,188742,Married-civ-spouse,White,0,Male,Other-service,21,<=50K
0,9,Never-married,Self-emp-inc,United-States,Assoc-acdm,60,252810,Never-married,White,0,Male,Other-service,56,<=50K
0,9,Husband,Self-emp-inc,United-States,Bachelors,40,73864,Never-married,White,0,Female,Exec-managerial,43,>50K
0,13,Own-child,Private,United-States,Assoc-voc,40,299635,Married-civ-spouse,White,0,Female,Handlers-cleaners,24,>50K
0,13,Not-in-family,Private,United-States,Bachelors,38,186411,Married-civ-spouse,Amer-Indian-Eskimo,0,Male,Sales,38,<=50K
0,9,Husband,Private,United-States,Assoc-acdm,40,176500,Never-married,White,0,Male,Handlers-cleaners,40,<=50K
0,7,Husband,Private,United-States,HS-grad,40,245790,Married-civ-spouse,White,0,Female,Handlers-cleaners,33,<=50K
0,13,Husband,Private,United-States,HS-grad,40,94894,Divorced,White,0,Male,Craft-repair,55,<=50K
0,9,Husband,Private,United-States,Bachelors,45,214266,Never-married,White,0,Male,Sales,23,<=50K
0,10,Husband,Private,United-States,Some-college,40,322038,Married-civ-spouse,White,0,Male,Craft-repair,39,<=50K
0,14,Husband,Private,United-States,11th,40,481456,Divorced,White,2457,Male,Craft-repair,50,>50K
0,10,Own-child,Private,United-States,Some-college,40,226928,Never-married,White,0,Male,Exec-managerial,42,<=50K
0,9,Husband,Private,United-States,HS-grad,40,302146,Married-civ-spouse,White,0,Male,Handlers-cleaners,36,<=50K
0,9,Not-in-family,Private,United-States,HS-grad,40,132628,Divorced,White,0,Male,Sales,21,<=50K
0,10,Not-in-family,Private,United-States,Some-college,40,137585,Married-civ-spouse,White,0,Female,Prof-specialty,25,<=50K
0,13,Husband,Private,United-States,Bachelors,55,186415,Married-civ-spouse,White,0,Female,Transport-moving,35,<=50K
0,10,Not-in-family,Private,United-States,Some-college,40,44793,Divorced,White,0,Female,Sales,46,<=50K
0,9,Husband,Private,United-States,Bachelors,40,206721,Divorced,Black,0,Male,Sales,40,<=50K
0,9,Own-child,Private,United-States,9th,40,121596,Never-married,White,0,Male,Prof-specialty,48,<=50K
0,9,Husband,Private,United-States,Some-college,40,169269,Married-civ-spouse,White,0,Male,Sales,45,<=50K
0,9,Husband,Private,United-States,HS-grad,40,165555,Never-married,White,0,Male,Exec-managerial,50,<=50K
0,9,Husband,Private,United-States,HS-grad,50,289060,Never-married,White,0,Male,Craft-repair,34,<=50K
0,10,Not-in-family,Private,United-States,Some-college,40,105887,Divorced,White,0,Female,Transport-moving,28,<=50K
0,9,Unmarried,Private,United-States,Assoc-voc,40,299908,Never-married,White,0,Male,Exec-managerial,44,>50K
0,9,Not-in-family,Private,United-States,10th,60,179728,Married-civ-spouse,White,0,Male,Craft-repair,24,<=50K
0,10,Not-in-family,Private,United-States,Some-college,40,238094,Never-married,White,0,Female,Exec-managerial,23,<=50K
0,9,Unmarried,Private,United-States,HS-grad,50,171101,Married-civ-spouse,White,0,Male,Handlers-cleaners,17,<=50K
0,9,Husband,Private,United-States,HS-grad,40,127722,Never-married,White,0,Male,Prof-specialty,28,<=50K
0,8,Own-child,Private,United-States,Some-college,45,318639,Never-married,White,0,Male,Machine-op-inspct,32,<=50K
0,10,Not-in-family,Private,United-States,Doctorate,40,16071,Divorced,White,0,Female,Exec-managerial,48,<=50K
0,15,Not-in-family,Private,United-States,9th,40,230826,Never-married,White,0,Female,Sales,25,<=50K
0,10,Husband,Private,United-States,HS-grad,40,76974,Widowed,White,0,Female,Sales,28,>50K
0,10,Not-in-family,Private,United-States,Some-college,40,218309,Divorced,White,0,Female,Exec-managerial,30,<=50K
0,10,Not-in-family,Private,United-States,Some-college,40,137680,Married-civ-spouse,White,0,Male,Craft-repair,18,<=50K
0,9,Husband,Private,United-States,Assoc-acdm,40,222211,Married-civ-spouse,White,0,Male,Tech-support,43,>50K
0,11,Husband,Private,United-States,Bachelors,40,232634,Married-civ-spouse,White,0,Male,Transport-moving,43,<=50K
0,10,Not-in-family,Private,United-States,HS-grad,35,157581,Separated,White,0,Female,Handlers-cleaners,32,<=50K
0,10,Husband,Private,United-States,HS-grad,55,220832,Married-civ-spouse,White,0,Male,Craft-repair,33,<=50K
0,9,Not-in-family,Private,United-States,HS-grad,40,93604,Married-civ-spouse,White,0,Male,Exec-managerial,25,<=50K
0,7,Other-relative,Self-emp-not-inc,United-States,Some-college,40,124407,Never-married,White,0,Male,Craft-repair,25,<=50K
0,10,Not-in-family,Private,United-States,Some-college,40,193451,Never-married,White,0,Female,Transport-moving,37,<=50K
0,9,Husband,Private,United-States,HS-grad,40,186464,Married-civ-spouse,White,0,Male,Machine-op-inspct,67,<=50K
0,14,Own-child,Private,United-States,Masters,40,326926,Married-civ-spouse,White,0,Male,Craft-repair,49,<=50K
0,9,Not-in-family,Private,United-States,HS-grad,40,103515,Divorced,White,0,Female,Machine-op-inspct,40,<=50K
0,10,Husband,Self-emp-inc,United-States,HS-grad,40,261433,Divorced,White,0,Female,Craft-repair,52,<=50K
0,9,Husband,Private,United-States,Bachelors,40,168854,Married-civ-spouse,White,0,Male,Sales,46,<=50K
0,5,Not-in-family,Private,United-States,Assoc-voc,42,167776,Married-civ-spouse,White,0,Male,Machine-op-inspct,30,<=50K
0,9,Own-child,Private,United-States,10th,40,185810,Married-civ-spouse,White,0,Male,Sales,39,<=50K
0,10,Not-in-family,Private,United-States,Bachelors,40,199808,Never-married,White,0,Male,Adm-clerical,53,<=50K
0,6,Husband,Private,United-States,Bachelors,60,18078,Married-civ-spouse,White,0,Female,Other-service,40,<=50K
0,6,Own-child,Private,United-States,HS-grad,36,363677,Never-married,White,0,Male,Other-service,26,>50K
0,9,Husband,Private,United-States,HS-grad,40,167816,Married-civ-spouse,White,0,Male,Exec-managerial,53,>50K
0,9,Not-in-family,Private,United-States,Some-college,40,142738,Married-civ-spouse,White,0,Male,Machine-op-inspct,31,<=50K
0,9,Own-child,Private,United-States,HS-grad,40,133933,Married-civ-spouse,White,0,Male,Craft-repair,39,<=50K
0,9,Unmarried,Private,United-States,HS-grad,40,162611,Divorced,White,0,Male,Sales,25,<=50K
0,7,Husband,Private,United-States,HS-grad,36,91436,Married-civ-spouse,White,0,Male,Prof-specialty,35,<=50K
0,10,Not-in-family,Private,United-States,HS-grad,40,218914,Married-civ-spouse,White,0,Male,Handlers-cleaners,47,<=50K
0,9,Husband,Private,United-States,HS-grad,55,282895,Divorced,White,0,Male,Craft-repair,46,<=50K
0,9,Not-in-family,Private,United-States,Some-college,40,272372,Divorced,White,0,Female,Craft-repair,25,<=50K
594,10,Husband,Private,United-States,Some-college,40,2304227,Married-civ-spouse,White,0,Male,Prof-specialty,38,<=50K
0,9,Husband,Private,United-States,HS-grad,40,187577,Married-civ-spouse,White,0,Female,Farming-fishing,49,>50K
0,10,Not-in-family,Local-gov,United-States,Bachelors,40,187595,Married-civ-spouse,White,0,Male,Other-service,67,<=50K
0,9,Not-in-family,Private,United-States,Masters,40,3262,Married-civ-spouse,White,0,Male,Exec-managerial,25,>50K
0,9,Not-in-family,Private,United-States,Bachelors,20,159764,Divorced,White,0,Male,Handlers-cleaners,29,>50K
0,13,Not-in-family,Private,United-States,Assoc-acdm,40,263891,Never-married,White,0,Female,Sales,33,<=50K
0,11,Not-in-family,Private,United-States,HS-grad,60,230728,Married-civ-spouse,White,0,Male,Prof-specialty,32,>50K
0,13,Unmarried,Private,United-States,Bachelors,40,93876,Married-civ-spouse,White,0,Male,Sales,66,>50K
0,9,Husband,Private,United-States,HS-grad,40,281549,Married-civ-spouse,White,0,Male,Craft-repair,24,<=50K
0,9,Husband,Private,United-States,Some-college,40,263777,Married-civ-spouse,White,0,Male,Craft-repair,24,<=50K
0,10,Husband,Private,United-States,Assoc-voc,40,94442,Married-civ-spouse,White,0,Male,Craft-repair,32,<=50K
0,10,Husband,Private,United-States,Some-college,40,178759,Married-civ-spouse,White,0,Male,Prof-specialty,39,<=50K
0,9,Own-child,Private,United-States,11th,40,316867,Divorced,White,0,Male,Machine-op-inspct,51,<=50K
0,9,Husband,Self-emp-inc,United-States,Bachelors,20,326928,Married-civ-spouse,White,0,Male,Tech-support,23,<=50K
0,9,Husband,Private,United-States,Bachelors,40,139724,Divorced,White,0,Male,Handlers-cleaners,36,>50K
0,10,Own-child,Private,United-States,Some-college,60,219824,Married-civ-spouse,White,0,Male,Craft-repair,48,<=50K
0,10,Not-in-family,Private,Germany,Some-college,20,170842,Married-civ-spouse,White,0,Male,Adm-clerical,20,<=50K
0,10,Husband,Private,United-States,Some-college,30,207301,Married-civ-spouse,White,0,Female,Craft-repair,26,>50K
0,9,Unmarried,Private,United-States,HS-grad,40,136792,Married-civ-spouse,White,0,Male,Prof-specialty,57,>50K
0,9,Husband,State-gov,United-States,Some-college,40,146422,Never-married,White,0,Male,Prof-specialty,21,<=50K
0,9,Husband,Private,United-States,HS-grad,40,23077,Married-civ-spouse,White,0,Male,Exec-managerial,45,<=50K
0,9,Own-child,Private,United-States,HS-grad,50,96062,Never-married,White,0,Male,Exec-managerial,78,<=50K
0,14,Husband,Private,United-States,HS-grad,40,187830,Married-civ-spouse,White,0,Male,Exec-managerial,54,>50K
0,9,Husband,Private,United-States,Bachelors,20,61145,Never-married,Black,0,Male,Prof-specialty,31,<=50K
0,9,Husband,Private,United-States,Bachelors,40,106092,Married-civ-spouse,White,0,Male,Transport-moving,64,>50K
0,9,Not-in-family,Private,United-States,HS-grad,35,178749,Never-married,White,0,Female,Machine-op-inspct,42,>50K
0,9,Own-child,Private,United-States,HS-grad,40,184596,Never-married,White,0,Male,Handlers-cleaners,43,<=50K
0,7,Not-in-family,Federal-gov,United-States,Bachelors,40,241550,Never-married,White,1887,Female,Craft-repair,33,>50K
