V4,V11,V14,V2,V8,V5,V1,V15,V13,V9,V3,V6,V7,V10,V12,V16,Class
tertiary,may,-1,management,no,no,57,2,3,unknown,divorced,353,no,4,136,unknown,1
secondary,may,-1,unemployed,no,no,35,0,3,cellular,married,2915,yes,17,54,unknown,1
secondary,jul,-1,blue-collar,yes,no,37,0,2,unknown,married,1713,yes,7,542,unknown,1
secondary,jul,-1,technician,no,no,47,0,3,cellular,single,-179,yes,23,107,unknown,1
secondary,aug,-1,unemployed,no,no,28,0,1,cellular,married,614,no,20,53,unknown,2
secondary,may,-1,blue-collar,yes,no,38,0,1,cellular,married,716,yes,17,126,unknown,1
secondary,jul,-1,blue-collar,yes,no,61,0,3,cellular,married,29,yes,19,152,unknown,1
tertiary,aug,-1,blue-collar,no,no,50,0,2,cellular,divorced,-37,yes,16,103,unknown,1
secondary,nov,-1,management,no,no,34,0,2,unknown,single,-312,no,13,173,unknown,1
secondary,may,-1,management,no,no,48,0,1,cellular,married,794,no,22,419,failure,1
secondary,feb,-1,management,no,no,55,0,1,telephone,married,2962,no,20,138,unknown,1
secondary,jul,-1,management,no,no,41,0,2,unknown,married,695,yes,7,363,unknown,1
secondary,jun,-1,technician,no,no,45,0,4,cellular,divorced,8,yes,11,246,unknown,1
tertiary,feb,-1,services,no,no,34,3,1,cellular,married,217,no,30,871,unknown,1
primary,may,-1,admin.,yes,no,41,4,4,cellular,divorced,196,yes,13,85,failure,2
secondary,jun,260,services,no,no,44,0,4,cellular,single,697,yes,7,136,unknown,1
secondary,jul,-1,management,no,no,42,0,3,cellular,married,888,no,6,143,unknown,1
primary,may,-1,management,no,no,36,0,4,unknown,single,623,yes,18,8,unknown,1
tertiary,aug,-1,admin.,no,no,37,0,3,cellular,married,351,no,10,150,unknown,1
primary,jul,-1,blue-collar,no,no,37,0,1,cellular,married,0,yes,29,150,unknown,1
secondary,jul,-1,services,no,no,37,0,1,cellular,married,887,no,26,182,failure,1
secondary,sep,-1,technician,no,no,35,0,1,cellular,single,410,yes,28,175,unknown,1
unknown,aug,-1,management,no,no,46,0,1,unknown,married,-113,yes,18,758,unknown,1
secondary,may,-1,management,no,no,36,0,1,cellular,single,0,no,23,172,unknown,2
primary,apr,-1,retired,no,no,56,0,7,cellular,married,705,no,26,656,unknown,1
secondary,apr,288,entrepreneur,no,no,43,0,4,cellular,married,-507,no,14,94,unknown,1
secondary,jul,-1,management,no,no,59,0,5,cellular,single,-239,yes,17,77,failure,1
secondary,jul,-1,blue-collar,no,no,49,0,2,cellular,married,2622,yes,14,2,unknown,1
tertiary,may,-1,technician,no,no,41,0,4,cellular,single,-119,no,25,170,unknown,1
secondary,jun,-1,technician,no,no,56,0,4,unknown,single,631,yes,12,613,unknown,2
secondary,jun,-1,management,no,no,58,0,5,cellular,married,1313,yes,8,76,unknown,1
secondary,nov,-1,admin.,yes,no,45,0,2,cellular,divorced,714,no,17,136,unknown,1
secondary,feb,-1,technician,no,no,51,0,1,unknown,divorced,1212,no,17,142,unknown,1
secondary,jun,-1,technician,no,no,35,0,1,cellular,married,2474,yes,17,124,unknown,1
secondary,aug,-1,management,no,no,38,0,2,unknown,married,166,no,13,268,unknown,1
secondary,may,-1,management,no,no,26,0,2,cellular,divorced,-374,yes,9,130,unknown,1
tertiary,feb,-1,management,no,no,51,0,2,cellular,married,1542,yes,19,163,unknown,1
tertiary,jul,-1,technician,no,no,37,2,3,unknown,single,13,yes,18,61,unknown,2
secondary,jul,-1,blue-collar,no,no,46,0,1,cellular,married,1077,yes,14,168,unknown,1
secondary,jul,-1,technician,no,no,39,0,1,cellular,divorced,259,yes,30,185,unknown,2
tertiary,may,-1,blue-collar,no,no,33,0,1,unknown,single,938,no,15,57,unknown,1
secondary,feb,-1,technician,no,no,39,0,1,cellular,single,1052,yes,20,124,unknown,1
secondary,feb,-1,entrepreneur,yes,no,38,0,6,cellular,single,-15,no,20,114,unknown,1
secondary,may,-1,blue-collar,no,no,28,0,10,telephone,single,2523,yes,26,0,unknown,2
secondary,jul,-1,management,no,no,56,0,8,cellular,married,3280,yes,11,49,unknown,1
tertiary,aug,260,retired,no,no,44,5,3,cellular,married,1939,yes,14,715,unknown,1
secondary,aug,-1,housemaid,yes,no,46,0,1,cellular,married,613,yes,5,138,unknown,2
secondary,may,-1,technician,yes,no,36,2,2,cellular,single,805,no,9,124,unknown,1
secondary,may,-1,technician,no,no,32,0,3,cellular,married,-1,no,28,104,unknown,1
secondary,may,-1,management,no,no,40,0,1,cellular,single,488,yes,11,264,unknown,1
secondary,aug,-1,management,yes,no,45,3,1,unknown,married,623,no,23,632,unknown,1
secondary,may,110,services,no,no,35,0,2,cellular,divorced,-352,no,14,121,unknown,1
secondary,jun,-1,management,no,no,40,0,2,cellular,married,2676,yes,25,528,unknown,1
secondary,feb,-1,management,no,no,38,0,2,cellular,single,20,yes,16,136,other,1
secondary,feb,291,technician,no,no,51,0,2,unknown,single,849,yes,15,168,failure,1
tertiary,apr,-1,management,no,no,51,0,13,unknown,single,1395,no,17,112,unknown,1
secondary,may,-1,blue-collar,yes,no,43,0,3,cellular,married,0,yes,2,-1,unknown,1
tertiary,may,-1,housemaid,yes,no,39,0,7,cellular,married,594,no,15,482,unknown,1
secondary,may,-1,retired,no,no,29,0,2,cellular,married,488,no,19,853,unknown,1
tertiary,may,364,blue-collar,yes,yes,46,0,4,cellular,single,595,no,4,212,unknown,1
primary,aug,-1,technician,no,no,55,0,1,cellular,single,0,yes,19,95,unknown,1
secondary,aug,-1,management,no,no,56,0,2,cellular,single,5,no,18,515,unknown,1
tertiary,jul,-1,technician,no,no,30,0,1,cellular,married,414,yes,20,119,unknown,1
secondary,jul,-1,blue-collar,no,no,31,0,1,telephone,single,0,no,6,163,unknown,1
secondary,aug,374,blue-collar,no,no,31,0,3,cellular,single,737,yes,27,105,failure,1
secondary,may,-1,management,no,no,55,0,1,cellular,single,2196,yes,13,539,unknown,2
secondary,jun,-1,management,yes,no,36,0,1,cellular,single,1,yes,2,287,unknown,1
secondary,jul,-1,blue-collar,no,no,48,0,1,cellular,divorced,1544,yes,12,138,unknown,1
secondary,may,-1,blue-collar,yes,no,54,0,2,cellular,divorced,1527,no,29,136,unknown,1
secondary,may,-1,blue-collar,no,no,27,0,1,cellular,single,713,yes,17,91,unknown,2
primary,may,-1,management,no,no,28,0,2,cellular,married,179,yes,19,151,unknown,1
tertiary,may,-1,management,no,no,28,10,1,cellular,single,823,no,18,639,unknown,1
secondary,may,-1,technician,no,no,51,0,1,unknown,married,0,yes,18,185,unknown,1
secondary,may,-1,blue-collar,no,no,46,0,1,telephone,married,872,yes,6,150,unknown,1
tertiary,apr,-1,management,no,no,42,0,3,cellular,married,14,no,18,168,unknown,1
secondary,apr,196,blue-collar,no,no,21,0,4,unknown,married,2289,no,20,132,unknown,1
secondary,apr,-1,management,no,no,39,0,4,unknown,single,1373,no,5,111,unknown,1
secondary,jun,-1,admin.,yes,no,33,2,2,cellular,married,1139,no,15,102,unknown,2
secondary,jul,-1,retired,no,no,34,0,1,unknown,married,1032,yes,8,157,unknown,1
secondary,may,-1,technician,no,no,53,0,4,cellular,married,2135,yes,18,103,failure,1
secondary,may,-1,blue-collar,no,no,38,0,2,cellular,married,2287,yes,12,107,unknown,1
secondary,may,-1,entrepreneur,yes,no,28,0,1,unknown,divorced,0,no,14,717,unknown,1
tertiary,jul,-1,management,no,no,45,1,4,unknown,single,4044,no,20,664,unknown,1
secondary,jul,-1,management,no,no,37,0,1,unknown,married,188,no,19,-1,unknown,1
secondary,aug,-1,blue-collar,no,no,48,0,2,cellular,married,813,yes,9,40,unknown,1
secondary,jun,272,blue-collar,no,no,51,0,2,cellular,married,1058,yes,19,199,unknown,1
secondary,apr,-1,blue-collar,no,no,33,4,1,cellular,married,-354,yes,25,114,unknown,1
secondary,aug,-1,management,no,no,28,0,1,cellular,married,741,yes,3,136,unknown,1
unknown,jul,-1,technician,no,no,54,0,2,unknown,married,-287,yes,1,768,unknown,1
tertiary,aug,-1,blue-collar,no,no,34,0,1,cellular,married,50,yes,13,182,unknown,1
secondary,nov,-1,technician,no,no,32,0,3,cellular,single,7,yes,12,11,unknown,1
tertiary,apr,-1,management,yes,no,33,0,2,cellular,divorced,836,no,7,108,failure,1
tertiary,apr,-1,management,no,no,29,0,1,unknown,single,100,yes,13,553,unknown,1
secondary,aug,-1,management,no,no,34,0,1,unknown,married,2937,no,17,60,unknown,1
tertiary,may,-1,services,no,no,30,0,1,cellular,married,542,yes,29,195,unknown,1
secondary,may,-1,management,no,no,43,0,4,cellular,married,38,no,13,208,unknown,1
secondary,aug,-1,management,no,no,30,0,1,telephone,single,24,yes,13,175,unknown,1
secondary,may,-1,technician,no,no,43,0,2,unknown,single,759,no,29,112,unknown,2
tertiary,may,-1,management,no,no,33,0,3,cellular,divorced,0,no,6,173,other,1
tertiary,may,-1,admin.,no,no,60,0,4,cellular,married,588,no,14,114,unknown,1
secondary,may,-1,technician,no,no,54,0,2,cellular,single,732,yes,17,171,unknown,1
secondary,may,-1,management,no,no,46,0,2,cellular,married,972,yes,15,112,unknown,1
secondary,nov,-1,management,no,no,25,0,2,unknown,single,1229,no,24,52,unknown,1
secondary,jul,-1,management,yes,no,55,4,1,cellular,single,108,yes,20,558,unknown,1
secondary,jun,-1,management,no,no,33,0,1,cellular,single,463,yes,25,163,unknown,1
tertiary,apr,-1,technician,no,no,34,0,2,unknown,single,-212,no,20,196,success,1
secondary,feb,-1,retired,no,no,55,0,2,unknown,single,0,yes,20,48,failure,1
tertiary,apr,-1,technician,no,no,46,0,2,cellular,divorced,717,no,18,130,unknown,1
tertiary,may,-1,technician,no,no,45,0,1,cellular,divorced,2929,yes,20,119,other,1
secondary,aug,-1,management,no,no,33,0,3,cellular,single,792,yes,18,341,unknown,1
secondary,may,-1,blue-collar,no,no,54,0,1,unknown,divorced,1,yes,19,684,unknown,1
secondary,feb,-1,admin.,no,no,42,0,2,cellular,single,589,no,30,90,unknown,1
secondary,aug,-1,technician,no,no,34,0,3,cellular,divorced,36,no,16,195,unknown,1
tertiary,jul,-1,blue-collar,yes,no,54,1,4,cellular,married,18,no,12,217,unknown,2
primary,may,-1,blue-collar,no,no,27,0,7,cellular,divorced,-172,no,23,172,unknown,1
primary,jul,-1,technician,no,no,34,0,2,cellular,married,0,yes,21,853,unknown,1
primary,jul,-1,blue-collar,no,no,29,0,5,cellular,single,2160,no,17,245,unknown,1
secondary,aug,-1,housemaid,no,no,55,0,2,cellular,married,528,yes,11,246,unknown,1
secondary,feb,-1,blue-collar,no,no,36,0,2,unknown,married,0,yes,25,115,unknown,1
tertiary,may,-1,services,no,no,31,0,2,cellular,married,3382,yes,21,131,unknown,1
secondary,may,-1,management,no,no,52,3,2,unknown,married,785,no,8,152,unknown,1
tertiary,jan,-1,blue-collar,yes,no,36,0,2,cellular,divorced,878,yes,28,542,unknown,1
primary,jul,-1,blue-collar,no,no,47,0,2,cellular,married,-129,yes,18,142,unknown,1
secondary,nov,-1,management,no,no,36,0,1,unknown,married,1,yes,15,182,unknown,1
secondary,may,-1,blue-collar,no,no,31,0,1,cellular,single,816,yes,28,103,unknown,1
secondary,apr,-1,blue-collar,no,no,44,0,1,cellular,married,-1250,yes,12,123,unknown,1
tertiary,jun,-1,admin.,yes,no,40,2,2,unknown,single,1583,yes,16,343,unknown,1
tertiary,aug,-1,blue-collar,no,no,43,0,3,cellular,single,0,yes,19,86,failure,1
tertiary,jun,-1,management,no,no,36,0,2,cellular,married,1215,yes,17,143,unknown,1
primary,jun,-1,management,no,no,34,0,2,cellular,married,-354,no,4,559,unknown,1
tertiary,may,165,blue-collar,no,no,33,0,1,cellular,single,-8,yes,18,123,unknown,1
tertiary,jul,-1,blue-collar,no,no,41,0,3,cellular,single,-15,no,20,127,unknown,2
secondary,may,-1,services,no,no,34,0,5,cellular,married,0,no,19,185,unknown,1
secondary,aug,-1,management,no,no,38,0,2,cellular,married,1,yes,12,441,unknown,2
secondary,jul,-1,services,no,no,20,0,3,cellular,married,738,yes,14,2231,unknown,1
secondary,jun,-1,services,no,no,40,0,2,cellular,divorced,2314,no,2,685,failure,1
tertiary,apr,-1,entrepreneur,no,no,57,0,2,cellular,single,2587,yes,18,130,unknown,1
secondary,jul,-1,management,no,no,35,0,3,cellular,married,578,yes,21,-1,failure,1
primary,jul,-1,management,no,no,33,0,1,cellular,married,487,yes,20,126,failure,1
primary,nov,-1,management,no,no,43,0,4,unknown,married,495,yes,28,664,unknown,1
tertiary,may,-1,technician,no,no,50,0,1,cellular,married,-1,no,15,107,failure,1
tertiary,aug,-1,retired,no,no,46,0,1,cellular,married,1077,no,6,126,unknown,1
secondary,jan,-1,blue-collar,no,no,48,0,2,cellular,single,944,no,17,150,unknown,1
unknown,may,-1,technician,no,no,39,0,1,cellular,married,2980,no,5,7,unknown,1
secondary,may,-1,technician,no,no,30,0,2,cellular,single,0,no,20,122,unknown,1
tertiary,aug,-1,management,no,no,60,0,2,cellular,married,527,yes,15,714,unknown,1
tertiary,jul,-1,admin.,no,no,31,0,1,unknown,single,1122,yes,7,121,unknown,1
secondary,jul,-1,technician,no,no,43,0,1,cellular,married,557,yes,14,136,unknown,1
tertiary,nov,-1,blue-collar,no,no,32,0,2,cellular,married,873,no,15,168,unknown,1
tertiary,jul,-1,management,yes,no,53,0,3,unknown,married,3730,yes,16,110,unknown,2
secondary,nov,-1,blue-collar,no,no,55,0,2,cellular,single,406,yes,19,171,unknown,2
secondary,jul,-1,unemployed,no,no,37,0,5,cellular,single,19,yes,14,714,unknown,1
secondary,may,-1,blue-collar,yes,no,47,0,1,unknown,married,8251,no,23,703,unknown,1
secondary,may,-1,blue-collar,no,no,35,0,2,cellular,single,2938,no,31,111,unknown,1
secondary,nov,-1,management,no,no,26,0,5,cellular,married,4962,no,20,742,unknown,1
primary,may,-1,management,no,no,33,0,2,cellular,married,0,yes,18,210,unknown,1
secondary,may,-1,blue-collar,no,no,75,0,2,unknown,married,-15,yes,21,159,unknown,1
primary,may,-1,management,no,no,42,0,8,cellular,single,480,yes,18,150,unknown,1
secondary,aug,-1,technician,no,no,35,0,2,unknown,single,903,no,20,489,unknown,1
tertiary,jul,-1,blue-collar,no,no,32,0,2,cellular,married,-339,yes,13,168,unknown,1
secondary,dec,-1,blue-collar,no,no,48,0,3,unknown,married,-254,no,9,723,unknown,1
secondary,jul,-1,technician,no,no,46,0,5,cellular,married,0,no,21,253,failure,1
secondary,nov,-1,services,no,no,33,0,2,cellular,married,1613,yes,7,105,unknown,2
primary,jun,-1,blue-collar,no,no,43,0,4,cellular,married,169,yes,14,190,unknown,2
secondary,may,-1,management,no,no,26,0,2,telephone,married,3302,yes,30,123,unknown,1
primary,aug,-1,blue-collar,yes,no,56,0,2,cellular,married,1594,no,11,136,unknown,2
secondary,nov,-1,blue-collar,no,no,35,0,2,cellular,divorced,-297,yes,29,139,unknown,1
secondary,aug,-1,admin.,yes,no,54,0,1,unknown,married,-1,yes,7,6,unknown,1
secondary,feb,-1,management,no,no,49,0,4,unknown,divorced,1577,yes,4,477,unknown,1
secondary,aug,-1,management,no,no,35,0,2,cellular,married,2599,no,14,2,unknown,1
primary,may,-1,services,no,no,35,0,1,cellular,married,741,yes,7,150,unknown,1
tertiary,jun,-1,technician,no,no,29,0,2,cellular,married,449,no,18,208,unknown,1
tertiary,feb,-1,retired,no,no,57,0,3,cellular,single,2095,no,18,863,unknown,1
tertiary,aug,-1,management,no,no,34,1,2,cellular,single,335,yes,18,168,unknown,1
tertiary,apr,152,admin.,no,no,39,0,2,cellular,married,2054,yes,19,150,unknown,1
tertiary,apr,-1,blue-collar,no,no,39,0,2,cellular,married,15302,yes,7,112,unknown,1
secondary,apr,-1,management,yes,no,29,0,2,cellular,single,0,no,21,70,unknown,1
secondary,jul,-1,blue-collar,no,no,33,0,2,unknown,single,1211,no,13,393,unknown,1
secondary,nov,-1,blue-collar,yes,no,37,0,1,cellular,married,1134,yes,14,150,unknown,1
secondary,nov,-1,admin.,no,no,35,0,2,unknown,married,0,no,5,124,unknown,1
secondary,feb,-1,technician,yes,no,35,0,1,cellular,married,0,no,23,119,unknown,2
secondary,jul,-1,technician,no,no,33,0,4,cellular,single,1637,yes,21,60,unknown,1
secondary,may,-1,blue-collar,no,no,42,0,6,cellular,divorced,206,no,20,104,unknown,1
secondary,may,-1,management,no,no,37,0,1,cellular,single,4,no,6,138,unknown,1
tertiary,apr,-1,services,yes,no,54,0,2,cellular,divorced,0,no,9,36,failure,1
secondary,jul,-1,management,no,no,36,0,3,cellular,married,1349,yes,18,138,unknown,1
secondary,jul,-1,admin.,no,no,45,0,2,cellular,married,3063,no,16,138,unknown,1
primary,jun,-1,blue-collar,yes,no,43,0,2,unknown,married,715,no,2,107,unknown,1
tertiary,jun,-1,housemaid,no,no,51,0,1,cellular,single,5999,yes,30,872,unknown,2
secondary,jul,-1,blue-collar,no,no,31,1,1,cellular,married,0,yes,7,167,unknown,1
secondary,jul,-1,technician,no,no,37,0,1,unknown,married,533,no,29,441,unknown,1
secondary,apr,-1,blue-collar,no,no,50,0,2,cellular,married,716,no,29,480,unknown,1
tertiary,may,-1,admin.,no,no,57,0,3,cellular,married,-1664,yes,18,7,unknown,1
secondary,jun,-1,management,no,no,41,0,1,cellular,married,3531,yes,12,1171,unknown,1
secondary,may,-1,blue-collar,no,no,46,0,5,cellular,married,-386,yes,9,150,unknown,1
tertiary,aug,-1,technician,no,no,52,0,2,cellular,married,0,no,8,121,unknown,1
unknown,may,-1,management,no,no,31,0,2,cellular,married,1993,yes,18,488,unknown,1
secondary,jan,287,admin.,yes,no,30,0,2,cellular,married,882,yes,15,172,unknown,1
secondary,may,-1,technician,no,no,33,0,1,telephone,married,136,no,17,988,unknown,1
secondary,jun,-1,technician,no,no,60,0,1,cellular,single,3681,no,11,252,unknown,1
secondary,aug,-1,blue-collar,no,no,34,0,1,unknown,single,13,yes,30,623,unknown,1
tertiary,may,-1,entrepreneur,yes,no,33,0,1,unknown,married,0,yes,12,151,unknown,1
secondary,apr,-1,services,no,no,37,0,2,unknown,married,515,yes,2,83,unknown,1
tertiary,jul,-1,admin.,no,no,26,0,1,cellular,married,28,yes,4,132,unknown,1
unknown,may,-1,management,no,no,34,0,3,cellular,married,916,no,28,112,unknown,1
secondary,feb,167,blue-collar,no,no,32,0,2,cellular,married,259,yes,20,159,unknown,1
tertiary,aug,-1,admin.,no,no,50,0,9,cellular,divorced,18188,yes,19,112,failure,1
secondary,jul,-1,management,no,no,36,0,2,unknown,divorced,416,no,28,553,unknown,1
secondary,apr,-1,entrepreneur,no,no,36,0,2,cellular,single,178,yes,28,1697,unknown,1
secondary,jul,-1,admin.,no,no,54,0,2,cellular,divorced,3508,yes,9,93,unknown,2
secondary,nov,-1,blue-collar,no,no,33,0,5,unknown,married,1138,no,19,173,unknown,1
secondary,apr,-1,management,no,no,31,0,1,cellular,married,-1,yes,8,168,unknown,1
tertiary,jul,-1,management,no,no,31,0,1,cellular,single,-271,no,21,488,unknown,1
tertiary,jul,-1,management,no,no,33,0,1,cellular,married,573,no,20,240,unknown,1
secondary,jul,-1,technician,no,no,39,0,1,cellular,married,578,no,12,151,unknown,1
secondary,sep,-1,technician,no,no,46,0,1,cellular,married,29,yes,14,559,unknown,1
secondary,jul,-1,admin.,no,no,58,0,1,cellular,married,0,no,14,158,failure,2
secondary,jun,-1,management,no,no,37,0,1,unknown,married,202,no,30,136,unknown,1
tertiary,jun,-1,admin.,no,no,43,5,1,cellular,married,991,yes,15,112,unknown,2
tertiary,may,-1,admin.red-hot,yes,no,40,0,1,cellular,single,855,yes,24,130,unknown,1
tertiary,may,-1,admin.,no,no,29,0,1,cellular,married,23,yes,5,104,unknown,1
primary,aug,-1,blue-collar,no,no,58,0,1,unknown,married,4,yes,6,124,unknown,2
secondary,jun,-1,blue-collar,no,no,59,2,2,cellular,married,715,yes,27,106,unknown,1
tertiary,may,-1,retired,no,no,37,0,1,unknown,single,2042,no,23,508,unknown,2
tertiary,apr,10,blue-collar,no,no,45,0,12,cellular,married,18,yes,17,957,unknown,1
secondary,aug,-1,admin.,no,no,31,0,1,unknown,married,0,yes,19,163,unknown,1
tertiary,may,-1,services,no,no,43,0,2,cellular,married,631,yes,17,107,unknown,2
secondary,jun,-1,admin.,no,no,45,0,3,cellular,single,544,no,29,94,unknown,1
secondary,jul,-1,admin.,no,no,30,0,1,cellular,married,2141,yes,18,0,failure,1
tertiary,may,-1,management,no,no,38,2,2,cellular,married,0,yes,4,370,unknown,2
secondary,jun,-1,technician,no,no,44,0,4,cellular,single,632,no,14,136,unknown,1
primary,jun,-1,technician,no,no,33,0,2,cellular,married,398,no,31,959,unknown,2
primary,aug,-1,management,no,no,34,2,4,unknown,married,-91,no,18,324,failure,1
secondary,feb,-1,blue-collar,no,no,43,0,1,cellular,single,588,yes,21,124,unknown,1
secondary,jun,-1,management,no,no,59,0,2,cellular,married,762,yes,27,97,unknown,1
secondary,apr,-1,blue-collar,no,no,39,1,2,cellular,married,-1216,yes,22,973,unknown,1
unknown,aug,-1,retired,no,no,37,0,1,cellular,single,794,yes,20,108,unknown,1
tertiary,may,-1,blue-collar,yes,no,23,0,2,unknown,married,-1,yes,17,349,unknown,1
secondary,may,-1,blue-collar,no,no,32,0,2,unknown,divorced,-1,yes,10,865,unknown,1
secondary,jul,-1,blue-collar,no,no,45,0,5,cellular,married,217,no,4,183,unknown,2
tertiary,jul,-1,blue-collar,no,no,31,0,3,cellular,married,-354,no,14,260,unknown,1
secondary,jun,-1,services,no,no,39,0,2,cellular,married,0,no,13,171,unknown,1
secondary,may,-1,management,no,no,46,0,4,cellular,married,0,no,12,46,unknown,2
unknown,may,-1,admin.,no,no,32,0,4,cellular,married,-1,no,5,126,unknown,1
secondary,may,-1,blue-collar,no,no,33,0,1,cellular,single,3839,no,20,103,failure,1
primary,apr,-1,management,no,no,52,0,2,unknown,married,633,yes,19,463,failure,1
tertiary,may,-1,blue-collar,no,no,47,0,1,cellular,married,0,no,7,39,unknown,1
secondary,jul,-1,technician,no,no,27,0,1,cellular,single,854,yes,18,40,unknown,1
secondary,jun,94,housemaid,no,no,34,0,1,telephone,married,0,yes,25,199,unknown,1
secondary,may,-1,admin.,no,no,59,0,1,cellular,divorced,979,no,18,7,unknown,1
secondary,feb,-1,services,no,no,32,2,1,cellular,divorced,3067,yes,28,231,unknown,1
secondary,apr,-1,unemployed,no,no,51,0,2,cellular,married,662,yes,18,92,unknown,1
tertiary,may,-1,admin.,no,no,24,2,1,cellular,divorced,1292,yes,11,631,unknown,1
secondary,jun,-1,technician,no,no,32,0,2,cellular,married,507,yes,20,436,unknown,2
tertiary,jul,-1,blue-collar,no,no,38,0,12,cellular,married,0,yes,27,136,unknown,1
secondary,jul,-1,blue-collar,no,no,42,0,3,cellular,single,1,no,19,252,unknown,2
secondary,jul,-1,technician,no,no,37,0,4,cellular,single,597,yes,19,126,unknown,1
secondary,feb,-1,management,no,no,39,0,2,cellular,married,1354,yes,18,2,unknown,2
secondary,aug,-1,technician,yes,no,49,0,4,cellular,married,0,no,16,47,other,1
tertiary,apr,-1,management,no,no,47,0,2,cellular,divorced,661,yes,20,60,unknown,1
secondary,jul,-1,blue-collar,no,no,34,0,2,cellular,married,0,yes,29,111,unknown,1
secondary,jun,-1,management,no,no,33,5,1,unknown,married,873,no,13,532,unknown,1
tertiary,may,-1,technician,yes,no,44,0,2,cellular,married,852,yes,14,954,unknown,1
tertiary,jul,-1,management,yes,no,40,0,2,cellular,married,913,yes,9,109,unknown,1
tertiary,aug,-1,management,no,no,38,0,3,unknown,married,1733,no,14,644,unknown,1
secondary,aug,-1,management,no,no,46,0,1,cellular,married,946,no,30,81,unknown,1
secondary,may,-1,technician,no,no,37,0,1,cellular,single,879,no,23,105,unknown,1
tertiary,aug,-1,blue-collar,no,no,34,0,3,unknown,single,763,yes,13,130,unknown,2
tertiary,aug,-1,blue-collar,no,no,49,0,4,cellular,single,223,yes,6,179,unknown,1
secondary,jan,-1,blue-collar,no,no,47,0,4,cellular,married,-1385,yes,9,138,unknown,1
tertiary,may,-1,technician,no,no,38,0,1,unknown,single,829,yes,19,482,unknown,1
secondary,aug,-1,admin.,no,no,42,0,2,cellular,single,-1050,no,18,77,unknown,1
secondary,jul,-1,management,yes,no,48,0,1,cellular,single,759,yes,19,168,unknown,1
secondary,jul,-1,technician,no,no,60,1,2,cellular,married,314,no,20,112,unknown,1
secondary,jun,-1,blue-collar,no,no,53,0,3,cellular,single,549,no,5,179,unknown,1
secondary,jun,-1,admin.,no,no,57,0,2,unknown,married,892,no,21,92,unknown,1
tertiary,nov,-1,entrepreneur,no,no,47,2,2,cellular,married,26,yes,17,49,unknown,2
secondary,jul,-1,management,no,no,29,0,5,cellular,married,196,yes,4,151,unknown,1
secondary,may,-1,admin.,no,no,36,0,2,cellular,married,509,no,9,163,unknown,1
primary,jun,-1,management,no,no,37,0,2,cellular,single,0,yes,19,120,unknown,1
tertiary,may,271,blue-collar,no,no,34,0,2,cellular,married,914,yes,8,199,unknown,2
secondary,jul,-1,management,no,no,42,0,1,cellular,married,0,yes,3,9,unknown,1
secondary,apr,-1,blue-collar,no,no,46,0,3,cellular,married,2943,yes,5,322,unknown,1
tertiary,nov,-1,blue-collar,no,no,52,0,1,unknown,single,1,no,17,8,unknown,1
tertiary,may,-1,retired,no,no,58,0,1,cellular,married,898,yes,22,131,unknown,1
secondary,apr,-1,services,no,no,58,0,2,unknown,married,2237,yes,4,514,unknown,2
primary,jul,-1,technician,no,no,35,0,1,cellular,married,2866,yes,20,150,unknown,1
tertiary,nov,181,technician,no,no,31,0,2,cellular,single,376,yes,25,175,unknown,1
secondary,feb,329,management,no,no,41,0,4,cellular,married,40,yes,28,558,unknown,1
secondary,aug,-1,self-employed,no,no,33,0,1,unknown,married,218,yes,15,328,unknown,1
tertiary,may,-1,blue-collar,no,no,28,0,1,unknown,married,974,yes,28,108,unknown,1
tertiary,jun,-1,technician,no,no,30,0,1,unknown,married,412,yes,5,126,unknown,2
tertiary,jul,-1,admin.,no,no,33,0,1,unknown,single,3200,yes,11,395,unknown,1
tertiary,jul,-1,blue-collar,no,no,59,0,1,cellular,married,0,no,25,108,unknown,1
secondary,may,-1,management,no,no,35,0,1,cellular,married,783,no,20,183,unknown,2
primary,jul,-1,blue-collar,no,no,43,0,2,cellular,married,73,yes,20,130,failure,1
secondary,may,-1,blue-collar,no,no,34,0,2,cellular,married,101,yes,28,150,unknown,1
secondary,jul,-1,management,no,no,33,0,1,cellular,single,16,yes,7,92,unknown,1
secondary,may,-1,management,no,no,41,0,1,telephone,married,-14,no,26,476,unknown,1
tertiary,aug,-1,technician,no,no,50,5,1,unknown,single,0,no,23,111,success,1
secondary,aug,-1,technician,no,no,31,0,2,cellular,married,218,no,11,113,unknown,1
tertiary,jun,-1,management,no,no,55,0,1,cellular,married,427,yes,21,340,unknown,1
secondary,feb,-1,services,yes,no,34,0,2,cellular,single,680,yes,28,485,unknown,1
secondary,apr,-1,management,no,no,47,0,1,cellular,married,456,no,8,213,unknown,1
secondary,apr,-1,technician,yes,no,39,0,1,cellular,divorced,595,yes,18,1681,unknown,1
secondary,jul,-1,blue-collar,no,no,51,0,1,cellular,married,-295,no,9,749,failure,1
tertiary,nov,-1,management,no,no,56,0,1,cellular,married,936,yes,19,168,unknown,1
secondary,jun,-1,blue-collar,no,no,54,0,1,unknown,divorced,1645,yes,26,-1,unknown,1
tertiary,jul,-1,admin.,yes,no,57,0,1,cellular,married,-355,no,19,122,unknown,1
secondary,may,-1,blue-collar,no,no,59,0,1,cellular,married,627,no,22,151,unknown,1
tertiary,feb,-1,services,yes,no,42,0,1,cellular,married,684,yes,8,361,unknown,2
tertiary,may,-1,unemployed,no,no,29,2,2,unknown,married,0,yes,17,52,failure,1
secondary,jul,355,admin.,no,no,46,4,2,cellular,single,-287,yes,26,548,unknown,1
tertiary,nov,-1,blue-collar,no,no,36,0,1,cellular,married,644,yes,30,182,unknown,1
secondary,may,-1,blue-collar,no,yes,35,0,3,cellular,divorced,739,yes,6,169,unknown,1
secondary,may,-1,admin.,yes,no,47,0,1,unknown,married,937,yes,14,110,unknown,1
tertiary,sep,-1,management,no,no,33,0,1,cellular,single,1194,no,11,112,unknown,1
secondary,may,-1,management,no,no,32,0,3,cellular,married,678,yes,16,130,unknown,1
secondary,may,-1,management,no,no,39,0,2,cellular,married,859,yes,19,104,unknown,1
secondary,jul,-1,management,no,no,40,0,1,cellular,married,1,yes,14,65,unknown,1
tertiary,may,-1,technician,no,no,29,0,2,cellular,married,684,yes,29,31,unknown,1
secondary,aug,-1,unknown,yes,no,46,0,1,cellular,married,1315,no,22,480,unknown,2
primary,may,-1,blue-collar,no,no,38,0,1,cellular,single,5028,no,10,138,unknown,1
secondary,aug,-1,technician,no,no,39,0,4,cellular,married,28,yes,17,623,failure,1
tertiary,nov,-1,management,yes,no,56,0,1,cellular,married,1341,yes,15,581,unknown,1
secondary,may,-1,entrepreneur,yes,no,46,0,1,cellular,single,527,yes,9,513,unknown,1
secondary,jun,-1,technician,no,no,34,0,1,cellular,single,-202,no,7,105,unknown,1
primary,jul,-1,technician,no,no,41,0,1,unknown,divorced,1306,yes,7,267,success,1
primary,jul,-1,admin. admin.,yes,no,41,0,1,cellular,single,25,yes,27,8,unknown,1
secondary,may,-1,technician,no,no,48,0,2,cellular,married,1000,yes,13,150,unknown,2
tertiary,may,-1,blue-collar,no,no,45,0,5,unknown,single,305,yes,20,168,unknown,1
tertiary,aug,-1,entrepreneur,no,no,43,0,1,cellular,married,1329,no,11,374,unknown,1
secondary,may,-1,services,no,no,49,0,2,cellular,single,1044,no,10,21,unknown,1
secondary,aug,-1,blue-collar,no,no,40,0,1,cellular,married,532,yes,17,439,success,1
tertiary,nov,-1,admin.,yes,no,37,0,2,cellular,married,1030,yes,18,1439,unknown,1
tertiary,aug,-1,blue-collar,no,no,46,0,1,cellular,single,4331,no,5,171,unknown,1
secondary,aug,-1,admin.,no,no,34,0,2,cellular,married,628,yes,11,929,failure,1
tertiary,jun,-1,admin.,yes,no,32,0,2,cellular,single,-701,yes,18,797,unknown,1
tertiary,jul,-1,retired,no,no,46,0,1,cellular,married,-1144,yes,29,1,unknown,1
tertiary,jul,-1,management,no,no,44,0,1,telephone,married,-1,no,16,267,unknown,1
secondary,feb,-1,management,no,no,42,0,2,unknown,married,1044,no,9,179,unknown,1
tertiary,nov,-1,technician,yes,no,41,0,2,cellular,single,914,yes,15,223,unknown,1
secondary,apr,-1,blue-collar,no,no,38,2,1,cellular,single,574,yes,30,496,failure,1
primary,may,-1,management,no,no,52,0,2,cellular,married,665,no,19,171,success,1
secondary,aug,-1,management,no,no,27,0,1,cellular,single,1373,no,6,966,unknown,1
secondary,apr,187,housemaid,no,no,35,0,3,cellular,married,1558,yes,27,8,unknown,1
tertiary,jul,-1,management,no,no,29,0,1,cellular,single,-10,yes,23,738,unknown,1
tertiary,may,-1,blue-collar,no,no,38,2,3,unknown,married,715,no,4,129,failure,1
primary,jul,-1,management,no,no,34,2,3,cellular,married,539,yes,30,842,failure,1
tertiary,jul,-1,management,no,no,38,0,1,cellular,married,-170,no,29,132,failure,1
secondary,aug,99,management,no,no,40,0,1,unknown,married,2913,yes,13,88,unknown,1
secondary,may,-1,blue-collar,yes,no,32,0,1,cellular,married,2063,no,15,86,unknown,1
secondary,apr,-1,technician,yes,no,37,1,1,unknown,married,1340,yes,13,124,unknown,1
tertiary,nov,-1,entrepreneur,no,no,42,0,2,cellular,married,-1027,yes,20,281,unknown,1
tertiary,oct,-1,management,no,no,48,0,3,cellular,divorced,-8,no,10,179,unknown,1
tertiary,jun,-1,blue-collar,no,no,30,0,2,cellular,divorced,584,yes,30,616,unknown,1
secondary,jun,-1,technician,no,no,49,0,1,cellular,married,898,no,18,152,unknown,1
secondary,may,-1,admin.,no,no,53,0,2,cellular,single,0,no,7,1506,failure,1
secondary,jul,-1,technician,no,no,41,3,1,cellular,single,564,yes,20,115,unknown,1
secondary,jul,-1,management,no,no,48,0,3,cellular,single,2254,yes,17,247,unknown,1
tertiary,aug,-1,blue-collar,no,no,20,0,2,cellular,single,1773,yes,6,169,unknown,1
secondary,nov,-1,technician,no,no,35,0,1,cellular,married,485,no,14,87,failure,1
secondary,jul,-1,self-employed,no,no,31,0,3,cellular,married,127,no,6,111,unknown,1
secondary,may,-1,blue-collar,no,no,36,1,1,unknown,single,1311,yes,21,217,unknown,1
tertiary,jun,-1,management,no,no,32,0,1,cellular,single,0,yes,12,77,unknown,1
secondary,jul,-1,management,no,no,33,2,1,unknown,married,516,yes,20,190,unknown,1
secondary,nov,-1,blue-collar,no,no,49,0,1,cellular,married,594,yes,19,246,success,1
secondary,may,-1,management,no,no,26,0,3,cellular,married,2580,yes,7,2,unknown,1
primary,may,-1,blue-collar,no,no,55,0,15,cellular,single,6825,no,15,135,failure,1
secondary,may,169,admin.,no,no,55,0,2,cellular,married,513,yes,6,611,unknown,2
secondary,jul,-1,blue-collar,no,no,33,0,2,unknown,married,444,no,29,246,unknown,2
secondary,may,-1,blue-collar,yes,no,60,0,2,cellular,married,1452,no,27,151,unknown,1
tertiary,apr,-1,blue-collar,no,no,54,0,3,cellular,married,383,no,28,10,unknown,1
secondary,jul,350,management,no,no,32,0,2,cellular,single,649,no,11,110,failure,1
secondary,aug,-1,housemaid,no,no,29,0,2,cellular,married,448,yes,21,1475,unknown,1
tertiary,feb,-1,blue-collar,no,no,47,0,2,cellular,married,813,no,13,1,unknown,1
tertiary,may,-1,admin.,no,no,44,0,3,cellular,married,-342,yes,13,932,unknown,1
secondary,may,-1,blue-collar,no,no,49,0,1,cellular,married,376,no,11,479,unknown,1
secondary,nov,-1,blue-collar,no,no,27,0,2,cellular,divorced,764,yes,2,173,unknown,1
tertiary,may,-1,admin.,no,no,41,0,4,cellular,single,2124,no,27,199,failure,1
secondary,jul,-1,admin.,no,no,55,0,1,unknown,married,5088,no,21,531,unknown,1
primary,jun,-1,technician,no,no,31,1,1,cellular,single,-91,yes,29,151,unknown,1
tertiary,jun,-1,admin.net,no,no,33,0,1,cellular,single,523,no,19,136,unknown,1
secondary,nov,-1,services,no,no,33,0,2,unknown,married,482,yes,6,716,unknown,1
secondary,may,-1,blue-collar,no,no,41,0,1,cellular,married,544,no,12,563,unknown,1
tertiary,aug,-1,technician,yes,no,54,1,2,cellular,single,1414,no,21,823,unknown,1
tertiary,feb,-1,management,no,no,49,0,3,cellular,married,461,yes,14,72,unknown,1
secondary,may,-1,management,yes,no,44,0,1,cellular,single,543,yes,6,151,unknown,1
secondary,jul,-1,management,no,no,29,0,4,cellular,married,2287,no,20,190,unknown,1
tertiary,nov,-1,unemployed,no,no,45,0,2,cellular,married,1366,yes,5,107,unknown,1
secondary,aug,-1,admin.,no,no,45,0,2,unknown,single,2234,no,9,532,unknown,2
primary,may,-1,admin.,no,no,55,0,1,cellular,married,66,no,19,1230,unknown,1
secondary,jul,-1,unemployed,no,no,44,0,2,cellular,single,1,yes,17,103,unknown,1
secondary,jun,-1,blue-collar,no,no,34,0,4,cellular,single,633,no,13,197,unknown,1
tertiary,jun,-1,blue-collar,no,no,41,0,1,cellular,married,650,no,7,159,unknown,1
tertiary,jul,102,blue-collar,no,no,27,0,1,cellular,single,2540,yes,2,103,unknown,1
secondary,jul,-1,blue-collar,no,no,41,0,3,cellular,divorced,623,yes,19,184,unknown,1
primary,aug,-1,management,no,no,33,0,1,cellular,married,4837,yes,18,566,unknown,1
primary,jan,-1,management,yes,no,33,0,2,unknown,single,218,yes,21,418,unknown,1
secondary,aug,-1,management,no,no,56,0,2,cellular,single,1130,yes,19,516,failure,1
secondary,may,-1,management,no,no,46,0,4,unknown,married,2052,no,10,171,unknown,2
secondary,jul,-1,services,yes,no,37,0,1,cellular,married,-312,yes,12,48,unknown,1
secondary,nov,-1,management,no,no,48,0,1,cellular,married,1000,yes,19,80,unknown,1
primary,jul,-1,retired,no,no,40,0,2,cellular,married,678,yes,4,151,unknown,1
tertiary,may,-1,entrepreneur,no,no,38,0,2,cellular,divorced,61,no,29,130,unknown,1
secondary,jun,-1,services,no,no,33,0,3,cellular,married,752,yes,12,247,unknown,1
primary,feb,-1,management,no,no,53,0,2,unknown,single,-1215,yes,6,152,success,1
tertiary,may,-1,management,no,no,53,0,5,cellular,single,705,yes,14,178,unknown,1
secondary,aug,-1,housemaid,no,no,33,0,2,cellular,married,542,yes,30,113,unknown,1
tertiary,jun,247,management,no,no,31,0,1,cellular,divorced,0,yes,13,157,unknown,1
secondary,jan,-1,admin.,no,no,43,0,1,cellular,married,973,no,25,1138,unknown,1
secondary,aug,-1,management,no,no,49,0,3,cellular,married,1492,yes,18,549,failure,1
primary,may,-1,entrepreneur,no,no,38,0,1,cellular,single,717,yes,17,421,unknown,1
secondary,jul,-1,management,yes,no,33,0,2,cellular,single,1455,yes,28,859,unknown,1
secondary,apr,-1,blue-collar,no,no,39,0,2,cellular,single,2266,no,26,112,unknown,1
tertiary,may,-1,blue-collar,no,no,50,0,2,cellular,married,-312,no,29,76,unknown,1
secondary,may,95,blue-collar,no,no,49,0,2,cellular,single,686,yes,30,109,unknown,1
tertiary,may,-1,management,no,no,38,29,2,cellular,married,507,no,20,171,other,1
tertiary,jul,-1,blue-collar,no,no,47,0,1,cellular,single,757,no,21,716,unknown,1
secondary,may,94,blue-collar,no,no,57,0,2,unknown,married,941,yes,18,360,success,1
secondary,aug,-1,admin.,no,no,57,0,3,cellular,single,6,no,19,800,failure,1
secondary,may,-1,technician,no,no,33,0,3,unknown,married,-8,yes,6,132,unknown,1
secondary,feb,-1,blue-collar,yes,no,40,0,4,unknown,married,247,yes,28,127,other,2
tertiary,jul,162,admin.,no,no,70,0,5,unknown,married,912,no,8,169,unknown,1
secondary,may,-1,entrepreneur,no,no,35,0,1,unknown,married,0,yes,21,466,unknown,1
secondary,jul,-1,services,yes,no,49,0,1,cellular,divorced,2054,no,10,632,unknown,1
tertiary,may,-1,blue-collar,no,no,41,0,5,cellular,married,-11,yes,20,152,unknown,1
tertiary,jun,-1,blue-collar,no,no,58,0,3,cellular,married,0,yes,26,474,unknown,1
secondary,jul,-1,management,no,no,34,0,2,cellular,single,2940,no,20,527,unknown,1
secondary,jun,-1,management,no,no,34,2,1,cellular,single,884,no,14,168,unknown,1
secondary,nov,-1,technician,no,no,36,0,1,cellular,single,872,yes,26,6,unknown,1
secondary,jun,-1,blue-collar,no,no,34,0,2,unknown,married,8000,no,16,184,unknown,1
tertiary,jan,-1,management,no,no,58,4,2,cellular,single,484,yes,19,7,unknown,1
primary,may,186,admin.,no,no,35,0,1,unknown,single,2880,yes,18,104,unknown,1
secondary,aug,-1,management,no,no,41,0,1,cellular,married,1110,no,30,159,unknown,1
secondary,jul,-1,technician,no,no,27,0,2,cellular,married,823,yes,15,923,unknown,1
tertiary,nov,-1,technician,no,no,44,0,2,cellular,divorced,1587,yes,19,2,unknown,1
secondary,may,-1,management,yes,no,40,0,4,cellular,single,1458,yes,29,110,unknown,1
secondary,jul,-1,technician,no,no,56,0,1,cellular,married,1742,yes,26,103,unknown,1
primary,may,144,blue-collar,no,no,45,0,2,cellular,married,2078,no,2,471,unknown,1
tertiary,may,-1,retired,no,no,35,0,4,unknown,married,16,yes,6,119,unknown,1
primary,may,-1,management,no,no,47,0,1,cellular,married,-9,yes,16,576,unknown,2
secondary,may,-1,management,no,no,43,0,3,cellular,married,1079,yes,4,163,unknown,1
primary,jun,-1,retired,no,no,27,0,2,unknown,single,-202,yes,28,238,unknown,2
tertiary,may,-1,management,no,no,41,0,2,cellular,married,0,yes,12,321,unknown,1
tertiary,may,-1,services,no,no,63,0,2,cellular,married,1076,yes,9,113,unknown,1
secondary,sep,-1,blue-collar,no,no,33,0,3,unknown,divorced,416,no,26,222,unknown,1
tertiary,jul,-1,retired,yes,no,54,0,4,cellular,married,146,no,20,6,unknown,1
tertiary,dec,-1,admin.,yes,no,50,2,2,cellular,single,372,no,4,555,unknown,1
tertiary,apr,-1,blue-collar,no,no,38,0,3,cellular,married,838,yes,19,108,unknown,1
secondary,jul,-1,blue-collar,no,no,32,0,3,cellular,married,2187,yes,27,672,failure,1
secondary,may,-1,admin.,no,no,37,0,1,cellular,married,-196,yes,2,126,unknown,1
primary,jun,-1,management,no,no,34,0,1,unknown,married,1892,yes,12,163,unknown,1
primary,may,-1,management,yes,no,43,0,1,cellular,single,107,no,20,108,unknown,1
tertiary,aug,-1,blue-collar,no,no,59,0,5,cellular,married,0,yes,9,131,unknown,1
tertiary,aug,-1,retired,no,no,38,0,1,cellular,divorced,1412,yes,16,9,unknown,1
tertiary,may,-1,management,no,no,31,0,1,cellular,divorced,392,yes,19,190,unknown,1
tertiary,apr,-1,blue-collar,no,no,32,0,2,unknown,single,0,yes,11,62,unknown,1
secondary,may,-1,services,no,yes,33,0,1,unknown,single,29,no,29,185,unknown,1
secondary,nov,-1,retired,no,no,51,0,1,unknown,single,1293,yes,26,559,unknown,1
tertiary,nov,-1,admin.,no,no,29,0,2,cellular,married,-1,yes,23,973,unknown,1
secondary,may,-1,blue-collar,no,no,37,0,2,cellular,married,508,yes,29,711,unknown,1
secondary,apr,-1,services,no,no,32,0,1,cellular,married,0,yes,2,138,failure,1
tertiary,jun,-1,services,yes,no,35,0,2,unknown,single,49,no,23,150,unknown,1
tertiary,apr,294,unemployed,no,no,41,0,6,cellular,married,12,yes,2,541,unknown,1
secondary,may,326,entrepreneur,no,no,29,0,2,cellular,married,18,no,29,92,failure,1
secondary,may,-1,blue-collar,no,no,36,0,2,cellular,single,487,yes,31,299,unknown,1
tertiary,aug,-1,self-employed,no,no,36,0,2,cellular,single,29,no,28,152,unknown,1
secondary,may,-1,management,no,no,31,0,2,cellular,married,826,no,4,467,unknown,1
secondary,jun,-1,admin.,no,no,29,0,2,cellular,single,973,yes,18,6,failure,1
tertiary,may,-1,blue-collar,no,no,46,0,4,cellular,divorced,-333,no,23,126,other,1
tertiary,may,-1,management,no,no,37,0,2,unknown,single,474,yes,9,-1,unknown,1
secondary,apr,-1,retired,no,no,28,0,4,cellular,married,1342,no,5,91,unknown,1
secondary,may,-1,entrepreneur,yes,no,55,1,1,cellular,single,168,no,9,73,unknown,1
secondary,may,-1,blue-collar,no,no,32,0,1,cellular,married,949,yes,28,104,unknown,1
primary,jul,195,blue-collar,no,no,30,0,3,cellular,married,516,yes,23,267,failure,1
primary,may,-1,services,no,no,33,0,1,cellular,married,674,yes,12,14,unknown,1
tertiary,jun,391,management,no,no,37,0,1,cellular,single,497,yes,29,232,unknown,2
tertiary,aug,275,management,no,no,43,0,2,cellular,single,51,yes,18,8,unknown,1
primary,aug,-1,services,no,no,43,0,1,unknown,divorced,715,yes,29,145,unknown,1
tertiary,jul,-1,housemaid,no,no,43,0,1,cellular,single,3623,no,9,182,unknown,1
secondary,may,-1,technician,no,no,41,0,1,cellular,single,927,no,30,220,unknown,1
secondary,jun,-1,management,yes,no,40,0,1,cellular,divorced,335,yes,15,182,failure,1
secondary,jul,-1,blue-collar,yes,no,27,0,1,cellular,married,605,no,14,110,other,1
secondary,jul,-1,admin.,no,no,35,0,1,cellular,married,190,yes,19,98,unknown,1
primary,may,-1,technician,no,no,54,0,2,cellular,married,1773,no,12,7,unknown,1
secondary,jul,-1,technician,no,no,56,0,2,cellular,married,0,yes,15,632,unknown,1
primary,jun,-1,management,yes,no,45,0,1,cellular,single,49,yes,20,92,unknown,1
secondary,jan,-1,blue-collar,no,no,44,0,1,cellular,married,574,no,28,104,unknown,1
secondary,may,2,technician,no,no,44,0,6,unknown,single,1495,yes,28,195,unknown,1
secondary,aug,-1,management,no,no,48,0,1,cellular,single,1510,yes,20,107,unknown,2
tertiary,jul,-1,housemaid,no,no,47,0,2,unknown,single,111,yes,21,656,unknown,2
unknown,jul,-1,technician,no,no,49,0,1,cellular,married,0,yes,17,110,unknown,1
secondary,apr,-1,management,no,no,62,0,2,unknown,single,0,yes,20,127,unknown,2
secondary,aug,-1,retired,no,no,55,0,4,telephone,married,498,yes,29,105,unknown,2
tertiary,aug,-1,management,yes,no,22,0,4,cellular,single,853,yes,18,631,unknown,2
secondary,jul,-1,technician,no,no,46,3,1,cellular,married,468,no,5,791,failure,1
tertiary,may,-1,management,no,no,39,0,2,cellular,married,7,yes,17,169,unknown,1
secondary,jun,-1,blue-collar,no,no,54,0,2,cellular,single,1343,yes,29,182,unknown,1
tertiary,jun,-1,retired,no,no,49,0,2,cellular,married,1613,yes,5,182,unknown,2
secondary,may,-1,admin.,no,no,31,2,5,cellular,married,899,no,18,979,other,1
primary,may,561,admin. blue-collar,no,no,35,0,5,cellular,single,1672,yes,30,564,unknown,1
tertiary,jun,-1,management,no,no,43,0,2,unknown,married,0,no,20,104,unknown,1
secondary,nov,343,blue-collar,no,no,29,0,1,unknown,single,1129,yes,18,49,unknown,1
secondary,jul,-1,management,no,no,43,0,1,cellular,married,-1,no,20,136,unknown,1
secondary,may,-1,technician,no,no,42,0,1,cellular,single,1529,no,22,591,unknown,1
unknown,may,-1,admin.,yes,no,33,0,2,cellular,married,1619,no,19,256,unknown,1
tertiary,apr,-1,technician,no,no,37,0,2,unknown,married,1098,yes,1,124,unknown,1
secondary,feb,-1,admin.,no,no,33,0,5,cellular,married,186,yes,20,228,success,1
tertiary,may,-1,management,no,no,46,0,4,cellular,married,0,no,5,711,other,1
secondary,jun,-1,student,no,no,34,0,1,cellular,married,515,no,23,110,unknown,1
primary,may,-1,management,yes,no,29,0,1,cellular,married,289,yes,6,208,unknown,1
tertiary,may,-1,blue-collar,no,no,36,0,3,cellular,married,1075,yes,11,638,unknown,1
tertiary,jul,-1,blue-collar,no,no,36,0,2,unknown,married,915,yes,2,198,unknown,1
secondary,aug,-1,blue-collar,no,no,54,0,1,cellular,single,487,yes,30,487,unknown,1
secondary,jul,-1,technician,no,no,65,0,2,cellular,married,6207,yes,6,126,unknown,1
primary,nov,-1,management,no,no,41,0,1,cellular,single,516,no,2,112,unknown,1
primary,nov,-1,management,yes,no,32,0,2,cellular,single,19,no,29,108,unknown,1
tertiary,jul,-1,student,no,no,33,0,1,cellular,single,500,no,29,93,unknown,1
tertiary,jul,266,management,no,no,30,0,5,cellular,single,591,yes,11,6,unknown,2
secondary,jul,-1,admin.,no,no,34,0,2,cellular,married,-1,yes,13,541,unknown,1
secondary,jul,-1,management,no,no,37,0,3,cellular,married,1831,yes,4,138,unknown,1
secondary,jun,-1,management,no,no,29,0,13,unknown,single,2104,yes,29,138,other,2
secondary,may,-1,blue-collar,no,no,35,1,3,cellular,single,2254,yes,22,92,unknown,1
secondary,jun,391,blue-collar,no,no,50,3,2,cellular,married,1059,yes,16,163,unknown,2
secondary,jun,-1,management,no,no,41,0,3,unknown,single,-1,yes,28,657,unknown,1
secondary,nov,-1,management,no,no,57,5,1,cellular,married,638,no,5,7,unknown,1
primary,aug,-1,management,no,no,36,0,1,cellular,married,0,yes,4,737,unknown,1
secondary,jul,-1,management,no,no,34,3,1,cellular,divorced,291,no,26,169,unknown,1
secondary,jun,6,technician,no,no,33,0,2,cellular,married,446,no,12,476,unknown,1
secondary,may,-1,self-employed,no,no,31,2,3,cellular,single,667,yes,17,632,unknown,1
tertiary,may,-1,management,no,no,39,0,1,cellular,married,10250,no,5,202,unknown,1
tertiary,may,-1,technician,yes,no,33,0,2,cellular,married,1958,no,30,121,failure,1
tertiary,may,-1,blue-collar,no,no,46,0,1,cellular,divorced,223,yes,16,127,unknown,1
secondary,jun,-1,management,no,no,51,0,2,telephone,married,27,no,18,-1,unknown,1
secondary,may,-1,technician,no,no,43,0,2,cellular,married,107,yes,19,1237,failure,1
secondary,jul,-1,services,no,no,31,0,1,cellular,married,511,yes,5,559,other,1
secondary,jun,-1,management,no,no,27,0,1,unknown,single,738,no,20,107,unknown,1
secondary,aug,-1,unemployed,no,no,63,0,12,cellular,single,-304,yes,20,171,failure,1
unknown,jun,-1,blue-collar,no,no,33,0,1,unknown,married,4036,no,29,130,unknown,2
secondary,jun,-1,blue-collar,no,no,43,0,1,unknown,married,67,yes,3,723,failure,1
secondary,jul,-1,management,no,no,37,0,4,cellular,married,739,no,19,787,failure,1
primary,may,-1,blue-collar,no,no,33,0,1,unknown,married,1728,no,21,691,unknown,1
tertiary,may,-1,technician,no,no,33,0,3,cellular,married,1,yes,17,173,unknown,1
secondary,jan,-1,blue-collar,no,no,49,0,1,unknown,married,0,yes,20,1036,unknown,2
secondary,aug,-1,technician,no,no,43,0,3,cellular,married,1,yes,12,48,unknown,1
tertiary,jun,-1,admin.,no,no,28,0,29,cellular,married,303,no,14,539,unknown,1
secondary,jun,-1,management,no,no,54,0,4,cellular,married,1270,no,16,432,unknown,1
tertiary,aug,-1,entrepreneur,no,no,33,0,1,cellular,divorced,439,yes,30,111,unknown,1
tertiary,jun,-1,technician,no,no,43,0,3,unknown,divorced,18,no,3,171,unknown,1
tertiary,jun,-1,technician,no,no,39,0,2,telephone,married,787,yes,29,123,unknown,1
secondary,apr,-1,blue-collar,no,no,48,0,2,cellular,married,0,yes,18,7,unknown,1
tertiary,jul,-1,technician,no,no,35,0,1,cellular,married,1064,yes,20,406,unknown,2
secondary,may,-1,blue-collar,yes,no,27,0,4,cellular,single,47,yes,7,151,unknown,1
secondary,jul,-1,blue-collar,no,no,34,0,1,cellular,married,449,yes,20,11,success,1
secondary,jun,-1,technician,no,no,41,0,2,cellular,married,4874,yes,18,103,unknown,1
tertiary,feb,-1,entrepreneur,no,no,47,0,1,unknown,married,461,yes,20,195,unknown,1
tertiary,jun,-1,admin.,no,no,52,0,4,unknown,single,0,yes,20,138,unknown,1
secondary,aug,-1,management,no,no,35,0,1,unknown,married,29,yes,20,127,unknown,1
tertiary,nov,-1,technician,no,no,33,0,3,unknown,married,-15,yes,13,888,unknown,1
tertiary,may,-1,management,yes,no,42,0,1,unknown,married,573,yes,16,184,unknown,2
tertiary,feb,-1,management,no,no,45,0,3,unknown,married,3982,no,29,82,unknown,1
tertiary,aug,-1,technician,no,no,43,0,3,unknown,divorced,656,yes,28,1432,unknown,2
secondary,jul,-1,management,no,no,53,0,2,cellular,married,5291,yes,25,129,failure,1
secondary,feb,-1,technician,no,no,46,0,1,cellular,single,-528,yes,27,269,unknown,1
secondary,apr,-1,services,no,no,32,0,3,cellular,single,467,yes,12,51,unknown,1
primary,may,81,housemaid,no,no,38,0,2,cellular,married,2537,yes,30,208,unknown,1
secondary,apr,-1,admin.,no,no,39,0,2,unknown,single,-886,no,18,332,unknown,1
secondary,nov,-1,blue-collar,no,no,34,0,2,cellular,divorced,0,yes,17,567,unknown,1
primary,mar,-1,unemployed,no,no,45,1,6,cellular,married,631,yes,15,152,unknown,1
secondary,may,-1,management,no,no,44,0,2,cellular,single,584,yes,30,176,unknown,1
secondary,nov,-1,housemaid,no,no,32,0,12,cellular,married,485,yes,8,991,unknown,1
secondary,may,-1,management,no,no,33,0,3,cellular,married,-1039,yes,14,270,unknown,1
primary,jul,-1,blue-collar,no,no,46,0,1,cellular,married,1,no,9,2,unknown,1
tertiary,nov,-1,retired,no,no,51,0,2,unknown,single,1577,no,18,661,unknown,1
primary,feb,-1,management,no,no,33,1,1,cellular,married,337,no,17,130,failure,1
secondary,may,-1,management,no,no,51,0,1,cellular,married,1294,yes,18,395,unknown,1
secondary,may,-1,services,no,no,33,0,2,unknown,single,830,yes,28,65,failure,1
primary,jul,-1,technician,no,no,39,0,2,cellular,single,1026,no,14,208,unknown,1
secondary,jul,-1,technician,no,no,58,0,4,cellular,married,8,no,17,289,unknown,1
secondary,may,-1,management,no,no,36,5,4,cellular,married,566,yes,12,111,unknown,1
tertiary,nov,-1,management,no,no,54,0,3,unknown,single,246,yes,21,584,unknown,1
tertiary,jun,-1,technician,no,no,38,0,6,cellular,single,852,yes,17,847,unknown,1
secondary,jul,-1,blue-collar,no,no,42,0,1,cellular,married,0,yes,8,92,unknown,1
secondary,aug,-1,services,no,no,33,0,1,cellular,married,1126,no,13,163,unknown,1
primary,apr,-1,services,no,no,39,0,1,unknown,married,-196,yes,28,1489,unknown,1
tertiary,may,-1,self-employed,yes,no,40,0,1,cellular,married,549,yes,6,94,unknown,2
secondary,jul,-1,services,no,no,38,0,2,unknown,married,578,yes,20,104,unknown,1
tertiary,may,-1,blue-collar,no,no,31,0,1,cellular,married,453,yes,18,110,unknown,2
secondary,jun,-1,housemaid,no,no,40,0,1,unknown,married,434,yes,16,562,unknown,1
tertiary,may,-1,retired,no,no,50,0,3,cellular,married,516,yes,27,191,unknown,1
tertiary,jun,-1,blue-collar,no,no,31,1,3,cellular,divorced,576,no,29,104,unknown,1
secondary,jul,-1,management,no,no,33,0,1,cellular,married,2910,yes,21,159,unknown,1
secondary,nov,-1,services,no,yes,32,0,1,cellular,married,-15,yes,12,795,unknown,2
secondary,jul,-1,unemployed,no,no,34,0,2,unknown,single,4044,yes,19,150,unknown,1
secondary,may,-1,technician,no,no,42,0,1,cellular,married,6164,yes,29,126,unknown,1
tertiary,jun,-1,services,no,no,53,0,10,cellular,married,-971,yes,15,-1,unknown,1
secondary,jul,-1,admin.,yes,no,35,0,1,cellular,single,-121,yes,18,169,unknown,1
secondary,may,-1,technician,no,no,36,0,1,unknown,married,10072,no,11,111,failure,1
tertiary,nov,-1,management,no,no,47,0,2,cellular,married,316,no,27,136,unknown,1
primary,jun,187,technician,no,no,25,0,1,cellular,married,0,no,10,691,unknown,1
primary,aug,-1,technician,no,no,35,0,4,cellular,single,715,yes,11,467,unknown,1
secondary,may,-1,blue-collar,no,no,37,3,2,unknown,divorced,3087,no,25,279,unknown,1
secondary,may,-1,management,yes,no,32,0,2,cellular,married,178,no,29,103,unknown,1
secondary,jun,-1,blue-collar,no,no,44,0,2,cellular,married,633,yes,20,552,unknown,2
tertiary,feb,-1,technician,no,no,32,0,2,cellular,single,-106,no,13,169,unknown,1
secondary,apr,-1,retired,no,no,49,0,5,cellular,married,1066,no,18,108,unknown,1
tertiary,apr,-1,blue-collar,no,no,32,0,1,unknown,single,0,no,11,135,unknown,1
secondary,nov,-1,blue-collar,yes,no,54,0,2,unknown,single,1614,no,23,267,failure,1
tertiary,jul,-1,housemaid,no,no,31,0,1,unknown,married,844,yes,15,92,unknown,1
primary,jun,-1,management,no,no,48,0,5,cellular,married,744,yes,20,163,unknown,1
secondary,may,-1,services,no,no,28,0,2,cellular,married,2160,no,26,0,unknown,1
secondary,jul,-1,student,no,no,39,0,4,cellular,married,32,no,11,573,unknown,1
secondary,jul,-1,management,no,no,38,0,3,cellular,single,1078,yes,19,1171,unknown,2
tertiary,may,-1,management,no,no,45,0,4,cellular,single,989,yes,18,183,unknown,1
primary,apr,-1,blue-collar,no,no,32,0,4,telephone,married,1364,yes,28,150,unknown,1
tertiary,nov,-1,retired,no,no,42,0,3,unknown,married,712,no,8,124,unknown,1
tertiary,jul,-1,technician,no,no,45,0,1,cellular,single,134,no,14,247,unknown,2
secondary,jul,-1,management,no,no,43,0,3,cellular,married,158,yes,25,965,unknown,1
tertiary,nov,-1,blue-collar,no,no,57,0,1,unknown,single,4601,yes,8,125,unknown,1
primary,may,-1,management,no,no,47,0,1,cellular,married,0,yes,21,587,unknown,1
tertiary,jul,-1,retired,no,no,41,0,2,cellular,single,2144,no,15,455,failure,2
secondary,aug,-1,technician,no,no,49,0,1,cellular,single,1,no,23,206,unknown,1
secondary,aug,-1,management,no,no,47,0,1,unknown,single,729,yes,1,439,unknown,1
secondary,jun,-1,housemaid,no,no,49,0,1,cellular,single,1268,no,18,182,unknown,1
tertiary,jul,-1,management,no,no,38,2,1,unknown,married,2313,yes,6,169,unknown,1
secondary,may,-1,management,no,no,43,0,2,cellular,married,-379,yes,7,659,unknown,1
secondary,jul,-1,technician,yes,no,48,0,2,unknown,single,0,no,12,102,unknown,1
secondary,jun,-1,services,no,no,46,0,1,cellular,single,-1215,yes,15,185,unknown,1
tertiary,apr,-1,services,no,no,56,0,3,telephone,divorced,2185,yes,17,436,unknown,1
secondary,aug,-1,management,no,no,33,0,1,cellular,divorced,1983,no,15,714,unknown,1
secondary,aug,-1,blue-collar,no,no,32,0,5,unknown,single,1436,yes,27,232,unknown,1
secondary,may,-1,services,no,no,41,0,2,unknown,married,-295,no,14,15,unknown,1
unknown,nov,-1,blue-collar,no,no,37,0,3,cellular,married,360,yes,19,103,unknown,1
secondary,aug,-1,services,no,no,42,0,2,cellular,divorced,13,yes,4,98,unknown,1
secondary,jun,-1,management,no,no,48,0,4,unknown,divorced,-342,yes,28,557,unknown,1
secondary,may,332,blue-collar,yes,no,41,1,3,cellular,divorced,1,yes,14,744,failure,1
secondary,aug,-1,entrepreneur,no,no,37,0,2,cellular,single,407,no,16,52,unknown,1
primary,jun,-1,blue-collar,no,no,57,0,2,cellular,divorced,-426,no,2,69,unknown,2
tertiary,nov,-1,management,no,no,39,0,2,cellular,single,6483,yes,8,889,unknown,1
secondary,jul,-1,technician,no,no,36,0,2,unknown,married,536,no,12,112,success,1
secondary,feb,91,admin.,no,no,32,5,2,unknown,married,1491,no,23,108,unknown,1
primary,jun,-1,management,no,no,32,0,4,cellular,divorced,967,yes,13,184,unknown,1
secondary,feb,-1,management,no,no,59,7,3,unknown,single,-252,yes,18,80,unknown,1
primary,jul,-1,blue-collar,no,no,41,0,7,cellular,married,0,no,25,245,unknown,1
secondary,feb,-1,services,no,no,28,0,1,cellular,married,77,yes,18,108,unknown,1
primary,may,-1,management,yes,no,59,0,1,unknown,single,879,yes,20,183,unknown,1
secondary,jan,-1,management,no,no,43,0,1,cellular,married,1491,yes,8,455,unknown,1
secondary,may,-1,management,no,no,24,0,3,cellular,single,914,yes,16,136,unknown,1
tertiary,jan,-1,retired,no,no,48,0,1,cellular,married,1,no,30,126,unknown,1
tertiary,may,-1,management,no,no,43,2,1,cellular,married,0,yes,11,415,unknown,1
secondary,aug,371,housemaid,no,no,56,0,1,cellular,married,666,no,13,1038,failure,2
secondary,aug,-1,management,no,no,46,0,2,cellular,married,3552,yes,11,176,success,1
secondary,may,275,management,no,no,32,0,3,unknown,single,-292,no,15,92,unknown,1
secondary,jul,-1,management,no,no,33,0,2,cellular,single,37,yes,2,206,failure,1
secondary,aug,-1,services,no,no,41,0,2,unknown,married,863,yes,17,108,unknown,1
secondary,jul,-1,management,yes,no,60,0,3,cellular,married,1430,yes,30,183,unknown,1
secondary,may,-1,admin.,no,no,59,0,1,unknown,divorced,-15,no,5,94,unknown,1
unknown,aug,-1,admin.,yes,no,36,0,1,cellular,married,-212,yes,14,173,unknown,1
secondary,may,-1,management,no,no,34,0,4,cellular,married,0,yes,4,64,unknown,1
primary,apr,-1,services,no,no,41,0,1,cellular,married,2912,yes,17,150,unknown,1
secondary,jul,-1,admin.,no,no,33,0,3,cellular,married,514,yes,3,165,unknown,1
secondary,jul,-1,blue-collar,no,no,38,4,3,unknown,single,158,yes,27,857,unknown,1
tertiary,jun,-1,management,no,no,38,0,2,cellular,single,859,yes,19,411,unknown,1
secondary,may,-1,blue-collar,no,no,58,0,2,unknown,married,778,yes,12,172,unknown,1
unknown,may,-1,housemaid,no,no,51,12,2,cellular,married,633,yes,19,136,success,1
secondary,apr,-1,blue-collar,no,no,43,0,1,cellular,married,749,no,15,1023,unknown,1
tertiary,may,-1,services,no,no,35,2,6,cellular,married,390,yes,7,723,unknown,1
secondary,aug,-1,management,no,no,58,0,2,cellular,married,448,yes,21,1092,unknown,1
tertiary,jul,-1,admin.,no,no,54,0,2,cellular,married,0,yes,13,945,unknown,1
secondary,jul,-1,services,no,no,32,0,2,cellular,married,637,yes,21,164,unknown,1
secondary,may,140,student,no,no,33,0,1,cellular,married,1462,yes,12,108,unknown,1
tertiary,may,-1,technician,no,no,30,0,1,unknown,divorced,-1214,yes,23,65,unknown,1
secondary,may,-1,admin.,no,no,53,0,5,cellular,married,473,yes,29,829,unknown,1
primary,aug,-1,management,no,no,29,0,2,cellular,single,464,yes,10,173,unknown,2
secondary,may,-1,entrepreneur,no,no,56,0,4,cellular,single,249,yes,9,446,unknown,2
tertiary,feb,-1,admin.com,no,no,25,0,1,cellular,single,-1,yes,30,172,unknown,1
secondary,may,-1,technician,no,no,52,0,3,unknown,divorced,0,no,9,94,unknown,2
secondary,may,-1,blue-collar,no,no,58,0,1,cellular,married,741,yes,12,217,unknown,1
primary,may,-1,blue-collar,no,no,54,1,3,unknown,married,936,no,18,152,unknown,1
secondary,apr,-1,management,no,no,51,0,2,cellular,single,107,no,15,104,unknown,1
secondary,aug,-1,management,no,no,45,0,1,cellular,married,1675,no,12,148,unknown,1
tertiary,may,-1,technician,no,no,34,0,1,cellular,married,498,no,19,8,unknown,1
secondary,may,-1,blue-collar,no,no,54,5,4,cellular,married,614,yes,13,184,unknown,1
tertiary,jul,91,student,no,no,41,0,2,cellular,married,-227,no,12,663,failure,1
secondary,aug,92,services,no,no,33,0,1,cellular,married,613,yes,9,112,unknown,1
unknown,aug,178,admin.,yes,no,40,0,12,cellular,married,4,no,17,757,unknown,1
secondary,nov,-1,blue-collar,no,no,29,0,3,cellular,married,618,no,23,1435,unknown,1
primary,apr,-1,management,yes,no,41,0,1,cellular,married,209,yes,18,527,unknown,1
secondary,feb,-1,management,no,no,36,0,2,cellular,married,389,yes,9,1031,failure,1
secondary,jul,-1,blue-collar,no,no,43,0,4,cellular,single,984,yes,15,127,unknown,1
secondary,may,-1,entrepreneur,yes,no,43,0,3,cellular,married,2787,no,17,329,unknown,1
tertiary,apr,-1,admin.,no,no,47,0,2,cellular,single,1983,yes,9,152,unknown,1
primary,jun,-1,blue-collar,no,no,34,0,2,cellular,married,945,yes,8,124,unknown,1
secondary,jun,-1,management,no,no,31,0,1,cellular,single,905,yes,20,136,unknown,1
tertiary,jan,-1,admin.,no,no,37,2,3,cellular,married,0,yes,18,772,unknown,1
primary,jul,-1,blue-collar,no,no,37,0,1,unknown,married,543,no,7,973,unknown,1
secondary,may,-1,management,no,no,33,0,7,unknown,divorced,874,yes,2,246,unknown,1
tertiary,aug,-1,management,no,no,34,0,2,cellular,divorced,1609,yes,2,9,unknown,1
secondary,jul,-1,management,no,no,33,0,1,cellular,married,0,yes,10,103,unknown,1
tertiary,jun,-1,technician,no,no,39,0,1,cellular,married,-1,no,13,539,unknown,1
secondary,may,-1,retired,no,no,37,0,1,unknown,married,685,yes,25,113,unknown,1
secondary,aug,-1,self-employed,yes,no,37,2,1,cellular,single,-354,no,21,559,unknown,2
tertiary,may,-1,entrepreneur,no,no,34,0,3,cellular,single,473,yes,26,182,unknown,1
tertiary,jul,-1,management,no,no,28,0,5,cellular,divorced,2185,no,28,182,unknown,1
primary,jul,-1,admin.,no,no,35,0,2,unknown,married,-1,no,7,792,unknown,1
tertiary,may,-1,management,no,no,31,0,1,unknown,married,0,no,16,123,unknown,1
primary,apr,-1,technician,no,no,34,0,1,cellular,single,-95,yes,18,250,unknown,1
secondary,may,-1,management,no,no,30,0,1,cellular,single,-252,yes,12,343,unknown,2
tertiary,may,-1,housemaid,yes,no,32,0,1,cellular,married,914,yes,16,661,unknown,1
secondary,aug,-1,admin.,no,no,46,0,2,unknown,single,91,no,7,152,unknown,2
tertiary,apr,-1,technician,no,no,48,0,2,cellular,married,448,yes,8,74,unknown,1
primary,aug,-1,services,no,no,47,0,1,cellular,married,-886,no,11,107,unknown,1
primary,feb,-1,technician,no,no,57,0,3,cellular,married,12675,no,10,111,unknown,1
secondary,may,-1,services,no,no,41,0,1,cellular,single,523,yes,21,717,unknown,2
secondary,may,99,blue-collar,no,no,43,0,1,unknown,married,6020,no,27,364,unknown,1
tertiary,may,-1,management,no,no,35,4,1,unknown,married,2185,yes,6,119,unknown,1
tertiary,may,-1,management,yes,no,33,0,3,cellular,single,0,no,12,220,unknown,1
tertiary,may,-1,blue-collar,no,no,36,0,1,cellular,single,5291,no,13,409,unknown,1
secondary,jul,-1,technician,no,no,43,0,1,cellular,divorced,2851,yes,18,449,failure,1
unknown,feb,-1,management,no,no,53,0,2,unknown,single,442,yes,10,228,unknown,1
tertiary,nov,-1,blue-collar,no,no,35,0,2,cellular,married,1036,yes,6,161,unknown,1
tertiary,aug,-1,technician,no,no,31,0,2,cellular,single,1688,yes,19,128,unknown,1
secondary,may,-1,services,no,no,49,0,2,cellular,married,1988,yes,5,171,unknown,1
primary,may,-1,blue-collar,no,no,32,0,1,telephone,single,507,no,16,210,unknown,1
secondary,jun,-1,technician,yes,no,38,0,1,cellular,married,-95,yes,12,619,unknown,1
tertiary,aug,-1,management,no,no,58,2,2,cellular,single,-297,no,17,539,unknown,1
secondary,may,-1,management,no,no,37,0,1,telephone,married,1,no,16,267,unknown,1
secondary,jun,-1,admin.,no,no,54,0,2,cellular,married,230,yes,19,422,unknown,1
tertiary,aug,-1,admin.,no,no,34,0,2,cellular,married,882,no,3,515,unknown,1
secondary,jul,-1,entrepreneur,no,no,31,0,3,cellular,single,217,no,14,116,unknown,1
secondary,may,-1,blue-collar,no,no,41,0,1,cellular,single,1612,yes,12,183,unknown,1
primary,nov,-1,housemaid,no,no,41,0,2,unknown,married,541,yes,19,126,unknown,1
secondary,jun,-1,management,no,no,38,0,3,cellular,single,639,yes,17,520,unknown,1
secondary,jun,-1,technician,no,no,57,0,2,cellular,married,2786,yes,26,80,unknown,1
tertiary,may,-1,blue-collar,no,no,53,0,2,cellular,single,1739,yes,29,195,unknown,1
tertiary,may,-1,technician,no,no,58,0,3,cellular,married,3237,yes,30,179,unknown,1
primary,jun,-1,self-employed,no,no,54,4,4,unknown,married,723,yes,4,33,failure,1
secondary,may,-1,technician,no,no,29,0,1,telephone,married,723,yes,10,324,unknown,1
tertiary,jul,-1,technician,no,no,37,0,2,cellular,single,888,no,5,85,unknown,1
secondary,apr,-1,technician,no,no,40,0,2,cellular,married,27,yes,2,136,unknown,1
secondary,aug,-1,services,no,no,44,0,2,unknown,single,-1,yes,15,179,unknown,1
secondary,aug,-1,admin.,no,no,34,0,4,unknown,married,318,no,20,167,unknown,1
secondary,may,-1,blue-collar,no,no,42,0,1,cellular,single,-913,no,5,150,unknown,2
secondary,nov,-1,management,yes,no,33,0,1,cellular,single,716,yes,9,179,unknown,2
secondary,jun,-1,admin.,no,no,36,0,1,cellular,married,-545,yes,5,184,unknown,1
primary,may,-1,admin.,yes,no,54,0,2,cellular,married,0,yes,7,532,unknown,1
tertiary,nov,-1,blue-collar,no,no,37,0,2,unknown,married,14352,no,9,198,unknown,1
secondary,nov,-1,management,no,no,53,0,2,cellular,married,-165,no,23,182,unknown,1
secondary,may,-1,admin.,no,no,57,0,1,cellular,single,154,yes,7,185,unknown,1
secondary,may,-1,admin. admin.,no,no,42,0,2,cellular,married,752,yes,19,136,unknown,1
tertiary,jul,-1,blue-collar,no,no,47,0,2,cellular,married,812,yes,14,163,unknown,1
primary,jul,-1,technician,no,no,33,0,2,cellular,single,-1,yes,7,579,unknown,1
secondary,aug,-1,management,no,no,33,0,1,cellular,single,2516,yes,18,159,unknown,1
primary,aug,-1,blue-collar,no,no,57,0,1,cellular,married,1316,no,26,83,success,1
tertiary,jul,-1,admin.,no,no,44,0,2,cellular,single,258,no,6,658,unknown,1
tertiary,may,-1,technician,yes,no,32,0,2,cellular,single,1541,no,10,111,unknown,1
secondary,aug,-1,management,no,no,49,0,3,cellular,married,943,yes,18,823,unknown,1
secondary,feb,-1,technician,no,no,51,0,2,unknown,married,-507,no,21,111,unknown,1
tertiary,aug,-1,management,yes,no,60,0,1,cellular,single,786,yes,2,479,unknown,1
tertiary,may,-1,management,yes,no,32,0,4,unknown,married,564,yes,7,124,unknown,1
secondary,aug,-1,technician,no,no,44,0,2,unknown,single,1436,yes,30,150,unknown,1
secondary,jun,-1,blue-collar,no,no,57,0,1,cellular,single,1245,yes,11,608,unknown,1
tertiary,jun,-1,technician,no,no,58,0,2,cellular,single,217,no,18,471,unknown,1
secondary,may,-1,technician,no,no,61,0,3,cellular,married,0,yes,29,378,unknown,1
secondary,nov,91,admin.,no,no,45,0,2,cellular,married,432,yes,26,222,unknown,2
tertiary,jun,-1,blue-collar,no,no,34,0,1,cellular,married,2879,yes,28,784,unknown,1
secondary,aug,-1,blue-collar,yes,no,34,0,1,unknown,single,-9,yes,29,197,unknown,1
tertiary,may,-1,blue-collar,no,no,44,0,2,unknown,married,3092,no,13,393,unknown,1
secondary,jul,-1,unemployed,no,no,55,0,3,unknown,married,1459,yes,11,138,failure,1
primary,may,167,management,no,no,35,0,2,cellular,single,74,no,1,110,unknown,1
secondary,may,-1,management,yes,no,33,8,2,unknown,married,111,yes,20,135,unknown,1
secondary,aug,-1,management,no,no,32,0,2,cellular,single,859,no,9,334,unknown,1
secondary,jul,-1,technician,no,no,40,0,1,cellular,married,1836,yes,13,94,unknown,1
tertiary,nov,-1,technician,no,no,38,0,1,cellular,married,291,yes,27,150,unknown,1
secondary,apr,-1,services,no,no,47,0,2,cellular,single,836,no,17,132,unknown,1
tertiary,may,-1,management,no,no,51,0,5,cellular,married,227,no,18,172,unknown,1
primary,jul,-1,blue-collar,no,no,29,0,1,cellular,married,394,no,14,73,unknown,1
primary,may,182,admin.,yes,no,57,0,1,cellular,single,543,yes,28,1080,unknown,1
tertiary,feb,-1,technician,no,no,43,0,2,cellular,married,-354,no,10,185,unknown,1
primary,feb,-1,management,no,no,30,1,1,cellular,single,25,no,16,117,unknown,1
primary,apr,-1,management,no,no,28,0,2,unknown,married,2124,yes,5,47,unknown,1
tertiary,jul,-1,blue-collar,no,yes,37,0,3,cellular,married,0,yes,22,219,failure,1
secondary,aug,-1,admin.,yes,no,40,0,1,cellular,married,-844,no,16,104,unknown,1
secondary,jul,-1,blue-collar,no,no,35,0,2,cellular,married,896,yes,16,781,unknown,1
secondary,nov,-1,management,no,no,33,0,2,cellular,married,491,yes,20,0,unknown,1
secondary,may,-1,management,no,no,25,2,1,unknown,married,-227,no,23,667,unknown,1
tertiary,jun,123,blue-collar,no,no,33,0,1,telephone,single,0,yes,24,107,unknown,2
unknown,jun,-1,admin.,no,no,47,0,2,cellular,married,889,yes,15,152,unknown,1
secondary,jun,-1,management,no,no,33,0,6,unknown,single,-352,no,21,418,unknown,1
secondary,jun,-1,blue-collar,no,no,32,0,2,cellular,married,0,yes,28,185,unknown,1
secondary,may,-1,management,no,no,36,3,2,cellular,married,5196,no,4,-1,unknown,1
secondary,jun,-1,management,no,no,48,0,1,unknown,married,2288,no,21,151,unknown,1
secondary,feb,-1,technician,no,no,33,0,2,cellular,single,3125,no,9,168,unknown,1
tertiary,jul,-1,management,no,no,44,0,1,unknown,married,422,yes,28,104,unknown,1
tertiary,may,-1,technician,no,no,35,0,3,cellular,married,1638,yes,8,488,unknown,2
secondary,jun,-1,management,no,no,54,0,2,cellular,married,478,yes,30,296,unknown,1
tertiary,jul,-1,blue-collar,yes,no,48,0,4,cellular,single,832,yes,13,46,unknown,1
secondary,nov,-1,management,no,no,40,0,2,unknown,divorced,664,yes,7,135,unknown,1
tertiary,may,-1,blue-collar,no,no,63,0,2,unknown,married,-1,yes,11,215,unknown,1
secondary,may,-1,technician,no,no,29,0,29,cellular,married,2921,no,27,261,unknown,1
secondary,jun,-1,blue-collar,no,no,35,1,5,cellular,single,-355,yes,8,179,unknown,1
secondary,jul,-1,management,no,no,55,0,3,cellular,married,839,no,18,113,unknown,1
secondary,feb,-1,blue-collar,yes,no,52,0,2,telephone,married,0,yes,12,190,failure,1
tertiary,jun,-1,management,no,no,36,0,1,cellular,single,-196,no,8,168,unknown,1
tertiary,jul,-1,technician,no,no,37,0,1,unknown,married,578,yes,27,206,unknown,1
secondary,may,-1,blue-collar,no,no,54,0,4,cellular,married,4641,no,17,126,unknown,2
tertiary,feb,-1,unknown,no,no,47,0,3,cellular,single,0,no,18,152,unknown,1
secondary,may,-1,admin.,no,no,30,0,1,cellular,single,3179,yes,28,728,unknown,1
primary,apr,-1,admin.,no,no,41,0,1,cellular,married,968,yes,26,1230,unknown,1
secondary,aug,-1,blue-collar,no,no,46,0,2,unknown,single,1182,no,17,787,unknown,1
primary,nov,-1,blue-collar,no,no,38,0,1,cellular,divorced,0,no,27,94,unknown,1
secondary,jun,-1,retired,no,no,37,2,1,cellular,married,1339,no,5,123,failure,1
secondary,may,-1,technician,no,no,47,0,2,unknown,married,908,yes,17,80,unknown,2
secondary,jul,-1,housemaid,no,no,59,0,2,unknown,married,-1,no,6,541,unknown,1
tertiary,apr,-1,blue-collar,no,no,42,0,2,unknown,single,0,no,21,105,unknown,2
tertiary,jun,-1,management,no,no,43,2,2,unknown,single,544,yes,13,245,failure,1
tertiary,aug,-1,blue-collar,no,no,32,0,2,cellular,married,394,yes,12,1505,unknown,2
secondary,may,-1,management,no,no,30,0,2,cellular,married,18,no,20,959,unknown,1
secondary,may,-1,blue-collar,no,no,46,0,2,cellular,single,-1,yes,6,112,unknown,1
secondary,nov,-1,management,no,no,45,0,2,unknown,married,4499,yes,17,138,failure,1
tertiary,jul,-1,services,no,no,33,0,1,cellular,married,10861,no,30,-1,unknown,2
tertiary,may,-1,admin.,no,no,57,0,2,cellular,married,723,no,23,8,unknown,1
primary,may,-1,student,no,no,36,0,1,cellular,married,839,yes,3,219,unknown,1
secondary,may,-1,management,no,no,26,0,1,cellular,single,727,yes,13,132,unknown,1
tertiary,jul,-1,technician,no,no,60,0,1,cellular,single,914,no,12,197,unknown,1
secondary,jan,-1,blue-collar,no,no,44,0,1,cellular,divorced,636,yes,30,171,unknown,1
tertiary,aug,-1,technician,no,no,48,0,1,cellular,married,909,yes,2,82,unknown,1
secondary,may,-1,self-employed,no,no,32,0,1,cellular,single,-396,no,18,333,unknown,1
secondary,jun,-1,management,no,no,33,0,2,unknown,single,487,yes,28,127,failure,1
secondary,nov,-1,management,yes,no,41,0,1,unknown,divorced,-478,no,16,252,unknown,1
secondary,nov,-1,blue-collar,no,no,44,0,1,cellular,married,39098,no,15,130,failure,1
primary,aug,272,admin.,no,no,40,0,3,cellular,married,1309,no,21,1,unknown,1
secondary,nov,-1,retired,no,no,41,0,10,cellular,married,742,yes,16,439,unknown,1
tertiary,may,-1,technician,yes,no,32,0,1,cellular,single,619,no,12,119,unknown,1
tertiary,apr,-1,management,no,no,53,0,2,cellular,married,686,no,30,169,unknown,1
secondary,aug,-1,retired,no,no,38,0,1,unknown,single,127,no,12,521,unknown,1
secondary,may,-1,technician,no,no,55,0,1,cellular,married,533,yes,6,138,unknown,1
secondary,may,-1,management,no,no,52,0,1,cellular,married,0,yes,16,111,unknown,1
tertiary,sep,247,services,no,no,35,2,2,cellular,married,958,yes,23,77,unknown,1
tertiary,nov,-1,blue-collar,no,no,48,0,2,cellular,married,55,yes,13,104,unknown,1
primary,may,-1,management,no,no,34,0,1,unknown,divorced,788,no,28,87,unknown,1
secondary,jun,391,services,no,no,36,0,4,cellular,single,544,yes,28,324,unknown,1
tertiary,may,-1,technician,no,no,33,0,2,cellular,married,828,yes,16,464,failure,1
tertiary,nov,-1,management,no,no,31,0,2,unknown,married,-1,yes,10,151,unknown,1
tertiary,nov,-1,blue-collar,no,no,30,0,2,unknown,married,40,no,6,113,unknown,1
secondary,feb,-1,admin.,no,no,27,0,1,cellular,married,1188,no,21,503,unknown,1
secondary,may,-1,admin.,no,no,31,1,2,unknown,single,788,yes,12,113,unknown,1
secondary,jun,-1,services,no,no,50,0,3,cellular,married,715,yes,17,145,unknown,1
secondary,apr,-1,blue-collar,yes,no,54,0,1,cellular,single,-1,yes,12,679,unknown,2
tertiary,jun,-1,management,no,no,41,0,2,cellular,married,1065,no,11,126,unknown,2
secondary,aug,-1,student,no,no,27,0,2,cellular,single,676,yes,10,104,unknown,1
tertiary,may,-1,technician,no,no,34,0,3,unknown,divorced,513,yes,13,185,unknown,1
tertiary,may,-1,management,no,no,28,0,2,cellular,married,339,yes,14,107,unknown,1
tertiary,jan,-1,unemployed,no,no,51,0,2,cellular,divorced,492,no,6,156,unknown,1
tertiary,jul,-1,admin.,yes,no,26,0,2,cellular,married,762,yes,20,138,unknown,1
secondary,may,-1,management,no,no,46,0,2,cellular,single,3269,no,12,136,unknown,1
secondary,jul,-1,management,no,no,34,0,1,cellular,married,1188,no,22,185,unknown,1
secondary,jun,-1,admin.,yes,no,44,0,4,unknown,single,10,no,30,356,unknown,2
secondary,may,-1,blue-collar,no,no,33,1,2,cellular,married,0,no,20,103,unknown,1
tertiary,aug,-1,management,no,no,69,0,1,cellular,single,2196,yes,21,172,unknown,1
primary,may,-1,admin.,no,no,52,0,1,cellular,married,1,yes,20,150,unknown,1
tertiary,jul,-1,blue-collar,no,no,34,0,1,cellular,single,4385,yes,12,175,unknown,1
primary,jul,-1,blue-collar,no,no,30,0,2,unknown,married,494,no,14,158,unknown,1
secondary,may,-1,blue-collar,yes,no,39,0,3,unknown,married,537,no,21,1082,unknown,1
tertiary,jul,-1,admin.,no,no,38,0,2,cellular,married,14352,yes,8,446,unknown,1
tertiary,nov,-1,blue-collar,no,no,41,0,2,cellular,married,338,no,4,126,unknown,1
secondary,may,-1,technician,no,no,53,0,1,cellular,married,764,yes,20,929,unknown,1
secondary,aug,-1,housemaid,no,no,40,0,3,cellular,married,709,yes,26,5,unknown,1
secondary,jul,-1,management,no,no,29,0,2,cellular,married,876,yes,10,124,unknown,1
tertiary,may,-1,blue-collar,no,no,29,0,11,cellular,divorced,667,yes,23,175,unknown,1
primary,may,-1,unemployed,no,no,53,2,1,cellular,single,1094,yes,22,464,unknown,1
secondary,jun,-1,management,no,no,42,0,2,cellular,married,338,yes,29,113,unknown,1
secondary,may,-1,management,yes,no,33,0,1,cellular,married,1039,no,29,567,unknown,1
secondary,jun,-1,blue-collar,no,no,36,0,1,cellular,single,-126,yes,18,153,unknown,2
secondary,aug,-1,management,yes,no,55,0,4,unknown,divorced,675,no,16,79,unknown,1
secondary,jun,-1,management,no,no,40,0,3,cellular,divorced,856,yes,15,67,unknown,1
tertiary,may,-1,housemaid,no,no,30,0,1,unknown,married,1,yes,30,229,unknown,1
primary,jul,-1,blue-collar,no,no,48,0,23,cellular,married,741,yes,16,762,failure,1
secondary,jul,-1,admin.,no,no,38,0,5,cellular,married,752,no,17,127,unknown,1
tertiary,jun,-1,retired,no,no,32,0,2,cellular,married,0,yes,20,903,unknown,1
tertiary,feb,-1,management,no,no,34,0,2,cellular,married,-10,yes,30,10,unknown,1
tertiary,may,-1,management,no,no,55,0,2,unknown,single,636,no,6,6,unknown,1
tertiary,aug,-1,housemaid,yes,no,30,0,1,unknown,married,2966,yes,25,127,unknown,1
secondary,aug,-1,admin.,no,no,43,0,2,cellular,married,2147,no,20,514,unknown,1
secondary,may,-1,blue-collar,no,no,54,0,2,cellular,married,816,yes,30,48,unknown,1
secondary,nov,-1,management,no,no,34,0,1,cellular,married,3330,yes,4,856,failure,1
unknown,aug,-1,technician,no,no,31,0,3,unknown,single,2,yes,6,73,unknown,1
tertiary,apr,-1,services,no,no,39,0,3,cellular,married,1792,yes,14,94,unknown,1
tertiary,jul,182,blue-collar,yes,no,34,0,2,cellular,married,0,yes,5,151,unknown,1
secondary,may,-1,technician,no,no,35,0,2,unknown,married,103,yes,2,184,unknown,1
tertiary,aug,-1,technician,no,no,43,0,2,cellular,single,1541,no,15,251,unknown,1
tertiary,jan,-1,self-employed,no,no,32,0,13,cellular,married,636,no,12,200,unknown,1
primary,jun,366,management,no,no,61,0,1,cellular,single,741,yes,2,152,unknown,1
tertiary,aug,-1,management,no,no,35,0,1,cellular,single,11528,yes,5,48,unknown,1
tertiary,may,-1,blue-collar,no,no,46,0,1,cellular,single,0,no,21,517,failure,2
secondary,jul,-1,management,yes,no,41,0,2,cellular,married,914,yes,19,73,unknown,1
secondary,aug,-1,management,no,no,51,0,2,unknown,married,612,yes,20,255,unknown,1
secondary,jul,-1,blue-collar,no,no,49,0,3,cellular,married,309,no,25,578,unknown,1
secondary,aug,-1,blue-collar,no,no,43,0,1,cellular,single,0,yes,21,111,unknown,1
secondary,jul,-1,technician,no,no,39,0,2,cellular,married,509,no,30,90,unknown,2
secondary,may,-1,retired,no,no,25,0,1,unknown,single,0,yes,19,182,unknown,1
secondary,may,-1,management,no,no,39,0,4,cellular,single,-701,no,26,151,unknown,1
tertiary,may,-1,student,no,no,36,0,2,cellular,married,765,yes,4,124,unknown,1
tertiary,apr,-1,blue-collar,no,no,46,0,1,unknown,married,18,no,17,185,failure,1
secondary,aug,165,management,no,no,34,0,1,unknown,married,1113,yes,14,265,unknown,1
primary,jul,-1,management,no,no,52,2,2,cellular,married,516,no,20,1103,unknown,1
primary,aug,-1,blue-collar,no,no,45,0,2,cellular,married,63,yes,16,716,unknown,1
secondary,jul,-1,blue-collar,no,no,27,0,2,cellular,single,2895,yes,29,97,unknown,1
primary,jul,-1,management,no,no,50,0,1,telephone,single,1414,no,7,963,failure,1
secondary,jan,-1,technician,yes,no,36,2,2,cellular,married,0,yes,18,-1,unknown,1
tertiary,aug,-1,admin.,no,no,47,0,5,cellular,married,713,yes,21,168,unknown,1
primary,jun,-1,management,no,no,31,2,3,cellular,single,-56,no,19,984,unknown,1
secondary,may,-1,admin.,yes,no,30,0,2,cellular,married,30,yes,17,700,unknown,1
secondary,jun,-1,blue-collar,yes,no,46,0,1,cellular,married,109,no,9,172,unknown,1
secondary,nov,-1,blue-collar,no,no,37,0,1,cellular,married,389,yes,6,103,failure,1
secondary,jul,-1,management,no,no,35,0,1,cellular,married,0,yes,17,9,unknown,1
primary,nov,-1,admin.,no,no,41,3,1,cellular,single,7,yes,20,121,unknown,1
secondary,may,-1,admin.,no,no,54,0,1,cellular,single,862,yes,23,190,unknown,1
tertiary,jul,-1,management,no,no,40,0,1,unknown,married,1433,no,30,16,unknown,2
secondary,jul,-1,services,no,no,41,0,7,unknown,divorced,1897,no,18,104,unknown,1
primary,feb,-1,technician,no,no,34,0,1,unknown,married,2910,no,25,73,unknown,1
tertiary,jul,-1,management,yes,no,33,0,1,cellular,single,1691,yes,15,168,unknown,1
secondary,jun,173,technician,no,no,28,0,2,unknown,married,208,yes,14,119,unknown,1
secondary,apr,-1,management,no,no,43,0,2,cellular,married,250,yes,19,78,failure,2
tertiary,feb,-1,services,no,no,32,0,3,unknown,married,684,yes,18,158,unknown,1
tertiary,aug,-1,entrepreneur,no,no,45,0,3,cellular,married,392,no,20,881,unknown,1
secondary,may,-1,housemaid,no,no,35,3,3,unknown,single,-196,yes,28,516,unknown,1
secondary,aug,-1,technician,no,no,52,0,2,cellular,divorced,714,yes,27,195,other,1
primary,jul,-1,blue-collar,no,no,48,0,2,cellular,married,4903,yes,5,46,unknown,2
secondary,jul,-1,management,no,no,26,0,1,cellular,single,37,yes,14,458,unknown,2
tertiary,apr,-1,admin.,no,no,35,0,2,cellular,married,0,yes,21,1165,other,1
secondary,aug,183,blue-collar,no,no,51,0,1,cellular,single,758,yes,18,73,unknown,1
tertiary,jun,-1,management,no,no,33,0,1,cellular,single,604,no,20,104,unknown,2
secondary,nov,-1,housemaid,no,no,47,0,1,unknown,married,894,no,18,791,unknown,2
secondary,may,-1,blue-collar,no,no,58,0,1,unknown,married,1479,yes,19,383,failure,1
tertiary,may,-1,technician,no,no,42,0,2,cellular,single,476,yes,25,111,unknown,1
primary,may,-1,technician,no,no,35,0,10,cellular,married,-287,yes,19,577,unknown,1
secondary,aug,-1,management,no,no,40,0,1,cellular,married,410,yes,20,108,unknown,1
secondary,jun,-1,blue-collar,no,no,46,0,1,cellular,single,-476,yes,27,173,unknown,1
secondary,aug,-1,blue-collar,no,no,50,0,1,unknown,married,873,no,4,1161,other,1
secondary,jul,-1,services,no,no,55,2,3,unknown,married,-1,no,29,0,unknown,1
tertiary,jun,-1,retired,no,no,50,0,1,cellular,divorced,1030,yes,27,438,unknown,2
secondary,may,-1,blue-collar,yes,no,36,0,7,cellular,married,0,no,13,273,unknown,1
secondary,feb,-1,management,yes,no,33,0,3,cellular,single,1849,no,5,289,unknown,1
tertiary,jun,-1,management,yes,no,33,0,1,cellular,married,588,yes,20,41,other,1
secondary,apr,-1,blue-collar,no,no,38,2,4,cellular,married,534,yes,17,146,failure,1
primary,oct,-1,retired,no,no,46,0,1,unknown,married,691,no,11,792,unknown,1
secondary,jul,-1,blue-collar,no,no,40,0,3,cellular,divorced,523,yes,5,182,unknown,1
primary,nov,-1,blue-collar,no,no,41,0,1,cellular,married,773,no,16,208,unknown,1
secondary,may,-1,management,no,no,48,0,1,cellular,single,627,yes,29,108,unknown,1
secondary,nov,-1,management,no,no,51,0,2,cellular,married,2355,yes,3,210,unknown,1
tertiary,aug,-1,blue-collar,yes,no,50,0,1,cellular,married,273,no,7,1681,failure,1
secondary,jun,-1,management,no,no,56,0,2,unknown,married,737,yes,30,847,unknown,1
tertiary,may,-1,blue-collar,no,no,48,0,1,cellular,married,1584,yes,12,196,unknown,1
secondary,may,-1,student,no,no,37,0,1,cellular,married,2880,no,11,421,unknown,1
secondary,aug,-1,technician,no,no,33,1,1,cellular,married,615,no,29,172,unknown,1
tertiary,jun,-1,technician,no,no,33,0,3,cellular,married,-410,yes,28,139,failure,1
primary,aug,-1,management,no,no,40,0,1,cellular,married,462,no,25,182,unknown,2
secondary,jul,-1,management,no,no,57,0,2,unknown,married,727,no,13,82,failure,1
secondary,may,-1,admin.,no,no,56,0,1,cellular,married,1803,no,21,256,unknown,1
tertiary,nov,-1,retired,yes,no,56,0,1,unknown,single,414,no,29,246,failure,1
primary,may,-1,blue-collar,no,no,40,0,1,cellular,single,959,yes,19,126,unknown,2
tertiary,may,-1,management,no,no,25,0,1,unknown,married,38,no,30,673,unknown,1
tertiary,jul,-1,services,no,no,57,0,2,cellular,married,861,yes,23,152,unknown,2
secondary,jul,-1,technician,no,no,42,0,2,unknown,single,199,yes,9,632,unknown,1
secondary,may,-1,management,no,no,54,0,1,cellular,married,-1,no,18,939,unknown,1
tertiary,aug,-1,management,no,no,54,0,1,cellular,married,1026,no,17,2,unknown,1
secondary,may,-1,entrepreneur,yes,no,47,0,1,cellular,single,4,no,17,138,unknown,1
secondary,jul,-1,management,no,no,50,0,2,unknown,married,-227,no,15,168,unknown,1
tertiary,nov,-1,management,no,no,60,0,1,unknown,single,2017,yes,26,175,unknown,1
tertiary,jul,-1,management,no,no,46,0,2,cellular,single,832,yes,29,54,unknown,2
tertiary,jun,-1,management,no,no,34,0,1,cellular,divorced,290,yes,18,150,unknown,1
tertiary,may,-1,technician,no,no,43,0,2,unknown,married,-9,yes,29,89,unknown,1
secondary,jul,-1,admin.,no,no,37,0,1,cellular,married,914,yes,20,615,unknown,1
tertiary,jun,-1,admin.,yes,no,43,0,1,cellular,married,-287,no,4,173,unknown,1
tertiary,jul,-1,management,no,no,32,1,2,cellular,divorced,2913,no,7,168,failure,1
secondary,may,-1,blue-collar,no,no,32,0,1,cellular,divorced,474,yes,17,674,unknown,1
secondary,may,-1,entrepreneur,no,no,29,0,1,cellular,married,1139,no,8,288,unknown,1
secondary,jun,-1,technician,no,no,26,0,2,unknown,married,-1,yes,5,123,unknown,1
unknown,nov,-1,self-employed,no,no,29,0,2,cellular,married,9,yes,6,863,unknown,1
tertiary,may,-1,entrepreneur,no,no,33,0,4,cellular,married,926,no,20,104,unknown,1
secondary,may,-1,admin.,no,no,43,0,2,unknown,single,105,yes,17,95,unknown,1
secondary,jul,-1,blue-collar,no,no,60,0,1,cellular,married,976,yes,17,123,unknown,1
primary,may,-1,unknown,no,no,38,0,1,cellular,married,2125,yes,7,168,unknown,1
tertiary,jul,-1,admin.,no,no,35,0,8,cellular,single,19985,yes,19,246,unknown,1
primary,may,-1,self-employed,no,no,43,0,1,cellular,married,2209,yes,11,896,unknown,1
tertiary,may,-1,technician,no,no,37,1,2,cellular,married,0,no,28,479,unknown,1
secondary,may,-1,student,no,no,39,0,3,cellular,married,2664,yes,16,69,unknown,1
secondary,jul,-1,blue-collar,yes,no,35,0,3,cellular,divorced,1,yes,29,149,unknown,1
secondary,may,-1,services,no,no,29,1,1,cellular,single,905,no,23,268,unknown,2
secondary,aug,-1,housemaid,no,no,45,0,1,cellular,married,1329,yes,19,104,unknown,2
tertiary,may,-1,management,no,no,30,0,1,cellular,single,8,no,6,138,unknown,1
secondary,jul,-1,blue-collar,no,no,49,0,2,cellular,single,823,yes,19,1865,unknown,1
tertiary,jul,-1,blue-collar,no,no,35,0,3,cellular,married,3269,no,19,140,unknown,1
secondary,jul,-1,management,no,no,33,2,2,cellular,single,534,yes,19,104,unknown,1
tertiary,nov,-1,blue-collar,yes,no,45,0,1,unknown,single,715,no,23,121,failure,1
secondary,jul,-1,blue-collar,no,no,44,0,2,cellular,single,0,no,15,208,unknown,1
tertiary,aug,-1,unemployed,no,no,33,0,2,unknown,single,7,yes,20,127,failure,1
secondary,may,-1,admin.,no,no,39,0,3,unknown,single,-1,yes,10,108,unknown,1
secondary,jun,-1,admin.,no,no,41,0,1,cellular,married,2315,yes,14,104,unknown,1
secondary,jul,555,management,no,no,33,0,1,unknown,married,814,no,15,823,failure,2
secondary,jun,-1,technician,no,no,41,0,1,unknown,single,3990,no,20,150,other,1
secondary,may,-1,blue-collar,no,no,56,0,2,unknown,married,464,no,12,113,unknown,1
tertiary,jul,-1,management,yes,no,47,0,2,telephone,married,486,yes,14,858,unknown,1
secondary,aug,-1,management,no,no,39,0,1,cellular,married,553,yes,14,675,unknown,1
tertiary,jul,-1,management,no,no,44,0,1,cellular,married,1541,yes,19,1371,unknown,1
tertiary,aug,-1,blue-collar,no,no,38,0,1,unknown,single,469,yes,21,126,unknown,1
secondary,jul,-1,management,yes,no,35,0,2,unknown,married,261,yes,20,190,failure,1
secondary,apr,-1,services,no,no,35,0,1,cellular,single,0,yes,24,168,unknown,1
tertiary,jun,-1,entrepreneur,no,no,26,0,2,cellular,divorced,-333,no,19,108,unknown,1
tertiary,jun,-1,blue-collar,no,no,34,0,1,cellular,married,815,yes,28,239,unknown,1
tertiary,apr,-1,entrepreneur,no,no,49,0,2,cellular,single,623,yes,20,124,unknown,1
secondary,may,-1,management,no,no,38,0,2,cellular,married,564,yes,17,126,failure,1
secondary,apr,-1,technician,no,no,35,0,1,cellular,married,61,yes,25,167,unknown,1
secondary,jun,-1,technician,no,no,33,2,1,unknown,single,-8,yes,22,682,unknown,1
secondary,may,-1,management,no,no,25,0,2,cellular,married,238,yes,8,184,unknown,1
secondary,may,-1,retired,no,no,50,0,1,cellular,married,783,no,25,854,unknown,2
tertiary,jul,-1,retired,yes,no,33,0,2,cellular,divorced,0,yes,5,891,unknown,1
secondary,apr,-1,management,no,no,59,0,2,cellular,single,27,no,20,101,unknown,1
tertiary,may,-1,management,no,no,35,0,1,cellular,single,675,yes,28,173,unknown,1
tertiary,jul,374,management,no,no,34,0,3,telephone,single,-59,no,8,9,other,1
secondary,jul,-1,technician,no,no,52,0,3,unknown,married,588,yes,16,49,unknown,2
primary,may,-1,services,no,no,53,1,1,unknown,single,0,yes,17,208,unknown,1
tertiary,jun,-1,blue-collar,no,no,31,0,3,unknown,married,624,no,10,130,unknown,1
tertiary,may,-1,student,no,no,27,0,2,cellular,married,0,yes,17,48,unknown,1
tertiary,may,-1,management,no,no,37,0,1,cellular,single,12,yes,6,441,unknown,1
primary,jan,-1,blue-collar,yes,no,33,0,1,cellular,married,639,no,5,122,unknown,1
tertiary,nov,-1,technician,no,no,50,0,2,unknown,married,629,yes,19,112,unknown,1
tertiary,may,-1,management,yes,no,51,0,3,cellular,married,595,yes,26,564,unknown,1
primary,jun,-1,technician,no,no,45,0,1,cellular,single,-202,no,17,108,failure,1
secondary,may,-1,admin.,no,no,45,0,2,unknown,married,0,no,20,91,unknown,1
tertiary,may,-1,retired,no,no,34,0,3,cellular,divorced,259,yes,6,443,unknown,1
secondary,may,-1,technician,no,no,46,0,1,unknown,married,0,yes,13,185,unknown,1
primary,may,-1,retired,no,no,35,0,3,cellular,married,13,yes,20,761,unknown,1
secondary,jul,-1,blue-collar,no,no,43,0,3,unknown,single,1558,no,7,108,unknown,1
primary,jun,-1,blue-collar,no,no,37,0,2,unknown,married,-1,no,26,163,unknown,1
secondary,may,-1,management,no,no,41,13,1,cellular,single,3990,yes,25,277,unknown,1
secondary,may,-1,management,no,no,43,0,1,cellular,married,888,yes,18,614,unknown,1
secondary,may,-1,services,no,no,33,0,4,cellular,married,916,yes,16,127,unknown,1
secondary,jul,-1,blue-collar,no,no,37,4,4,cellular,married,208,no,28,153,unknown,1
tertiary,aug,-1,management,no,no,35,0,2,cellular,divorced,929,yes,7,1193,unknown,1
tertiary,jun,-1,admin.,yes,no,40,0,1,telephone,single,1438,yes,18,266,unknown,1
secondary,jul,-1,services,no,no,28,0,5,cellular,married,349,no,2,94,unknown,1
tertiary,may,-1,technician,no,no,45,0,1,cellular,divorced,979,yes,26,637,unknown,1
primary,jul,180,entrepreneur,no,no,60,1,1,cellular,married,27,no,12,127,unknown,1
primary,aug,-1,management,no,no,39,0,2,unknown,single,714,yes,21,150,unknown,1
secondary,jun,-1,technician,no,no,53,0,2,cellular,single,1355,no,18,77,unknown,1
tertiary,may,-1,management,no,no,45,0,1,unknown,married,-269,no,14,151,unknown,1
secondary,jul,-1,management,no,no,58,0,1,cellular,married,306,yes,2,1206,other,1
tertiary,jun,-1,technician,no,no,29,0,2,cellular,divorced,468,yes,11,375,unknown,1
primary,may,-1,management,no,no,42,1,4,unknown,married,309,no,21,138,unknown,1
secondary,nov,-1,technician,yes,no,30,0,1,cellular,married,479,no,3,138,failure,1
secondary,may,-1,management,no,no,38,0,2,cellular,single,876,no,5,150,unknown,1
secondary,nov,-1,technician,no,no,33,0,1,cellular,single,126,no,26,48,unknown,2
primary,jul,-1,technician,no,no,39,0,1,unknown,married,-478,no,20,107,unknown,1
secondary,aug,-1,technician,no,no,44,0,2,cellular,single,3269,no,13,541,unknown,1
secondary,jul,-1,entrepreneur,yes,no,50,0,2,unknown,married,-1,yes,29,179,unknown,1
tertiary,may,-1,blue-collar,no,no,31,0,4,unknown,single,1867,yes,28,270,unknown,1
secondary,jul,344,retired,no,no,35,0,1,unknown,married,-297,no,2,210,unknown,1
tertiary,jul,-1,blue-collar,no,no,59,0,1,cellular,married,-355,yes,12,112,other,1
secondary,jun,-1,unemployed,no,no,34,0,1,unknown,single,4,no,27,113,failure,1
tertiary,jul,-1,blue-collar,no,no,39,0,1,cellular,married,155,yes,15,361,unknown,1
secondary,nov,-1,management,no,no,34,0,3,unknown,married,972,yes,20,150,unknown,1
secondary,jul,-1,blue-collar,yes,no,45,0,4,cellular,single,1375,yes,11,173,unknown,1
secondary,feb,-1,management,no,no,47,0,1,unknown,married,596,no,7,150,failure,1
secondary,nov,-1,management,no,no,52,6,2,cellular,divorced,723,yes,16,124,unknown,1
primary,nov,-1,unemployed,yes,no,30,0,1,unknown,single,463,yes,26,210,unknown,1
tertiary,may,-1,management,no,no,36,0,5,cellular,single,929,yes,13,199,unknown,1
primary,aug,-1,retired,no,no,49,0,1,cellular,married,1502,no,5,152,unknown,2
secondary,may,-1,retired,no,no,58,0,1,cellular,married,914,no,20,474,unknown,1
tertiary,apr,-1,technician,no,no,60,0,5,unknown,married,3052,no,25,41,unknown,1
secondary,jul,-1,retired,no,no,43,0,1,cellular,married,3131,no,28,138,failure,1
tertiary,jul,-1,management,no,no,42,0,1,cellular,single,2,yes,2,470,unknown,1
secondary,may,-1,admin.,no,no,32,0,1,cellular,single,1320,yes,18,108,unknown,2
secondary,jul,-1,services,no,no,44,0,3,cellular,single,613,yes,12,171,unknown,1
secondary,feb,-1,management,no,no,40,0,1,cellular,single,628,no,7,859,unknown,1
primary,feb,-1,management,no,no,55,0,2,cellular,married,15,no,15,73,unknown,1
secondary,jul,-1,admin.,no,no,49,0,1,cellular,single,89,yes,10,604,unknown,1
secondary,jul,-1,management,no,no,18,0,2,cellular,single,800,no,18,8,unknown,1
secondary,nov,162,management,no,no,39,0,1,cellular,single,2671,yes,14,815,unknown,1
secondary,jul,-1,management,no,no,42,0,1,unknown,married,167,yes,6,192,unknown,1
tertiary,nov,-1,management,yes,no,33,0,1,cellular,married,-386,no,31,158,unknown,1
secondary,apr,-1,management,yes,no,23,0,3,cellular,married,0,yes,5,172,other,1
secondary,feb,-1,management,no,no,38,1,1,unknown,single,5291,no,6,170,unknown,1
secondary,nov,-1,blue-collar,yes,no,56,0,9,unknown,married,522,yes,14,1697,unknown,1
secondary,may,-1,technician,no,no,37,0,1,cellular,single,8950,yes,16,307,failure,1
tertiary,feb,-1,technician,no,no,51,0,1,cellular,single,531,yes,11,104,unknown,2
tertiary,apr,-1,management,no,no,39,0,2,cellular,married,0,no,15,887,unknown,1
tertiary,may,-1,unemployed,no,no,46,0,1,cellular,married,394,no,6,94,unknown,1
tertiary,nov,-1,blue-collar,no,no,40,0,1,cellular,married,0,yes,10,138,unknown,1
tertiary,jun,-1,admin.,no,no,31,0,4,unknown,single,-342,yes,9,103,unknown,1
tertiary,nov,-1,blue-collar,no,no,48,0,1,cellular,single,422,yes,18,632,unknown,1
tertiary,jun,-1,technician,no,no,39,0,1,cellular,married,0,no,15,114,unknown,1
secondary,jul,-1,management,no,no,38,0,2,cellular,married,17,yes,19,198,unknown,1
secondary,jul,-1,housemaid,no,no,32,0,2,cellular,married,0,no,1,104,unknown,1
primary,aug,-1,blue-collar,no,no,57,0,1,cellular,married,1403,yes,13,123,unknown,1
secondary,may,-1,management,no,no,31,0,3,cellular,single,613,yes,17,613,unknown,1
tertiary,jul,-1,admin.,yes,no,25,0,1,unknown,married,918,no,14,151,unknown,1
secondary,may,-1,blue-collar,yes,no,42,0,1,cellular,married,3058,yes,11,470,unknown,2
primary,feb,-1,admin.,no,no,53,0,1,cellular,divorced,137,no,23,126,unknown,1
secondary,may,-1,management,no,no,47,0,1,unknown,married,541,yes,30,169,unknown,1
tertiary,jun,-1,blue-collar,no,no,47,0,1,unknown,married,9,no,17,245,unknown,1
secondary,may,-1,management,no,no,38,0,1,cellular,married,784,yes,16,536,failure,1
secondary,feb,325,technician,no,no,36,0,2,unknown,single,136,no,30,113,unknown,1
secondary,may,-1,technician,no,no,36,0,1,unknown,married,-1,no,17,110,unknown,1
secondary,may,-1,technician,no,no,55,0,1,cellular,single,499,yes,20,172,unknown,1
secondary,jun,-1,management,no,no,57,0,1,cellular,single,-312,yes,23,787,unknown,1
secondary,nov,-1,services,no,no,58,0,2,cellular,single,715,no,21,145,unknown,1
secondary,apr,-1,management,no,no,35,0,2,cellular,married,489,yes,28,73,unknown,1
secondary,nov,-1,blue-collar,no,no,34,0,1,cellular,married,773,yes,21,111,unknown,2
primary,jul,-1,technician,no,no,32,2,3,unknown,single,0,yes,18,566,unknown,2
secondary,apr,-1,unemployed,no,no,49,2,1,cellular,married,1594,yes,10,297,unknown,1
tertiary,jul,-1,services,no,no,39,0,2,cellular,single,862,yes,29,487,failure,2
primary,nov,-1,blue-collar,no,no,45,0,2,cellular,single,916,no,17,63,unknown,1
secondary,apr,184,technician,no,no,48,0,3,cellular,married,3287,yes,20,8,unknown,1
secondary,may,457,services,no,no,46,0,4,cellular,single,138,yes,18,772,unknown,1
secondary,jul,-1,blue-collar,no,no,32,0,3,cellular,married,3094,yes,20,1059,unknown,1
secondary,jul,165,management,no,no,31,0,1,cellular,married,3644,yes,17,552,unknown,1
secondary,feb,-1,management,no,no,34,0,5,cellular,single,-1,yes,4,150,unknown,1
primary,may,-1,management,no,no,43,0,15,cellular,single,567,yes,26,52,unknown,1
secondary,may,-1,blue-collar,no,no,56,0,1,cellular,divorced,0,no,25,94,unknown,1
secondary,aug,-1,entrepreneur,no,no,42,0,2,cellular,single,117,yes,6,108,failure,1
secondary,may,-1,services,no,no,54,0,1,cellular,married,741,no,9,103,unknown,1
secondary,aug,-1,blue-collar,no,no,55,0,6,cellular,married,2220,no,19,135,unknown,1
secondary,jul,-1,technician,yes,no,34,0,2,cellular,married,911,yes,9,182,unknown,1
tertiary,nov,-1,management,no,no,37,0,2,cellular,single,243,no,19,103,unknown,1
secondary,may,-1,admin.,yes,no,57,0,4,cellular,single,638,yes,2,173,unknown,1
tertiary,may,-1,management,no,no,37,0,2,cellular,single,2287,no,19,246,success,1
secondary,jul,-1,retired,no,no,45,0,2,cellular,divorced,30,yes,30,14,unknown,1
secondary,may,-1,technician,no,no,54,0,2,cellular,married,0,yes,6,458,unknown,1
secondary,jun,-1,blue-collar,no,no,51,0,4,cellular,divorced,12956,no,17,151,unknown,1
primary,may,-1,management,no,no,32,0,1,unknown,married,573,yes,26,591,unknown,1
tertiary,may,-1,management,no,no,37,0,2,cellular,married,941,no,29,182,unknown,1
tertiary,may,-1,services,no,no,34,0,1,cellular,married,199,yes,19,251,unknown,2
secondary,may,-1,management,no,no,55,0,1,unknown,married,-339,yes,4,132,unknown,1
tertiary,may,-1,management,no,no,33,8,2,cellular,married,1399,yes,13,616,unknown,1
tertiary,jul,-1,entrepreneur,yes,no,42,0,3,cellular,married,1301,no,4,126,unknown,1
secondary,nov,-1,management,no,no,35,0,2,cellular,married,836,no,11,107,unknown,1
tertiary,apr,-1,self-employed,no,no,38,0,2,cellular,single,0,yes,13,742,failure,1
tertiary,jun,-1,retired,yes,no,49,0,1,unknown,married,17,yes,12,138,unknown,1
secondary,may,-1,blue-collar,no,no,39,0,2,telephone,divorced,-16,no,29,175,unknown,1
tertiary,feb,-1,technician,no,no,29,0,1,cellular,married,3,no,5,204,unknown,1
secondary,may,-1,blue-collar,no,no,41,0,3,unknown,divorced,606,yes,5,459,failure,1
tertiary,nov,92,housemaid,no,no,35,0,2,cellular,married,2101,no,19,130,failure,1
secondary,jun,-1,services,no,no,35,0,1,unknown,single,624,no,29,552,failure,1
secondary,may,-1,admin.,no,no,41,0,1,cellular,married,-666,yes,11,150,unknown,1
tertiary,aug,-1,technician,no,no,33,0,3,unknown,divorced,738,no,15,514,unknown,1
tertiary,jun,-1,services,no,no,31,0,2,unknown,single,49,yes,20,173,unknown,1
tertiary,jul,-1,admin.,yes,no,36,3,1,cellular,divorced,626,no,19,188,unknown,1
primary,nov,-1,retired,no,no,34,0,2,cellular,divorced,13,no,19,353,unknown,1
primary,may,-1,blue-collar,yes,no,39,0,1,cellular,married,1437,no,4,130,unknown,1
tertiary,nov,-1,retired,no,no,42,1,4,unknown,divorced,1674,no,28,77,unknown,2
primary,feb,-1,technician,no,no,41,0,2,unknown,married,1,yes,29,150,unknown,1
primary,may,-1,blue-collar,no,no,55,0,1,cellular,married,-231,no,28,881,unknown,1
tertiary,jul,-1,management,no,no,33,0,1,cellular,married,-37,yes,3,0,unknown,2
primary,aug,-1,retired,no,no,54,0,3,cellular,single,1516,no,7,185,unknown,1
secondary,may,-1,blue-collar,yes,no,29,0,2,cellular,married,-199,yes,19,260,unknown,1
tertiary,jun,-1,management,no,no,29,0,1,cellular,married,2187,yes,29,2,unknown,1
secondary,jul,-1,admin.,no,no,34,0,3,cellular,married,795,yes,20,483,unknown,1
secondary,may,-1,blue-collar,no,no,64,0,1,cellular,divorced,1394,yes,3,121,failure,1
tertiary,may,-1,management,no,no,54,4,1,unknown,single,13,yes,14,787,unknown,2
secondary,jul,-1,retired,no,no,38,0,1,cellular,married,459,yes,19,859,success,1
secondary,may,-1,management,no,no,58,0,4,cellular,single,309,yes,16,461,unknown,1
tertiary,nov,-1,technician,no,no,59,0,3,cellular,single,1423,yes,13,86,unknown,1
tertiary,apr,-1,management,no,no,46,0,2,cellular,single,-304,no,2,103,unknown,1
primary,feb,-1,management,yes,no,46,0,2,cellular,single,413,no,26,959,unknown,1
primary,apr,-1,admin.,no,no,33,0,2,telephone,married,3615,yes,11,77,unknown,1
tertiary,nov,-1,blue-collar,no,no,30,0,1,cellular,single,37,no,31,104,unknown,1
secondary,aug,-1,services,no,no,29,0,1,cellular,single,-15,yes,4,104,unknown,1
secondary,jul,-1,management,no,no,33,0,2,unknown,single,1388,yes,5,131,unknown,1
tertiary,jul,-1,housemaid,no,no,46,0,3,cellular,married,2,yes,26,335,unknown,1
secondary,nov,-1,management,no,no,48,0,1,unknown,married,-1036,no,14,195,unknown,1
tertiary,jun,-1,services,no,no,36,0,3,cellular,married,1,yes,11,462,unknown,1
tertiary,nov.,-1,admin. admin.,no,no,40,0,2,cellular,single,473,yes,17,184,unknown,1
tertiary,may,-1,housemaid,no,no,32,0,1,unknown,divorced,16,no,20,442,unknown,1
secondary,jan,-1,management,no,no,36,0,1,cellular,single,929,yes,5,124,unknown,1
primary,apr,-1,management,no,no,43,0,1,cellular,married,-1,yes,28,41,failure,1
secondary,jan,-1,blue-collar,no,no,28,0,2,unknown,married,1,yes,12,611,unknown,1
tertiary,aug,-1,blue-collar,no,no,47,0,2,cellular,married,634,no,18,746,unknown,1
secondary,nov,-1,management,no,no,25,0,1,cellular,single,967,no,6,127,failure,2
secondary,may,-1,management,no,no,45,0,1,unknown,married,2073,no,12,470,unknown,1
tertiary,apr,-1,management,no,no,46,0,5,cellular,single,0,no,29,110,unknown,1
unknown,jan,-1,management,no,no,43,0,2,cellular,divorced,409,yes,29,182,unknown,1
tertiary,jul,-1,management,yes,no,40,0,1,cellular,single,-297,yes,20,132,unknown,2
unknown,jul,91,retired,no,no,45,0,18,unknown,divorced,1636,yes,7,255,unknown,1
tertiary,may,-1,unknown,no,no,42,0,2,cellular,married,4813,yes,5,187,unknown,1
secondary,apr,-1,blue-collar,no,no,31,0,1,cellular,single,852,yes,12,179,unknown,1
primary,may,-1,management,no,no,49,0,3,cellular,single,19,yes,7,179,unknown,1
tertiary,jul,-1,management,no,no,27,0,2,unknown,divorced,5,no,19,614,unknown,1
secondary,apr,-1,technician,no,no,33,0,3,unknown,married,1258,yes,30,1029,unknown,1
secondary,apr,-1,blue-collar,no,no,39,0,2,cellular,single,0,no,4,192,unknown,2
secondary,may,-1,management,no,no,48,0,3,unknown,single,589,yes,14,616,unknown,1
tertiary,aug,273,management,no,no,51,1,1,unknown,married,672,yes,16,94,unknown,1
primary,jul,-1,management,no,no,56,0,2,unknown,married,794,no,29,104,unknown,1
primary,jul,-1,services,no,no,34,0,1,cellular,married,687,yes,15,150,unknown,2
secondary,may,-1,blue-collar,no,no,37,0,3,unknown,married,916,yes,30,195,unknown,1
secondary,jul,-1,technician,no,no,45,0,4,unknown,divorced,393,yes,19,124,unknown,1
tertiary,jul,-1,blue-collar,no,no,42,0,1,cellular,single,903,no,17,123,unknown,2
secondary,apr,-1,services,no,no,35,0,2,cellular,single,7529,no,16,976,unknown,1
secondary,may,-1,management,no,no,46,0,2,cellular,married,705,yes,26,714,unknown,1
tertiary,aug,-1,management,no,no,45,0,1,cellular,single,1649,yes,5,246,unknown,1
secondary,feb,-1,technician,no,no,29,0,5,cellular,married,1039,yes,30,288,unknown,1
secondary,jul,-1,admin.,yes,no,51,0,1,cellular,married,82,yes,26,113,unknown,1
tertiary,may,-1,technician,no,no,41,0,1,cellular,divorced,508,no,6,104,unknown,1
secondary,may,-1,admin.,no,no,42,0,2,unknown,married,318,no,13,216,unknown,1
secondary,may,555,management,no,no,45,0,3,unknown,divorced,7,yes,12,215,unknown,1
primary,may,-1,blue-collar,no,no,32,0,3,cellular,married,0,no,9,59,failure,1
tertiary,nov,-1,services,no,no,53,0,1,cellular,single,523,yes,8,111,unknown,1
secondary,apr,-1,blue-collar,no,no,41,0,2,cellular,married,1380,yes,18,104,unknown,1
secondary,jun,-1,services,no,no,46,0,2,unknown,married,528,no,4,217,unknown,1
secondary,apr,-1,unknown,no,no,29,2,1,cellular,married,1306,no,28,138,unknown,1
secondary,may,-1,management,yes,no,34,0,1,unknown,married,958,yes,13,88,unknown,1
primary,aug,-1,management,no,no,48,0,2,unknown,married,11528,no,16,599,unknown,1
secondary,may,-1,admin.service,no,no,44,1,3,unknown,divorced,2732,no,19,246,unknown,1
tertiary,may,-1,technician,no,no,37,0,3,cellular,married,532,no,19,356,unknown,1
secondary,apr,-1,management,no,no,25,0,1,cellular,divorced,-11,yes,20,105,unknown,1
tertiary,may,-1,admin.,no,no,26,0,2,unknown,single,9,no,29,456,unknown,2
tertiary,jul,-1,technician,no,no,40,0,2,telephone,married,2349,yes,19,87,unknown,1
primary,may,-1,admin.,no,no,58,30,1,unknown,divorced,1374,yes,20,107,unknown,1
secondary,jul,-1,management,no,no,35,0,2,cellular,married,627,yes,20,76,unknown,1
secondary,nov,-1,blue-collar,no,no,40,0,1,unknown,married,5057,yes,20,9,unknown,1
secondary,jun,-1,management,no,no,34,0,6,cellular,married,20727,yes,7,182,unknown,2
secondary,jan,-1,technician,no,no,47,0,4,cellular,divorced,1401,no,22,171,unknown,1
tertiary,jun,-1,management,no,no,34,0,2,cellular,single,488,no,26,1394,unknown,1
tertiary,feb,-1,admin.,yes,no,48,0,6,cellular,married,-1,yes,5,258,unknown,1
secondary,jun,-1,admin.,no,no,41,0,3,cellular,divorced,896,no,17,111,unknown,1
secondary,feb,-1,admin.,no,no,26,0,3,unknown,married,927,yes,11,111,unknown,1
secondary,jun,-1,blue-collar,no,no,35,0,3,cellular,married,2542,yes,21,116,unknown,1
secondary,jun,356,management,no,no,53,0,1,cellular,married,0,no,14,100,success,2
primary,jul,-1,technician,no,no,42,0,2,cellular,divorced,577,no,7,185,success,1
tertiary,jan,-1,admin.,no,no,37,0,3,unknown,single,1059,no,12,686,unknown,1
primary,may,95,technician,no,no,33,0,3,cellular,married,638,yes,18,959,failure,1
secondary,aug,-1,management,no,no,34,1,2,unknown,divorced,1286,no,27,859,unknown,1
tertiary,jul,-1,management,yes,no,57,0,1,cellular,married,-396,yes,28,1031,unknown,1
secondary,nov,113,management,yes,no,31,1,2,cellular,divorced,12,yes,18,132,unknown,1
tertiary,may,-1,management,no,no,36,0,1,unknown,married,0,yes,19,314,unknown,1
tertiary,may,-1,management,no,no,60,0,1,unknown,single,473,no,9,561,unknown,1
secondary,aug,-1,blue-collar,yes,no,38,0,2,cellular,single,0,yes,16,127,unknown,1
tertiary,may,-1,management,no,no,52,0,2,cellular,single,1403,no,29,1387,unknown,1
tertiary,aug,-1,self-employed,no,no,35,0,4,cellular,single,-104,yes,13,171,other,2
tertiary,may,-1,management,no,no,54,0,2,unknown,single,3288,yes,30,923,unknown,1
secondary,jun,-1,services,no,no,80,0,6,unknown,divorced,0,no,29,324,unknown,1
secondary,jun,-1,management,no,no,33,5,3,cellular,single,1887,no,19,11,failure,1
tertiary,nov,87,management,no,no,34,0,1,cellular,single,1716,no,20,172,unknown,1
tertiary,apr,-1,blue-collar,yes,no,43,0,1,cellular,married,20,no,18,73,unknown,1
secondary,jun,-1,blue-collar,no,no,59,0,1,cellular,married,302,no,13,105,unknown,1
secondary,apr,-1,blue-collar,no,no,59,0,2,cellular,single,1036,no,27,859,unknown,1
tertiary,jul,-1,admin.,no,no,46,0,2,cellular,single,111,no,25,179,unknown,2
secondary,aug,-1,technician,no,yes,44,0,1,unknown,divorced,1301,no,7,857,unknown,1
secondary,nov,-1,management,no,no,38,0,2,cellular,divorced,1394,yes,27,185,unknown,2
tertiary,may,-1,admin.,no,no,43,0,1,cellular,married,665,yes,12,94,success,1
primary,may,-1,blue-collar,no,no,40,0,1,cellular,single,856,no,27,124,failure,1
secondary,may,-1,management,no,no,29,0,1,cellular,single,0,yes,20,759,unknown,1
tertiary,may,-1,services,no,no,30,0,2,cellular,single,2038,no,20,6,unknown,1
secondary,may,-1,technician,no,no,32,0,1,unknown,single,876,no,12,55,unknown,1
tertiary,apr,-1,blue-collar,no,no,48,0,3,cellular,married,352,no,11,105,unknown,1
tertiary,may,-1,management,no,no,33,0,1,cellular,divorced,536,yes,14,967,unknown,1
secondary,jul,-1,technician,yes,no,47,0,3,cellular,married,972,no,30,113,unknown,1
secondary,nov,-1,management,no,no,39,0,4,cellular,divorced,8000,yes,28,132,unknown,1
secondary,nov,-1,blue-collar,no,no,51,0,3,unknown,married,1311,yes,16,452,unknown,1
secondary,jul,-1,unemployed,yes,no,50,0,2,unknown,married,-15,yes,15,478,unknown,1
secondary,jul,-1,blue-collar,no,no,22,0,1,cellular,married,0,no,8,20,failure,2
secondary,may,-1,blue-collar,no,no,34,1,1,unknown,married,920,yes,12,113,unknown,1
tertiary,jun,-1,management,yes,no,38,0,5,unknown,single,1,yes,14,150,unknown,1
tertiary,may,-1,entrepreneur,yes,no,29,0,4,cellular,married,2115,yes,27,142,unknown,1
secondary,jul,-1,entrepreneur,no,no,52,0,2,cellular,married,313,yes,23,151,unknown,1
secondary,may,-1,management,yes,no,55,0,1,cellular,married,1373,no,7,714,unknown,1
secondary,nov,-1,technician,no,no,43,0,6,cellular,married,7601,no,27,171,unknown,2
secondary,apr,-1,admin.,no,no,47,1,1,cellular,married,-1,yes,20,95,unknown,1
tertiary,jul,-1,blue-collar,no,no,39,0,1,cellular,divorced,2699,yes,29,123,unknown,1
tertiary,apr,-1,services,no,no,34,0,2,cellular,single,1596,no,9,195,unknown,2
secondary,jul,-1,admin.,no,no,30,0,4,unknown,married,1055,no,6,1195,unknown,1
secondary,nov,-1,management,no,no,34,0,2,unknown,single,595,yes,1,449,unknown,1
secondary,feb,-1,admin.,no,no,59,0,1,cellular,married,839,no,18,130,success,1
secondary,may,-1,retired,no,no,51,0,1,unknown,married,0,yes,11,184,unknown,1
tertiary,may,-1,management,no,no,45,0,1,cellular,married,-192,yes,13,171,success,1
secondary,aug,-1,blue-collar,no,no,31,0,4,cellular,married,0,yes,20,474,unknown,1
tertiary,may,-1,housemaid,no,no,56,0,1,cellular,married,475,yes,27,111,unknown,1
secondary,jul,-1,management,no,no,31,0,3,unknown,single,857,yes,30,111,unknown,1
secondary,jul,-1,technician,no,no,43,0,3,cellular,married,1245,yes,2,73,unknown,1
secondary,may,344,management,no,no,33,2,6,cellular,single,3623,yes,19,27,unknown,1
secondary,jul,-1,blue-collar,no,no,51,0,4,cellular,married,121,yes,19,387,failure,1
tertiary,aug,-1,technician,no,no,33,0,1,cellular,married,817,no,15,258,unknown,2
secondary,jul,-1,blue-collar,yes,no,33,0,1,cellular,married,1587,yes,28,744,unknown,1
unknown,jan,-1,admin.,no,no,44,0,3,cellular,single,2860,yes,20,163,unknown,1
secondary,may,-1,technician,no,no,48,0,2,unknown,single,741,yes,9,126,unknown,1
secondary,jun,-1,management,yes,no,39,0,3,cellular,single,0,no,29,150,unknown,1
tertiary,may,-1,retired,no,no,36,0,2,cellular,divorced,1279,no,4,958,failure,1
primary,jul,-1,admin.,no,no,58,0,1,unknown,married,2976,yes,11,77,unknown,1
secondary,may,-1,technician,no,no,52,0,2,cellular,married,1130,no,26,764,failure,1
secondary,may,244,blue-collar,no,no,33,0,2,cellular,married,30,no,29,496,failure,1
secondary,jul,-1,technician,no,no,43,0,1,unknown,married,-227,yes,14,462,unknown,1
secondary,jul,258,blue-collar,no,no,53,0,1,cellular,single,908,yes,14,10,unknown,1
tertiary,feb,-1,management,no,no,59,0,6,cellular,single,-348,yes,3,94,unknown,1
secondary,mar,-1,technician,no,no,44,0,3,cellular,single,-1,yes,9,184,unknown,1
tertiary,may,178,entrepreneur,no,no,37,0,2,cellular,single,-1140,yes,12,1239,unknown,1
secondary,may,-1,management,yes,no,37,0,2,cellular,married,5,yes,19,82,unknown,1
secondary,may,-1,entrepreneur,no,no,39,0,1,cellular,single,1,yes,4,351,unknown,2
secondary,may,-1,management,yes,yes,32,0,1,cellular,single,0,no,14,1305,unknown,2
tertiary,jul,-1,unemployed,no,no,46,0,5,unknown,single,542,no,11,-1,unknown,1
secondary,aug,-1,services,no,no,36,0,1,cellular,married,-196,yes,15,479,unknown,1
secondary,may,-1,unemployed,no,no,41,0,1,unknown,single,615,no,7,145,unknown,1
tertiary,may,-1,management,no,no,33,0,1,cellular,single,628,yes,29,9,unknown,2
tertiary,apr,-1,services,no,no,34,0,2,unknown,single,578,yes,29,65,unknown,1
tertiary,feb,-1,blue-collar,no,no,52,0,1,unknown,single,16,no,27,184,failure,1
tertiary,nov,-1,blue-collar,yes,no,36,0,2,unknown,divorced,679,yes,26,242,unknown,2
secondary,jul,-1,services,no,no,31,0,2,cellular,married,787,no,19,223,failure,1
secondary,apr,-1,services,no,no,33,0,1,unknown,divorced,1291,no,6,636,unknown,2
primary,jun,-1,blue-collar,no,no,33,0,2,unknown,single,0,yes,10,-1,unknown,1
secondary,jul,-1,management,no,no,43,0,1,cellular,married,1415,yes,25,105,unknown,1
secondary,jun,-1,blue-collar,no,no,33,0,3,unknown,married,797,yes,28,169,unknown,2
secondary,jul,-1,admin.,no,no,33,0,1,cellular,single,-9,yes,6,159,unknown,1
secondary,jul,-1,blue-collar,no,no,47,0,2,cellular,married,709,yes,18,695,unknown,1
secondary,jun,-1,blue-collar,no,no,57,0,2,cellular,single,856,no,13,437,unknown,1
secondary,may,-1,blue-collar,no,no,32,0,2,cellular,married,-342,yes,6,0,unknown,1
secondary,feb,-1,technician,no,no,40,0,3,cellular,single,-212,no,26,167,unknown,1
secondary,jul,-1,admin.,no,no,33,0,2,cellular,single,3432,yes,14,108,unknown,1
secondary,apr,-1,services,no,no,48,2,1,cellular,single,2879,yes,11,568,success,1
primary,jun,-1,management,no,no,46,0,1,unknown,married,476,yes,5,616,success,2
secondary,may,-1,retired,no,no,53,0,7,cellular,single,782,yes,25,169,unknown,2
tertiary,feb,-1,management,no,no,35,0,1,cellular,married,456,yes,20,48,unknown,2
tertiary,aug,-1,blue-collar,no,no,75,0,2,cellular,married,2077,yes,9,138,unknown,1
tertiary,nov,-1,blue-collar,no,no,33,0,1,cellular,married,1636,no,16,168,unknown,1
secondary,may,-1,blue-collar,no,no,32,0,2,unknown,married,3129,yes,29,82,unknown,1
primary,jul,-1,technician,no,no,49,0,2,cellular,married,858,yes,16,6,unknown,1
tertiary,jul,-1,services,no,no,31,0,2,unknown,married,991,yes,7,104,unknown,1
secondary,aug,-1,admin.,no,no,33,0,1,unknown,married,0,yes,30,150,unknown,2
secondary,may,-1,housemaid,no,no,46,0,1,cellular,married,785,no,23,159,unknown,1
secondary,jun,-1,admin.,no,no,49,7,1,cellular,married,414,no,17,112,unknown,1
secondary,may,-1,services,no,no,44,0,2,cellular,married,0,no,15,107,unknown,1
secondary,jul,-1,management,yes,no,48,0,4,cellular,married,0,no,12,208,unknown,1
tertiary,may,-1,blue-collar,no,no,31,0,1,cellular,single,3915,yes,7,236,unknown,1
secondary,jul,-1,technician,no,no,35,0,2,cellular,married,1030,yes,21,174,unknown,1
tertiary,may,-1,management,yes,no,47,0,1,unknown,married,1533,no,21,390,unknown,1
tertiary,jul,325,management,no,no,34,0,1,cellular,single,514,yes,16,152,unknown,1
primary,apr,-1,management,no,no,32,0,1,cellular,married,5,no,6,10,unknown,1
secondary,jul,-1,management,no,no,34,0,1,cellular,married,568,yes,19,168,unknown,1
secondary,nov,-1,admin.,no,no,54,0,2,cellular,divorced,2488,yes,14,122,unknown,1
secondary,may,-1,services,no,no,38,0,2,unknown,single,495,yes,19,1,unknown,1
tertiary,may,287,technician,no,no,58,0,2,cellular,single,2927,yes,7,195,unknown,1
secondary,may,-1,technician,no,no,36,0,1,unknown,single,544,no,4,163,unknown,1
tertiary,aug,-1,technician,no,no,42,0,1,cellular,single,1216,yes,14,151,failure,1
primary,aug,-1,services,yes,no,41,0,2,unknown,divorced,958,no,8,156,unknown,1
secondary,aug,-1,technician,no,no,31,0,2,cellular,married,12245,no,20,183,unknown,1
secondary,may,-1,management,no,no,55,0,2,cellular,married,-1637,yes,11,93,failure,1
secondary,jun,-1,management,no,no,31,0,1,cellular,married,1409,yes,7,852,unknown,1
tertiary,jun,-1,management,no,no,37,0,1,cellular,single,5270,yes,13,138,failure,1
secondary,jul,-1,management,no,no,31,0,3,unknown,married,2332,no,21,131,unknown,1
secondary,jun,-1,admin.,yes,no,37,0,1,unknown,married,685,yes,18,196,unknown,1
secondary,jun,-1,blue-collar,no,no,45,0,2,cellular,single,-287,yes,30,-1,unknown,1
tertiary,may,-1,admin.,no,no,40,0,1,cellular,married,828,no,29,479,unknown,2
tertiary,jun,-1,technician,no,no,47,0,2,cellular,single,-292,yes,13,157,unknown,1
secondary,may,-1,management,no,no,37,0,2,cellular,married,749,no,15,716,unknown,1
secondary,jul,-1,management,no,no,30,0,1,cellular,divorced,499,no,5,138,unknown,1
secondary,aug,-1,retired,no,no,41,0,1,unknown,married,1,no,13,119,success,2
secondary,may,-1,blue-collar,no,no,32,0,5,cellular,divorced,157,yes,2,461,unknown,1
tertiary,may,-1,blue-collar,no,no,56,0,2,cellular,divorced,292,yes,8,573,unknown,1
primary,nov,164,management,no,no,47,0,4,cellular,married,1629,no,14,277,failure,1
secondary,jun,-1,management,no,no,49,0,1,unknown,married,155,no,19,181,unknown,1
tertiary,jul,-1,admin.,no,no,44,2,2,cellular,single,916,no,12,178,unknown,1
primary,may,-1,blue-collar,no,no,39,0,1,unknown,married,165,no,2,288,unknown,2
secondary,jul,-1,blue-collar,no,no,39,0,2,cellular,single,384,yes,30,0,failure,1
secondary,jul,385,technician,no,no,42,0,5,cellular,single,1213,yes,5,-1,unknown,1
secondary,may,-1,management,yes,no,49,0,3,cellular,single,121,no,20,638,unknown,2
primary,nov,-1,technician,no,no,42,0,1,unknown,single,352,no,15,103,unknown,2
tertiary,may,-1,blue-collar,no,no,33,0,1,unknown,single,474,yes,21,694,unknown,1
secondary,aug,-1,admin.employed,yes,no,36,0,2,cellular,married,543,yes,17,6,unknown,1
primary,feb,-1,management,no,no,35,0,1,cellular,single,1792,yes,6,124,failure,1
tertiary,nov,-1,management,no,no,55,0,2,unknown,single,2688,yes,19,103,unknown,1
secondary,jul,-1,management,no,no,49,0,2,unknown,single,1679,yes,14,123,unknown,1
secondary,jul,-1,blue-collar,yes,no,39,2,1,cellular,married,979,yes,23,182,other,1
tertiary,jun,-1,blue-collar,no,no,35,0,1,cellular,single,15,no,18,112,unknown,1
tertiary,aug,-1,self-employed,yes,no,30,0,3,unknown,single,976,yes,29,116,unknown,1
secondary,apr,-1,blue-collar,no,no,37,0,7,unknown,married,68,yes,17,138,unknown,1
tertiary,may,-1,management,no,no,30,0,2,cellular,married,0,no,20,163,unknown,1
secondary,jul,-1,blue-collar,no,no,33,0,5,cellular,married,179,yes,28,562,unknown,1
tertiary,may,-1,management,yes,no,44,0,1,cellular,single,0,yes,18,136,unknown,1
tertiary,jul,-1,blue-collar,yes,no,56,0,1,unknown,married,545,no,17,195,unknown,1
secondary,jul,-1,admin.,no,no,38,3,2,cellular,married,3770,no,1,159,unknown,1
tertiary,aug,-1,services,yes,no,37,0,1,cellular,married,715,yes,8,672,unknown,1
secondary,may,-1,retired,no,no,36,0,1,cellular,married,1415,yes,18,179,unknown,1
secondary,may,-1,admin.,no,no,35,0,2,cellular,divorced,-14,yes,4,126,failure,1
tertiary,jul,-1,services,no,no,29,0,7,unknown,single,1313,no,15,127,unknown,1
unknown,apr,-1,services,yes,no,37,2,1,cellular,single,859,yes,13,108,unknown,1
secondary,jul,-1,blue-collar,yes,no,52,0,4,unknown,married,3302,yes,12,636,unknown,1
secondary,apr,-1,blue-collar,no,no,55,0,1,unknown,married,0,no,6,246,unknown,1
secondary,may,-1,technician,no,no,60,0,4,cellular,single,1036,yes,18,552,unknown,1
secondary,jun,-1,management,no,no,34,9,2,cellular,single,-1638,yes,28,279,unknown,1
tertiary,oct,-1,housemaid,yes,no,53,0,2,cellular,single,-312,yes,12,275,unknown,1
secondary,jun,-1,blue-collar,no,no,34,0,1,cellular,single,1311,yes,21,53,unknown,1
secondary,feb,-1,management,no,no,30,0,2,cellular,single,0,no,4,140,unknown,1
secondary,jul,-1,technician,no,no,34,0,1,cellular,married,-240,no,3,54,failure,1
secondary,apr,-1,management,no,no,48,0,2,cellular,married,715,no,26,67,unknown,1
secondary,aug,-1,management,no,no,48,0,1,cellular,married,1603,no,31,185,unknown,1
tertiary,nov,-1,management,no,no,56,0,1,cellular,married,1431,yes,16,168,unknown,1
tertiary,may,-1,management,no,no,40,1,4,cellular,married,1673,yes,8,372,unknown,1
secondary,aug,-1,management,no,no,30,0,1,unknown,divorced,341,yes,4,138,unknown,2
tertiary,may,-1,blue-collar,no,no,39,0,5,cellular,married,209,no,17,179,unknown,1
secondary,jul,-1,blue-collar,no,no,45,0,1,cellular,married,0,yes,9,81,unknown,1
secondary,aug,-1,admin.,no,no,32,0,4,cellular,married,1052,yes,5,115,unknown,1
secondary,may,-1,technician,no,no,53,0,2,unknown,single,1564,no,6,184,unknown,1
tertiary,jun,-1,management,no,no,45,0,1,cellular,single,335,yes,21,126,unknown,1
secondary,aug,-1,management,no,no,34,0,1,unknown,married,-271,yes,7,382,unknown,1
tertiary,jun,-1,management,no,no,39,0,2,cellular,married,539,yes,28,761,unknown,1
primary,jun,-1,technician,no,no,57,0,2,unknown,married,1487,no,19,275,unknown,1
secondary,apr,-1,management,no,no,56,0,1,cellular,single,414,yes,19,1865,unknown,1
secondary,jun,-1,unemployed,no,no,41,0,1,cellular,divorced,42,yes,20,103,unknown,1
tertiary,oct,-1,management,no,no,42,0,1,cellular,single,0,no,19,152,other,1
secondary,may,-1,blue-collar,no,no,51,0,2,cellular,single,-1,yes,8,129,unknown,2
secondary,jul,-1,unknown,no,no,35,0,3,cellular,single,-342,no,12,188,unknown,1
secondary,jul,-1,retired,no,no,37,0,1,cellular,married,891,yes,12,111,failure,1
primary,may,182,management,no,no,35,0,2,cellular,married,462,yes,14,122,unknown,1
tertiary,may,-1,technician,no,no,43,0,1,unknown,single,-287,yes,14,7,unknown,1
primary,jul,-1,management,no,no,43,0,6,cellular,married,4660,yes,13,133,unknown,1
tertiary,apr,-1,technician,no,no,26,0,3,cellular,married,7,no,11,632,unknown,1
secondary,may,-1,management,no,no,55,0,4,unknown,married,339,yes,28,217,failure,2
secondary,aug,-1,blue-collar,no,no,53,0,3,unknown,married,-312,yes,18,7,unknown,1
secondary,aug,-1,services,no,no,40,0,2,cellular,married,-15,yes,20,124,unknown,1
primary,aug,-1,management,no,no,54,0,2,cellular,married,440,yes,18,196,unknown,2
secondary,jun,-1,technician,no,no,38,0,2,cellular,married,360,yes,14,110,unknown,1
tertiary,jun,-1,management,no,no,40,0,1,cellular,single,914,yes,23,183,unknown,1
secondary,may,-1,technician,yes,no,32,0,1,unknown,married,7509,no,9,972,unknown,1
secondary,nov,-1,blue-collar,no,no,33,0,1,cellular,married,752,no,20,223,unknown,1
tertiary,nov,-1,management,no,no,38,0,1,cellular,married,478,yes,16,130,unknown,1
secondary,may,167,management,no,no,47,0,2,cellular,married,595,yes,23,132,unknown,1
secondary,nov,-1,management,yes,no,36,0,4,cellular,married,53,no,30,1084,unknown,2
tertiary,jul,-1,housemaid,no,no,53,0,2,cellular,married,1013,yes,2,152,unknown,1
tertiary,feb,-1,blue-collar,no,no,53,0,1,cellular,married,1101,yes,18,79,unknown,1
secondary,jun,188,blue-collar,no,no,57,0,2,cellular,single,0,no,13,141,failure,1
tertiary,may,-1,housemaid,no,no,56,0,2,cellular,married,54,yes,7,163,unknown,1
secondary,may,-1,blue-collar,no,no,37,0,1,cellular,married,4381,no,13,0,failure,1
secondary,apr,-1,management,no,no,54,0,1,unknown,divorced,-355,yes,12,217,failure,1
secondary,jul,-1,blue-collar,no,no,40,0,1,cellular,single,407,yes,14,581,unknown,2
secondary,apr,-1,blue-collar,no,no,36,0,1,cellular,single,-227,no,11,102,unknown,1
tertiary,jun,-1,blue-collar,no,no,35,0,4,cellular,married,501,yes,29,111,unknown,1
secondary,jul,-1,technician,no,no,65,0,1,cellular,married,0,yes,2,107,unknown,1
tertiary,may,-1,blue-collar,no,no,50,0,2,cellular,married,589,yes,19,494,unknown,2
secondary,may,-1,admin.,no,no,46,0,2,unknown,single,626,no,14,107,unknown,1
secondary,jul,-1,blue-collar,yes,no,29,1,1,unknown,married,2978,no,2,158,unknown,1
tertiary,jun,-1,management,no,no,37,0,2,cellular,married,920,yes,4,21,unknown,1
primary,may,-1,admin.,no,no,39,0,2,cellular,single,57,yes,17,240,unknown,1
tertiary,jul,-1,management,no,no,45,0,1,cellular,married,1039,yes,25,632,unknown,1
secondary,may,-1,entrepreneur,no,no,37,0,2,cellular,married,0,no,19,172,unknown,1
secondary,jun,-1,blue-collar,no,no,59,0,1,cellular,married,630,yes,29,586,unknown,2
tertiary,nov,-1,services,no,no,40,0,2,cellular,divorced,0,yes,30,184,unknown,1
tertiary,jan,-1,technician,no,no,36,0,2,unknown,single,836,no,22,124,failure,1
secondary,may,-1,blue-collar,yes,no,45,0,1,cellular,married,78,yes,19,182,unknown,1
secondary,apr,-1,blue-collar,no,no,59,0,3,cellular,single,1836,yes,8,195,unknown,2
tertiary,aug,-1,admin.,no,no,26,0,3,cellular,single,557,yes,17,78,failure,1
secondary,jul,-1,admin.,no,no,43,0,1,cellular,single,125,yes,14,123,failure,1
secondary,feb,-1,management,no,no,48,0,2,unknown,married,580,yes,6,108,unknown,1
secondary,may,-1,blue-collar,no,no,43,0,2,cellular,married,217,no,15,916,unknown,1
secondary,may,-1,blue-collar,no,no,27,0,1,cellular,single,-1,no,29,132,unknown,1
secondary,jul,-1,admin.,no,no,58,0,1,unknown,married,2290,yes,12,54,unknown,1
secondary,may,-1,management,no,no,30,0,1,cellular,married,852,yes,30,246,unknown,1
secondary,nov,-1,admin.,no,no,38,0,1,cellular,married,3238,yes,13,891,unknown,1
tertiary,may,-1,management,no,no,26,0,2,cellular,married,416,no,11,112,unknown,1
secondary,apr,-1,management,no,no,40,0,2,cellular,married,74,yes,14,564,unknown,1
tertiary,jul,-1,entrepreneur,no,no,33,0,1,cellular,married,1616,yes,29,152,unknown,1
secondary,feb,-1,management,no,no,35,0,1,unknown,divorced,1636,yes,21,267,unknown,1
secondary,jul,-1,technician,no,no,40,0,2,cellular,single,2995,yes,13,130,unknown,1
tertiary,jul,-1,management,yes,no,40,0,4,unknown,single,1712,yes,14,812,unknown,1
secondary,apr,-1,management,yes,no,45,0,1,cellular,single,494,yes,6,106,unknown,1
secondary,jun,-1,blue-collar,no,no,32,0,4,cellular,married,870,no,15,333,unknown,1
tertiary,jun,-1,retired,no,no,45,0,1,cellular,single,916,yes,27,169,unknown,1
tertiary,may,-1,blue-collar,no,no,34,0,2,cellular,married,786,no,5,132,unknown,2
secondary,jul,-1,blue-collar,no,no,57,0,1,cellular,married,3,no,11,2,unknown,1
secondary,apr,-1,admin.,yes,no,35,0,1,cellular,married,23,no,29,122,unknown,1
secondary,apr,-1,services,no,no,42,0,1,unknown,divorced,2760,yes,19,168,unknown,1
tertiary,jul,-1,admin.,yes,no,41,0,1,cellular,married,-348,no,18,132,unknown,1
tertiary,nov,-1,blue-collar,no,no,60,0,1,cellular,single,1278,yes,2,253,unknown,1
secondary,jun,-1,management,no,no,32,0,1,cellular,single,1085,no,23,210,unknown,1
tertiary,may,-1,admin.,no,no,51,4,1,cellular,married,-290,no,29,796,unknown,1
tertiary,jul,-1,admin.,yes,no,27,0,2,cellular,married,2874,no,29,196,unknown,1
secondary,aug,175,management,no,no,31,0,2,cellular,single,525,yes,20,179,unknown,1
secondary,may,-1,blue-collar,no,no,46,0,1,cellular,married,406,no,30,182,unknown,1
tertiary,apr,-1,admin.,no,no,40,0,2,cellular,single,814,yes,16,158,failure,1
secondary,may,-1,technician,no,no,51,0,2,cellular,single,1629,yes,15,167,failure,2
primary,jul,-1,management,no,no,40,0,1,cellular,married,944,yes,15,112,unknown,1
secondary,mar,-1,admin.,no,no,58,0,1,cellular,married,10378,yes,16,105,unknown,1
secondary,may,-1,admin.,no,no,41,0,3,cellular,single,693,yes,12,691,unknown,1
tertiary,may,-1,blue-collar,yes,no,32,0,1,cellular,single,-304,yes,19,961,unknown,1
tertiary,jul,-1,management,no,no,41,0,3,cellular,single,3233,yes,20,119,unknown,1
secondary,may,-1,technician,no,no,40,0,1,cellular,divorced,842,yes,16,853,unknown,1
tertiary,may,-1,management,no,no,37,0,1,cellular,single,979,yes,11,206,unknown,1
secondary,may,-1,technician,no,no,30,0,3,cellular,single,782,yes,29,489,unknown,1
secondary,feb,-1,admin.,no,no,50,0,1,cellular,single,0,yes,23,126,unknown,2
tertiary,may,-1,retired,yes,no,37,0,2,cellular,divorced,0,yes,5,631,unknown,1
secondary,may,-1,technician,no,no,42,0,2,unknown,divorced,916,yes,6,111,unknown,1
secondary,nov,-1,technician,no,no,26,0,4,cellular,married,1415,yes,13,6,unknown,1
tertiary,may,-1,blue-collar,no,no,45,0,1,cellular,married,1187,yes,4,527,failure,1
tertiary,jun,-1,blue-collar,yes,no,50,2,4,cellular,married,526,no,4,63,unknown,1
secondary,jul,-1,blue-collar,no,no,54,0,1,unknown,single,1884,no,15,246,success,1
tertiary,jun,-1,management,no,no,53,0,6,cellular,married,2750,yes,20,642,unknown,1
secondary,may,-1,management,no,no,33,0,2,cellular,married,1409,yes,20,150,unknown,1
primary,may,-1,technician,no,no,38,0,1,cellular,single,31,yes,13,209,unknown,1
secondary,aug,-1,blue-collar,no,no,35,0,2,unknown,married,0,no,30,-1,failure,1
unknown,jul,-1,management,no,no,30,0,3,cellular,married,28,yes,12,-1,unknown,1
primary,aug,-1,blue-collar,yes,no,38,0,1,telephone,married,-339,yes,4,132,unknown,1
tertiary,may,-1,management,no,no,33,0,2,unknown,married,0,yes,28,658,unknown,1
secondary,aug,287,retired,no,no,36,0,2,cellular,single,121214,yes,30,136,unknown,2
secondary,jul,-1,services,no,no,33,0,16,unknown,married,574,yes,6,250,unknown,1
tertiary,may,-1,management,no,no,38,0,1,cellular,single,0,no,20,312,unknown,1
secondary,jul,-1,management,yes,no,49,0,4,cellular,married,784,yes,18,132,unknown,1
tertiary,apr,-1,blue-collar,no,no,53,0,2,cellular,married,0,yes,16,112,unknown,1
secondary,may,-1,admin.,no,no,56,0,1,cellular,single,1624,yes,14,124,failure,1
secondary,feb,-1,blue-collar,no,no,36,0,3,unknown,married,328,yes,15,41,unknown,1
secondary,jun,-1,technician,yes,no,58,0,2,cellular,married,134,no,28,-1,unknown,1
primary,aug,-1,technician,no,no,47,0,1,cellular,married,2094,no,12,532,unknown,1
unknown,aug,-1,management,no,no,30,0,1,unknown,single,1,yes,1,246,unknown,1
secondary,jul,-1,blue-collar,no,no,39,0,1,cellular,married,569,yes,19,85,unknown,1
tertiary,jul,-1,blue-collar,no,no,59,0,2,cellular,married,767,yes,29,182,unknown,1
secondary,apr,-1,technician,yes,no,43,0,2,cellular,married,1934,no,22,119,unknown,1
secondary,jun,-1,management,no,no,37,0,2,cellular,married,619,yes,16,967,unknown,2
secondary,may,-1,technician,no,no,35,0,3,cellular,married,186,no,11,270,unknown,1
secondary,aug,-1,blue-collar,yes,no,34,0,1,unknown,married,597,yes,16,257,unknown,1
tertiary,feb,-1,entrepreneur,no,no,37,0,2,unknown,single,-1,yes,22,459,unknown,1
unknown,may,-1,technician,no,no,39,0,4,cellular,divorced,681,yes,13,173,failure,1
secondary,aug,-1,technician,no,no,33,0,1,cellular,divorced,0,no,17,261,unknown,1
secondary,jul,-1,technician,yes,no,41,0,1,cellular,married,511,yes,15,476,unknown,1
secondary,jul,-1,blue-collar,yes,no,41,0,1,cellular,married,3204,yes,24,112,unknown,1
secondary,may,-1,technician,no,no,54,0,3,cellular,single,15,yes,29,163,unknown,1
secondary,jul,-1,technician,yes,no,41,0,1,cellular,married,1615,no,5,132,unknown,1
secondary,may,-1,technician,no,no,40,0,1,cellular,married,1861,no,29,375,unknown,1
tertiary,feb,-1,admin.,no,no,39,3,2,cellular,single,-271,yes,5,127,unknown,1
tertiary,may,-1,management,no,no,45,0,1,cellular,married,-231,yes,29,108,unknown,1
tertiary,jun,-1,blue-collar,yes,no,33,0,2,unknown,married,715,no,13,158,failure,1
secondary,jul,-1,management,no,no,28,0,4,unknown,married,-886,no,30,736,unknown,1
secondary,nov,-1,admin.,yes,no,41,0,3,cellular,married,1788,yes,4,631,success,1
secondary,apr,-1,management,no,no,31,0,2,cellular,single,1135,no,11,110,unknown,1
secondary,may,-1,admin.,yes,no,54,0,1,cellular,married,915,no,17,787,unknown,1
secondary,aug,-1,blue-collar,no,no,53,0,2,cellular,single,64,yes,7,77,unknown,1
tertiary,may,-1,technician,no,no,32,0,1,unknown,divorced,567,no,7,9,unknown,1
primary,aug,-1,admin.,no,no,42,0,1,unknown,single,-164,yes,17,124,unknown,1
tertiary,nov,-1,admin.,yes,no,52,0,2,cellular,single,969,no,31,169,failure,1
secondary,may,-1,blue-collar,no,no,38,0,2,cellular,married,2147,yes,14,1122,unknown,1
secondary,aug,-1,management,no,no,59,0,4,cellular,divorced,724,no,9,62,unknown,1
primary,feb,-1,technician,yes,no,42,0,1,cellular,single,3,yes,18,122,unknown,2
secondary,may,-1,blue-collar,no,no,47,3,3,unknown,married,-1,no,30,1063,unknown,1
secondary,nov,-1,blue-collar,no,no,30,0,1,cellular,married,-270,no,27,126,unknown,1
tertiary,aug,-1,entrepreneur,no,no,33,0,4,cellular,married,-913,yes,21,173,unknown,1
secondary,apr,-1,services,no,no,32,0,2,cellular,married,49,no,22,110,unknown,1
tertiary,jul,-1,services,no,no,28,0,3,unknown,single,0,yes,19,152,unknown,1
secondary,may,-1,blue-collar,no,no,34,0,1,cellular,married,0,yes,19,270,failure,2
tertiary,aug,-1,blue-collar,no,no,31,0,2,cellular,married,1779,no,28,619,unknown,1
secondary,nov,-1,admin.,yes,no,41,0,2,cellular,divorced,1358,no,23,184,unknown,1
primary,jul,-1,management,no,no,49,0,4,unknown,divorced,2980,yes,4,237,unknown,2
secondary,may,-1,blue-collar,no,no,49,0,1,cellular,married,0,no,7,123,unknown,2
tertiary,may,-1,blue-collar,no,no,43,0,3,cellular,single,-355,yes,14,184,unknown,1
tertiary,nov,-1,admin.,no,no,33,0,1,cellular,single,714,no,2,104,unknown,1
secondary,may,-1,management,yes,no,48,0,2,unknown,married,393,yes,15,859,unknown,1
secondary,jul,-1,technician,no,no,44,2,3,cellular,married,3962,no,26,138,unknown,1
secondary,may,-1,management,no,no,29,0,1,cellular,married,0,yes,20,111,unknown,1
tertiary,may,-1,blue-collar,yes,no,50,0,1,cellular,single,605,no,14,172,failure,1
secondary,feb,-1,management,yes,no,33,0,1,cellular,married,913,yes,19,688,unknown,1
tertiary,jun,-1,blue-collar,yes,no,50,0,4,cellular,single,1612,yes,18,510,unknown,1
primary,jul,-1,services,no,no,37,0,4,cellular,married,6,no,12,6,unknown,1
primary,may,-1,management,no,no,44,0,1,cellular,single,569,no,28,179,unknown,1
secondary,aug,-1,management,no,no,35,0,3,cellular,single,1029,yes,12,2,unknown,1
tertiary,apr,-1,student,no,no,35,0,2,cellular,single,770,no,19,539,unknown,2
tertiary,jun,-1,management,no,no,28,0,3,cellular,single,1242,yes,5,124,unknown,1
tertiary,may,-1,management,no,no,39,0,2,cellular,married,-1,yes,11,466,unknown,1
secondary,aug,-1,management,no,no,45,0,1,cellular,married,-95,yes,20,112,unknown,1
secondary,aug,-1,management,yes,no,46,5,1,cellular,single,0,yes,4,136,unknown,1
secondary,feb,-1,blue-collar,no,no,36,0,13,cellular,married,0,yes,14,138,unknown,1
secondary,aug,-1,blue-collar,no,no,41,0,3,cellular,married,1,yes,4,113,unknown,1
secondary,aug,-1,admin.,no,no,54,0,1,cellular,married,2322,yes,8,183,unknown,1
tertiary,may,-1,management,no,no,37,0,3,unknown,single,1311,yes,27,45,unknown,1
tertiary,may,-1,technician,no,no,36,0,2,cellular,married,3186,no,13,138,unknown,1
tertiary,may,-1,services,no,no,55,0,2,cellular,married,1984,yes,6,1124,failure,1
secondary,jun,-1,admin.,no,no,36,0,2,cellular,married,579,yes,13,152,unknown,1
secondary,jun,-1,technician,no,no,56,0,1,cellular,married,886,no,13,171,unknown,2
secondary,aug,-1,blue-collar,no,no,37,0,1,cellular,single,5163,yes,19,112,unknown,1
secondary,jun,-1,admin.,no,no,42,0,1,cellular,married,1412,yes,21,108,unknown,1
primary,aug,-1,blue-collar,yes,no,28,0,1,cellular,married,-1,no,21,195,unknown,1
secondary,jul,-1,blue-collar,no,no,57,0,1,cellular,married,2972,yes,23,139,unknown,1
secondary,apr,94,management,yes,no,33,2,1,cellular,married,583,no,29,185,unknown,1
secondary,may,-1,entrepreneur,yes,no,52,0,1,cellular,married,611,yes,11,716,unknown,1
tertiary,may,-1,services,no,no,47,1,2,cellular,married,488,no,13,150,unknown,1
unknown,may,370,blue-collar,no,no,31,0,1,unknown,married,0,yes,5,264,unknown,1
primary,may,-1,services,no,no,59,0,1,cellular,married,481,no,20,168,unknown,1
tertiary,may,-1,blue-collar,no,no,47,0,2,cellular,married,1488,no,10,473,unknown,1
tertiary,apr,-1,management,no,no,33,0,1,cellular,married,-231,yes,2,179,unknown,2
tertiary,may,-1,management,no,no,33,0,4,unknown,single,585,no,18,374,unknown,1
tertiary,jul,-1,admin.,no,no,34,0,1,unknown,single,3858,yes,12,124,unknown,1
tertiary,jul,-1,unknown,no,no,35,0,3,cellular,single,759,yes,19,884,other,1
tertiary,jul,-1,blue-collar,no,no,51,0,1,cellular,single,188,yes,15,136,success,1
secondary,jun,-1,entrepreneur,no,no,41,0,4,cellular,married,538,no,20,208,unknown,1
tertiary,jul,-1,blue-collar,no,no,29,0,1,cellular,married,70,yes,15,119,unknown,1
secondary,jul,-1,technician,yes,no,46,0,3,cellular,married,787,yes,24,464,unknown,1
secondary,apr,-1,self-employed,no,no,35,0,2,cellular,married,504,no,30,169,unknown,1
tertiary,jun,-1,blue-collar,no,no,32,0,1,cellular,married,446,yes,24,337,unknown,1
tertiary,oct,-1,management,no,no,50,2,3,cellular,married,1358,yes,9,968,failure,1
secondary,jul,153,technician,no,no,44,0,3,cellular,divorced,1655,no,14,463,failure,1
secondary,jun,-1,admin.,no,no,33,0,1,cellular,single,1,yes,29,53,unknown,1
secondary,aug,-1,entrepreneur,no,no,49,0,2,cellular,single,762,no,23,42,unknown,1
secondary,jun,-1,management,no,no,47,1,1,unknown,single,-16,no,20,107,unknown,2
secondary,may,-1,management,no,no,32,0,1,unknown,single,571,yes,6,219,unknown,1
secondary,may,-1,admin.,no,no,33,0,5,cellular,married,0,yes,6,97,unknown,1
tertiary,may,-1,management,no,no,36,0,1,cellular,married,1145,no,17,112,unknown,1
tertiary,may,-1,management,no,no,46,2,2,cellular,single,1445,no,4,732,success,2
secondary,may,-1,services,no,no,25,0,1,cellular,married,28,yes,6,114,unknown,1
secondary,jun,-1,management,no,no,29,0,2,unknown,single,6791,no,29,171,unknown,2
tertiary,jul,457,admin.,no,no,53,0,5,cellular,married,0,yes,18,151,unknown,1
primary,jun,-1,blue-collar,no,no,41,0,14,cellular,married,372,yes,8,104,unknown,1
secondary,jul,-1,admin.service,no,no,42,0,1,cellular,married,759,yes,21,585,unknown,1
secondary,may,-1,management,no,no,42,0,4,cellular,married,604,no,2,314,unknown,1
tertiary,apr,-1,management,no,no,53,0,1,unknown,single,815,yes,2,182,unknown,1
primary,jun,-1,blue-collar,no,no,57,0,4,cellular,single,1329,no,28,108,unknown,1
tertiary,jul,-1,management,no,no,33,0,1,telephone,married,805,no,16,92,unknown,1
secondary,may,-1,management,no,no,32,0,2,cellular,married,533,yes,30,178,unknown,1
secondary,nov,-1,management,no,no,54,0,1,cellular,single,839,no,26,185,unknown,1
secondary,may,-1,unemployed,no,no,36,0,2,cellular,married,2894,yes,29,195,unknown,1
secondary,may,-1,management,no,no,54,0,1,unknown,married,3,yes,11,29,unknown,1
tertiary,apr,94,technician,no,no,48,0,2,cellular,married,-16,yes,16,110,unknown,1
primary,nov,-1,blue-collar,yes,no,42,0,3,cellular,married,3751,yes,2,10,unknown,1
tertiary,jul,-1,blue-collar,no,no,35,0,4,unknown,married,782,no,19,968,unknown,1
secondary,apr,-1,management,no,no,44,0,4,cellular,married,874,yes,29,163,unknown,1
secondary,jul,-1,management,no,no,36,0,2,unknown,married,18,yes,13,182,unknown,1
primary,nov,-1,services,no,no,26,0,2,cellular,married,691,no,18,208,unknown,1
tertiary,may,-1,management,no,no,32,0,1,unknown,married,762,yes,5,131,unknown,1
secondary,jul,-1,blue-collar,no,no,33,0,2,cellular,married,516,yes,19,942,unknown,1
secondary,may,-1,blue-collar,no,no,30,0,1,cellular,married,836,no,28,150,unknown,1
secondary,jun,-1,management,no,no,54,0,1,cellular,married,-297,yes,28,939,unknown,2
secondary,aug,-1,admin.,yes,no,28,0,4,cellular,married,3528,no,15,876,unknown,1
tertiary,jul,-1,blue-collar,no,no,47,1,1,cellular,married,2179,yes,4,168,unknown,1
secondary,may,-1,management,yes,no,42,2,1,cellular,single,258,no,17,72,unknown,1
tertiary,may,-1,management,no,no,31,0,2,cellular,single,-275,no,4,195,unknown,1
tertiary,may,-1,management,no,no,34,0,1,unknown,married,1,no,4,124,unknown,1
secondary,may,165,blue-collar,no,no,35,0,1,cellular,married,1491,no,14,871,success,1
secondary,may,-1,technician,no,no,28,0,2,cellular,married,429,no,28,974,unknown,2
tertiary,jun,-1,technician,no,no,34,0,1,unknown,married,844,no,16,450,unknown,1
primary,may,-1,retired,no,no,63,0,1,cellular,married,1174,yes,18,316,unknown,1
secondary,jun,-1,blue-collar,no,no,43,0,1,cellular,married,-904,no,12,173,unknown,1
secondary,jul,-1,management,no,no,33,0,4,cellular,divorced,786,yes,17,132,unknown,1
secondary,aug,-1,technician,no,no,28,0,2,cellular,married,10,no,21,958,unknown,1
secondary,may,-1,management,no,no,33,0,1,unknown,single,1816,no,13,113,unknown,1
primary,may,-1,retired,yes,no,41,0,1,unknown,married,1064,no,18,105,unknown,1
tertiary,nov,-1,entrepreneur,no,no,59,0,2,cellular,divorced,3330,no,6,496,unknown,1
tertiary,jul,-1,technician,no,no,25,0,1,cellular,married,79,no,18,245,unknown,1
secondary,aug,-1,blue-collar,no,no,34,0,2,cellular,single,711,yes,19,94,unknown,1
secondary,may,-1,management,no,no,34,0,3,telephone,single,149,no,20,111,unknown,1
primary,jul,-1,admin.,no,no,30,0,3,unknown,single,-292,yes,7,151,unknown,1
secondary,jun,-1,entrepreneur,no,no,43,0,2,cellular,single,5878,no,14,1366,unknown,1
secondary,may,287,management,no,no,35,0,2,unknown,divorced,-170,no,23,73,unknown,1
secondary,aug,-1,management,no,no,36,0,1,unknown,married,953,yes,4,217,unknown,1
tertiary,may,-1,student,no,no,60,0,1,cellular,divorced,122,yes,23,126,unknown,1
secondary,aug,-1,technician,no,no,29,0,3,cellular,married,1313,yes,31,97,unknown,1
primary,may,-1,management,yes,no,31,0,2,cellular,married,1723,yes,19,107,unknown,1
secondary,apr,-1,management,no,no,47,0,1,cellular,single,1098,yes,21,310,failure,1
tertiary,may,-1,technician,no,no,59,0,5,cellular,single,1095,yes,16,723,unknown,1
tertiary,oct,-1,blue-collar,no,no,55,0,5,cellular,single,3615,yes,29,112,unknown,1
tertiary,may,-1,unknown,no,no,45,0,4,cellular,married,1776,yes,29,10,failure,1
tertiary,may,-1,management,no,no,47,0,5,unknown,married,1110,yes,12,10,failure,1
secondary,may,-1,technician,no,no,42,0,4,unknown,divorced,-1527,yes,17,127,unknown,1
primary,jul,-1,technician,yes,no,47,0,2,cellular,single,872,yes,11,151,failure,1
tertiary,may,-1,admin.,no,no,30,0,1,cellular,married,5521,yes,9,131,unknown,1
secondary,nov,-1,management,no,no,45,0,2,cellular,married,-348,yes,17,1467,unknown,1
secondary,aug,-1,technician,no,no,30,0,2,unknown,divorced,955,yes,14,77,unknown,1
primary,aug,-1,admin.,no,no,37,0,2,unknown,single,255,no,8,110,failure,1
secondary,jun,-1,management,no,no,33,0,2,unknown,married,3812,no,21,152,unknown,1
secondary,aug,-1,technician,no,no,46,0,2,cellular,married,0,yes,14,638,unknown,1
tertiary,jul,-1,management,yes,no,52,0,3,unknown,married,1528,yes,18,110,unknown,1
tertiary,jun,-1,retired,no,no,51,0,1,unknown,married,0,yes,26,77,unknown,1
secondary,jun,-1,technician,yes,no,54,0,3,unknown,married,-287,no,25,823,unknown,1
tertiary,nov,-1,management,no,no,45,0,5,cellular,married,-378,yes,24,406,unknown,1
secondary,apr,-1,technician,no,no,48,0,2,unknown,married,47,no,19,926,unknown,1
secondary,may,-1,housemaid,no,no,32,1,3,cellular,married,1139,no,19,138,unknown,2
secondary,sep,-1,services,no,no,59,0,1,cellular,married,914,yes,21,658,unknown,1
tertiary,may,-1,management,no,no,41,0,1,cellular,married,322,yes,19,132,unknown,1
secondary,jul,-1,blue-collar,no,no,56,0,1,cellular,single,1314,yes,18,181,unknown,1
tertiary,aug,-1,management,no,no,31,0,1,cellular,married,664,yes,10,86,unknown,1
secondary,jul,-1,entrepreneur,no,no,42,0,1,cellular,married,-252,yes,20,139,unknown,1
secondary,jul,-1,management,no,no,35,0,2,unknown,single,-1,yes,19,178,unknown,2
tertiary,jul,-1,housemaid,no,no,46,0,1,unknown,married,1234,yes,19,104,failure,1
primary,jul,-1,management,no,no,21,0,9,cellular,married,23,no,6,144,unknown,1
secondary,may,-1,entrepreneur,no,no,75,0,5,cellular,married,1,yes,21,7,unknown,1
secondary,jul,188,management,yes,no,45,0,1,cellular,single,5437,yes,3,659,failure,1
secondary,aug,-1,blue-collar,no,no,45,0,2,cellular,single,214,yes,29,16,unknown,2
secondary,jan,-1,blue-collar,no,no,39,0,2,cellular,married,65,no,11,41,unknown,1
secondary,feb,-1,services,no,no,47,0,2,cellular,single,0,yes,27,13,unknown,2
tertiary,jun,-1,technician,no,no,40,0,1,unknown,married,630,no,19,183,unknown,1
primary,aug,-1,technician,no,no,29,0,2,cellular,married,484,no,18,1392,unknown,1
secondary,jul,-1,blue-collar,no,no,31,13,3,unknown,married,888,yes,4,135,unknown,1
primary,aug,-1,blue-collar,no,no,49,0,1,cellular,married,1055,no,7,757,unknown,1
primary,nov,-1,blue-collar,no,no,25,0,1,unknown,married,705,yes,12,567,unknown,1
unknown,jun,-1,blue-collar,yes,no,40,0,1,cellular,married,1066,yes,5,107,unknown,2
tertiary,nov,287,management,no,no,58,0,2,cellular,married,627,no,20,110,failure,1
secondary,apr,364,blue-collar,no,no,47,0,3,cellular,married,1901,yes,16,19,unknown,1
secondary,jul,-1,blue-collar,no,no,35,0,1,unknown,married,5244,no,26,217,unknown,1
primary,jul,-1,technician,no,no,26,0,1,unknown,married,2133,no,20,95,unknown,2
secondary,may,-1,management,no,no,40,4,1,cellular,married,2811,no,15,1125,unknown,1
tertiary,aug,-1,technician,no,no,33,0,2,unknown,single,3623,no,15,10,unknown,1
secondary,aug,-1,admin.,no,no,46,1,1,cellular,married,1126,no,12,104,unknown,1
secondary,jun,-1,admin.,no,no,50,0,1,unknown,single,0,yes,21,187,unknown,1
secondary,aug,-1,entrepreneur,no,no,35,0,3,unknown,single,795,yes,19,692,unknown,1
secondary,may,-1,services,no,no,32,0,2,cellular,married,-240,yes,5,857,unknown,1
secondary,oct,-1,technician,no,no,34,0,2,cellular,married,723,yes,19,68,unknown,1
tertiary,jun,-1,management,no,no,49,0,2,cellular,single,584,no,10,136,failure,2
tertiary,jun,-1,management,no,no,39,0,3,cellular,married,818,yes,12,742,unknown,1
secondary,nov,-1,management,no,no,34,0,6,cellular,single,274,yes,21,185,unknown,1
tertiary,nov,-1,management,no,no,45,0,2,cellular,single,612,yes,14,137,unknown,1
tertiary,nov,-1,retired,no,no,57,0,2,cellular,single,574,no,6,552,unknown,1
tertiary,nov,-1,blue-collar,no,no,51,0,1,cellular,married,-1110,no,29,140,unknown,1
secondary,jul,-1,housemaid,yes,no,35,0,1,cellular,married,-123,yes,18,163,unknown,1
tertiary,may,-1,blue-collar,no,no,42,0,3,unknown,married,0,yes,14,167,unknown,1
secondary,aug,-1,blue-collar,no,no,46,0,3,cellular,married,787,no,11,91,unknown,1
secondary,may,-1,entrepreneur,no,no,35,0,1,cellular,married,2104,no,14,1,unknown,1
secondary,may,-1,blue-collar,no,no,43,0,1,cellular,single,1066,yes,20,112,unknown,1
tertiary,may,-1,technician,no,no,45,0,4,cellular,married,0,yes,13,474,unknown,1
tertiary,aug,-1,blue-collar,yes,no,33,0,1,unknown,married,0,yes,26,108,unknown,2
secondary,jun,-1,services,no,no,45,0,2,unknown,single,831,yes,20,386,unknown,1
secondary,jun,-1,student,no,no,46,0,2,cellular,married,-252,yes,29,752,unknown,1
secondary,jul,-1,blue-collar,no,no,54,0,1,unknown,married,533,yes,4,673,unknown,1
tertiary,aug,-1,housemaid,no,no,29,0,1,unknown,married,849,yes,9,132,unknown,2
secondary,jul,-1,housemaid,no,no,54,0,2,cellular,married,894,no,7,845,success,1
secondary,nov,-1,management,no,no,43,0,2,unknown,married,0,no,18,1036,failure,1
secondary,feb,-1,management,no,no,35,19,2,cellular,married,-42,no,16,195,failure,1
tertiary,jul,-1,management,no,no,30,0,4,cellular,married,880,yes,28,555,failure,1
secondary,jan,-1,admin.,no,no,47,0,2,cellular,divorced,596,no,1,113,unknown,1
secondary,feb,-1,technician,no,no,32,0,3,unknown,married,959,yes,6,278,failure,1
secondary,may,-1,blue-collar,yes,no,27,0,1,unknown,married,182,yes,26,152,unknown,1
secondary,jun,-1,self-employed,no,no,41,0,1,unknown,single,644,yes,21,73,unknown,1
primary,apr,-1,blue-collar,no,no,34,0,1,cellular,married,1076,no,17,108,unknown,1
tertiary,jul,-1,blue-collar,no,no,55,2,1,unknown,married,0,no,27,615,unknown,1
secondary,may,-1,entrepreneur,yes,no,44,0,1,cellular,married,979,yes,6,178,unknown,1
primary,apr,-1,blue-collar,no,no,28,1,1,cellular,married,759,yes,30,2,unknown,1
secondary,jan,-1,blue-collar,no,no,36,2,1,cellular,single,716,yes,20,111,unknown,1
secondary,jul,-1,blue-collar,no,no,52,0,3,cellular,married,842,no,21,73,unknown,1
secondary,may,-1,management,no,no,53,0,1,cellular,married,1,yes,8,471,unknown,1
secondary,jul,-1,blue-collar,no,no,34,0,1,cellular,married,826,yes,11,956,unknown,1
secondary,aug,-1,admin.,no,no,40,0,2,cellular,single,619,yes,8,574,unknown,1
secondary,jul,-1,blue-collar,no,no,39,0,1,cellular,married,572,yes,29,132,unknown,1
tertiary,jul,-1,technician,no,no,39,0,1,unknown,married,2314,yes,9,122,unknown,1
primary,jul,-1,management,no,no,34,0,16,cellular,single,-312,no,9,13,unknown,1
secondary,aug,-1,blue-collar,no,no,39,0,7,cellular,divorced,874,yes,30,151,unknown,1
secondary,mar,-1,services,no,no,50,0,1,unknown,married,828,no,17,543,unknown,1
primary,may,-1,technician,no,no,59,0,5,cellular,married,1409,yes,18,322,unknown,2
secondary,jul,-1,blue-collar,no,no,59,0,1,cellular,married,0,yes,8,61,unknown,1
primary,may,-1,blue-collar,no,no,43,0,4,unknown,single,711,yes,19,110,unknown,1
secondary,apr,-1,entrepreneur,no,no,46,0,1,cellular,married,1375,no,23,7,unknown,1
secondary,apr,-1,technician,no,no,53,0,1,unknown,divorced,1744,no,9,210,unknown,1
secondary,may,-1,services,no,no,40,0,4,unknown,single,1714,no,17,514,unknown,1
secondary,may,-1,services,no,no,39,0,3,unknown,single,-348,yes,21,230,unknown,1
tertiary,feb,-1,retired,no,no,53,0,1,cellular,single,489,yes,16,443,unknown,1
secondary,aug,-1,blue-collar,no,no,30,0,1,unknown,married,3287,yes,19,107,unknown,1
secondary,nov,-1,management,no,no,30,0,1,cellular,married,-9,yes,15,43,unknown,1
secondary,jul,-1,technician,no,no,37,0,2,unknown,married,2345,no,30,872,unknown,1
tertiary,aug,-1,management,no,no,47,0,1,cellular,single,0,yes,7,183,unknown,1
secondary,may,-1,management,no,no,36,0,4,cellular,married,39098,yes,26,2,unknown,1
secondary,jul,90,technician,no,no,40,0,3,telephone,single,794,no,15,278,unknown,1
tertiary,jul,-1,management,no,no,34,0,2,unknown,single,1114,yes,9,464,unknown,1
secondary,jun,-1,admin.,no,no,36,2,1,cellular,single,2878,no,26,828,unknown,1
tertiary,aug,-1,unemployed,no,no,40,0,1,cellular,married,524,yes,3,66,unknown,1
tertiary,jul,-1,entrepreneur,no,no,56,0,3,cellular,single,972,yes,5,463,unknown,1
primary,jul,-1,housemaid,no,no,33,0,2,cellular,single,1,no,29,104,unknown,1
secondary,may,-1,management,no,no,41,0,1,unknown,married,126,no,27,111,success,1
tertiary,feb,-1,entrepreneur,yes,no,45,0,2,cellular,single,-287,no,21,2,unknown,1
secondary,nov,-1,management,no,no,33,0,2,cellular,married,-379,no,25,913,unknown,1
unknown,jul,-1,management,no,no,48,2,2,telephone,divorced,614,no,15,76,failure,1
secondary,jan,-1,retired,no,no,33,0,2,cellular,single,2763,no,30,816,unknown,1
secondary,nov,-1,management,no,no,28,0,1,cellular,married,0,yes,30,631,unknown,1
secondary,may,-1,entrepreneur,yes,no,36,0,2,cellular,married,1492,yes,20,104,unknown,1
primary,may,-1,management,no,no,44,0,1,cellular,married,432,yes,15,112,unknown,1
secondary,feb,-1,blue-collar,no,no,49,0,2,cellular,married,562,no,7,714,unknown,1
tertiary,may,-1,blue-collar,no,no,57,0,2,cellular,married,0,yes,14,615,unknown,1
tertiary,jul,-1,admin. admin.,no,no,50,0,1,cellular,divorced,0,yes,18,588,unknown,1
tertiary,nov,-1,admin.,no,no,31,0,1,cellular,married,889,no,25,544,unknown,1
tertiary,may,-1,blue-collar,no,no,40,0,2,cellular,single,842,no,14,682,unknown,1
tertiary,aug,-1,management,no,no,34,0,3,cellular,single,1923,no,27,124,unknown,2
tertiary,may,-1,technician,no,no,42,0,7,cellular,married,0,yes,21,527,unknown,1
secondary,jul,-1,technician,no,no,36,0,4,cellular,married,1813,yes,13,485,unknown,1
secondary,feb,-1,management,no,no,48,0,2,cellular,divorced,-1,no,19,857,unknown,2
tertiary,jul,-1,management,no,no,27,0,4,unknown,married,812,yes,14,138,unknown,1
tertiary,aug,-1,entrepreneur,no,no,48,0,1,cellular,married,0,yes,10,171,unknown,1
secondary,may,-1,services,no,no,32,0,31,cellular,married,-240,yes,8,782,unknown,1
unknown,jul,-1,management,no,no,56,0,3,cellular,single,592,yes,21,592,unknown,1
secondary,aug,-1,services,yes,no,32,0,1,cellular,married,3160,yes,17,103,unknown,1
secondary,jul,-1,services,no,no,52,0,1,cellular,married,778,yes,20,703,unknown,1
secondary,aug,-1,unemployed,yes,no,39,0,3,cellular,single,-9,yes,5,584,failure,2
secondary,aug,-1,management,no,no,49,0,2,cellular,married,5024,yes,25,567,unknown,1
secondary,may,-1,services,no,no,58,0,10,cellular,married,2245,yes,9,971,unknown,1
primary,may,-1,blue-collar,no,no,45,0,3,cellular,married,0,no,27,511,unknown,1
primary,jul,-1,technician,no,no,43,0,1,cellular,single,467,yes,14,136,unknown,1
tertiary,apr,-1,management,no,no,36,0,5,cellular,married,926,no,16,110,unknown,1
secondary,may,-1,services,no,no,37,0,2,cellular,divorced,2288,no,28,48,unknown,1
unknown,may,-1,management,no,no,33,0,1,cellular,married,0,yes,8,172,unknown,1
tertiary,may,-1,management,no,no,35,0,2,cellular,married,0,yes,30,119,unknown,1
tertiary,may,-1,technician,no,no,33,0,1,cellular,married,796,yes,24,473,unknown,1
secondary,may,-1,technician,no,no,40,0,4,cellular,married,-15,no,16,172,unknown,2
secondary,nov,-1,management,yes,no,40,0,1,cellular,married,2026,yes,28,126,unknown,2
secondary,apr,-1,services,no,no,58,0,1,cellular,married,1144,yes,8,200,unknown,1
secondary,jul,-1,blue-collar,no,no,46,0,1,telephone,married,3644,no,5,92,unknown,1
secondary,jul,-1,technician,no,no,33,0,2,cellular,married,0,yes,13,201,unknown,2
secondary,apr,-1,blue-collar,yes,no,57,0,2,unknown,married,-1,no,23,476,unknown,1
secondary,may,-1,technician,no,no,35,0,2,cellular,single,0,yes,13,127,unknown,1
tertiary,aug,-1,technician,no,no,59,0,1,cellular,single,605,yes,11,582,unknown,2
tertiary,may,-1,services,yes,no,36,0,2,cellular,single,552,no,16,208,unknown,1
primary,jan,-1,admin.,no,no,32,0,1,unknown,married,872,no,2,138,unknown,1
tertiary,feb,-1,unknown,yes,no,58,0,5,cellular,single,4,yes,22,916,failure,2
secondary,aug,-1,management,no,no,46,0,14,unknown,married,535,no,2,183,failure,1
tertiary,jul,-1,admin.,no,no,33,0,4,cellular,married,0,yes,18,467,unknown,1
secondary,may,-1,management,no,no,57,0,3,cellular,divorced,805,yes,24,107,failure,1
secondary,nov,-1,blue-collar,no,no,38,0,1,unknown,married,0,yes,29,105,unknown,1
secondary,may,-1,technician,no,no,41,0,2,unknown,married,-333,yes,4,9,unknown,1
primary,jul,-1,management,no,no,39,0,1,cellular,married,1130,no,13,222,unknown,2
tertiary,may,91,technician,no,no,53,0,1,cellular,married,-1,yes,17,821,unknown,2
primary,jun,-1,blue-collar,no,no,34,0,3,cellular,married,578,yes,27,632,unknown,2
tertiary,may,-1,blue-collar,no,no,31,2,2,telephone,single,50,no,29,171,unknown,1
secondary,apr,561,management,no,no,58,0,1,cellular,married,3730,yes,7,7,unknown,1
secondary,may,-1,blue-collar,no,no,32,0,1,unknown,married,1,no,26,82,failure,1
tertiary,jun,-1,entrepreneur,no,no,46,0,1,cellular,married,959,no,21,685,unknown,1
tertiary,may,-1,admin.,no,no,39,0,1,unknown,single,0,no,24,529,unknown,1
primary,jun,-1,services,yes,no,39,0,4,cellular,married,2976,yes,4,178,failure,2
tertiary,aug,-1,retired,no,no,53,0,2,unknown,divorced,-1639,yes,26,683,unknown,2
primary,nov,-1,blue-collar,no,no,30,0,1,cellular,married,-196,yes,20,183,unknown,1
tertiary,jun,-1,student,no,no,40,0,5,cellular,married,534,yes,15,616,unknown,1
primary,may,-1,management,no,no,30,0,5,cellular,divorced,-1,yes,14,185,unknown,1
secondary,may,-1,retired,yes,no,45,0,4,unknown,single,631,yes,21,94,unknown,1
tertiary,apr,-1,admin.,no,no,40,0,1,cellular,married,869,yes,26,0,unknown,1
secondary,may,-1,blue-collar,no,no,41,0,1,cellular,married,574,no,9,562,unknown,1
secondary,may,-1,blue-collar,no,no,39,0,1,cellular,married,765,yes,21,152,unknown,1
secondary,apr,-1,technician,yes,no,51,0,1,cellular,married,953,no,5,103,unknown,1
secondary,may,-1,admin.,no,no,48,0,2,unknown,single,534,no,4,136,unknown,1
tertiary,aug,-1,retired,no,no,46,0,1,cellular,married,0,yes,20,86,unknown,1
primary,may,-1,admin.,no,no,42,0,1,cellular,married,-287,yes,8,3,unknown,1
secondary,apr,-1,services,no,no,35,0,1,unknown,married,1392,yes,20,136,unknown,1
tertiary,feb,-1,blue-collar,no,no,36,0,1,cellular,married,2029,yes,9,168,unknown,1
tertiary,aug,-1,technician,no,no,48,0,2,cellular,married,738,yes,29,572,unknown,1
secondary,jul,-1,admin.com,no,no,46,0,1,cellular,married,715,yes,6,119,unknown,1
tertiary,apr,-1,blue-collar,no,no,32,0,1,unknown,single,666,yes,11,558,unknown,1
secondary,jul,-1,blue-collar,no,no,45,0,2,cellular,single,4053,no,29,184,failure,1
secondary,may,-1,technician,yes,no,34,0,1,cellular,married,-15,yes,13,187,unknown,1
secondary,jul,-1,management,no,no,34,0,2,cellular,single,-270,yes,17,316,success,1
secondary,may,-1,admin.,no,no,42,0,1,cellular,married,841,yes,27,82,unknown,2
secondary,jan,-1,technician,yes,no,56,0,2,cellular,single,473,yes,17,150,unknown,1
tertiary,jul,-1,blue-collar,no,no,50,0,1,cellular,divorced,758,yes,24,195,unknown,2
tertiary,jul,-1,admin.,no,no,29,0,1,cellular,married,-1,yes,14,179,unknown,1
tertiary,jun,-1,management,no,no,46,0,5,unknown,single,813,yes,29,487,unknown,1
secondary,jul,-1,blue-collar,no,no,66,0,2,unknown,married,-271,yes,21,503,unknown,1
primary,jul,-1,blue-collar,no,no,33,0,1,cellular,divorced,1794,yes,30,179,unknown,1
secondary,jul,364,retired,no,no,32,4,4,cellular,single,-11,no,18,15,unknown,1
secondary,jul,-1,blue-collar,no,no,26,0,1,cellular,married,479,yes,4,77,unknown,1
secondary,may,-1,technician,no,no,32,0,2,cellular,married,1320,yes,19,94,failure,1
secondary,may,-1,technician,no,no,32,0,10,cellular,single,221,yes,11,286,unknown,1
tertiary,aug,-1,technician,no,no,30,0,2,cellular,single,1438,no,14,163,unknown,1
secondary,aug,-1,management,no,no,33,0,3,cellular,single,-295,yes,20,183,failure,1
tertiary,jul,100,services,no,no,28,1,4,unknown,married,1315,yes,30,1368,unknown,1
tertiary,may,-1,management,no,no,32,0,2,cellular,married,959,yes,21,112,unknown,2
secondary,apr,-1,admin.,no,no,32,2,5,cellular,single,0,yes,8,217,failure,1
secondary,nov,-1,entrepreneur,no,no,49,0,2,cellular,married,0,no,11,151,unknown,1
secondary,jul,-1,admin.,no,no,33,0,1,cellular,divorced,633,yes,7,348,unknown,2
tertiary,jul,-1,management,no,no,43,6,1,cellular,married,1433,yes,18,105,failure,1
tertiary,may,-1,technician,no,no,43,0,1,cellular,married,636,no,11,94,unknown,1
secondary,jun,-1,retired,no,no,27,0,1,unknown,married,-1216,yes,23,716,unknown,1
secondary,aug,-1,blue-collar,no,no,38,0,2,cellular,married,486,yes,28,104,unknown,1
tertiary,may,-1,technician,no,no,32,0,1,cellular,married,5437,yes,22,103,unknown,1
secondary,may,365,technician,no,no,45,0,1,cellular,married,450,yes,21,150,unknown,2
secondary,nov,-1,services,no,no,31,0,1,cellular,single,23,yes,30,532,unknown,2
tertiary,nov,94,management,no,no,26,0,2,unknown,married,529,no,2,131,unknown,1
primary,sep,-1,management,no,no,36,0,5,unknown,divorced,6,no,10,78,unknown,1
secondary,nov,-1,technician,yes,no,29,0,2,unknown,divorced,687,yes,4,328,unknown,1
secondary,nov,-1,blue-collar,no,no,46,0,2,cellular,single,786,yes,18,828,unknown,2
secondary,feb,-1,unemployed,no,no,31,0,1,cellular,single,248,no,29,6,unknown,1
tertiary,jun,-1,admin.,no,no,31,0,8,cellular,divorced,559,yes,8,591,unknown,1
tertiary,jul,-1,blue-collar,no,no,42,0,1,cellular,single,672,yes,28,122,unknown,1
primary,jul,-1,management,no,no,37,1,1,cellular,married,397,yes,5,184,unknown,1
secondary,jun,-1,blue-collar,no,no,38,0,1,cellular,married,816,no,2,348,unknown,1
secondary,may,190,blue-collar,no,no,48,0,2,cellular,single,4,yes,19,-1,unknown,1
tertiary,jul,-1,entrepreneur,no,no,36,0,1,cellular,married,916,no,10,8,unknown,1
tertiary,jul,-1,blue-collar,no,no,30,0,2,cellular,married,515,no,15,479,failure,1
tertiary,may,-1,management,no,no,37,1,1,cellular,single,-15,no,30,412,failure,1
secondary,jul,-1,entrepreneur,no,no,45,0,2,cellular,single,0,yes,18,136,unknown,1
secondary,apr,-1,services,no,no,37,0,1,cellular,single,154,no,7,107,failure,1
tertiary,may,-1,retired,no,no,33,0,2,cellular,single,473,no,30,220,unknown,1
tertiary,jun,-1,blue-collar,no,no,35,0,2,cellular,single,6835,no,18,246,unknown,1
secondary,apr,-1,retired,no,no,40,0,3,unknown,single,1928,yes,6,112,unknown,1
secondary,jul,-1,management,no,no,31,0,1,cellular,divorced,685,no,4,295,unknown,1
secondary,nov,-1,management,no,no,46,0,2,cellular,married,-336,yes,12,611,unknown,1
tertiary,may,-1,technician,no,no,29,0,3,cellular,divorced,605,yes,17,108,failure,1
secondary,may,271,technician,no,no,30,0,2,cellular,married,511,yes,17,485,unknown,1
secondary,may,269,blue-collar,no,no,45,0,1,unknown,single,0,no,13,150,unknown,1
tertiary,jul,-1,admin.,no,no,37,0,2,cellular,married,7378,no,15,217,unknown,2
primary,aug,-1,management,no,no,31,0,2,cellular,married,0,no,12,108,failure,1
secondary,feb,-1,technician,no,no,54,0,2,cellular,married,662,yes,5,182,unknown,1
secondary,jun,-1,management,no,no,52,0,1,cellular,married,351,yes,29,658,unknown,1
tertiary,jun,-1,technician,no,no,33,0,3,unknown,divorced,485,yes,28,225,unknown,1
primary,may,-1,management,no,no,33,0,1,telephone,single,591,yes,27,268,unknown,1
tertiary,may,-1,management,no,no,31,0,3,cellular,divorced,2972,yes,29,582,unknown,1
primary,jul,-1,entrepreneur,no,no,52,0,2,unknown,divorced,-1,yes,29,99,unknown,1
tertiary,may,-1,management,no,no,59,0,2,cellular,married,-170,no,27,103,unknown,1
tertiary,jun,-1,technician,no,no,44,0,1,cellular,married,11,no,13,196,unknown,1
tertiary,may,-1,blue-collar,no,no,29,0,1,cellular,single,1032,yes,11,10,failure,1
secondary,may,-1,management,yes,no,40,0,1,unknown,married,0,no,8,287,unknown,1
tertiary,aug,-1,management,no,no,28,0,2,cellular,married,315,yes,9,569,unknown,2
primary,jun,-1,admin.,no,no,50,0,2,unknown,divorced,-312,no,7,7,unknown,1
secondary,nov,-1,blue-collar,no,no,53,0,1,cellular,married,2115,yes,16,107,unknown,1
secondary,feb,-1,management,no,no,40,0,1,cellular,married,918,yes,18,172,failure,1
secondary,jul,-1,technician,no,no,53,0,4,cellular,married,0,yes,25,874,unknown,1
primary,jun,-1,blue-collar,no,no,34,0,14,unknown,divorced,611,yes,4,249,failure,1
secondary,apr,79,entrepreneur,no,no,45,1,2,cellular,single,619,no,27,164,unknown,1
secondary,apr,-1,management,no,no,27,0,1,cellular,married,2160,no,6,114,unknown,2
primary,jun,-1,student,no,no,30,0,1,unknown,married,0,no,4,112,unknown,1
secondary,apr,-1,management,no,no,47,0,5,cellular,married,-91,no,11,150,unknown,1
tertiary,jun,-1,blue-collar,no,no,35,0,2,cellular,married,0,no,7,127,unknown,1
tertiary,nov,-1,technician,no,no,39,0,1,cellular,single,616,no,17,100,failure,2
secondary,may,-1,technician,no,no,37,0,1,cellular,married,-11,no,5,58,unknown,1
secondary,jul,-1,blue-collar,no,no,45,0,1,cellular,single,-240,no,15,39,unknown,1
secondary,jul,-1,blue-collar,no,no,32,0,1,cellular,single,1235,yes,5,156,unknown,1
secondary,jul,-1,blue-collar,no,no,50,0,3,cellular,single,0,no,21,217,unknown,2
secondary,apr,-1,services,no,no,53,0,1,unknown,married,716,yes,29,374,unknown,1
primary,may,-1,unemployed,no,no,43,1,2,cellular,married,2441,no,21,168,unknown,1
secondary,may,-1,management,yes,no,57,0,6,cellular,married,471,yes,31,-1,unknown,2
tertiary,jul,-1,technician,no,no,45,0,1,unknown,single,-1,yes,19,264,unknown,1
secondary,may,-1,blue-collar,no,no,36,0,1,unknown,married,2962,yes,29,123,unknown,1
primary,may,-1,management,no,no,40,0,1,cellular,married,8,no,2,471,unknown,2
secondary,may,-1,blue-collar,no,no,59,0,2,telephone,single,464,no,20,103,failure,1
primary,jun,-1,management,no,no,48,0,3,cellular,single,-252,yes,29,6,unknown,2
primary,jul,-1,blue-collar,no,no,33,0,2,unknown,single,-192,no,10,557,unknown,1
secondary,may,-1,technician,no,no,51,0,2,cellular,married,638,no,9,126,unknown,1
secondary,jul,-1,technician,no,no,37,0,1,unknown,married,0,yes,9,94,failure,1
tertiary,nov,-1,services,no,no,29,0,1,cellular,single,0,no,16,496,unknown,1
tertiary,nov,-1,blue-collar,no,no,32,2,5,cellular,single,5,no,25,247,failure,1
secondary,aug,-1,management,no,no,49,0,3,cellular,single,1193,yes,8,151,unknown,1
secondary,aug,-1,admin.com,no,no,28,0,1,unknown,married,1836,no,17,759,unknown,1
tertiary,aug,-1,management,no,no,50,0,2,cellular,divorced,1545,yes,11,386,unknown,2
tertiary,may,-1,management,no,no,27,0,4,unknown,married,67,no,30,179,failure,1
secondary,jul,-1,blue-collar,no,no,42,0,3,cellular,married,7222,yes,13,7,unknown,1
tertiary,jul,-1,blue-collar,no,no,36,0,1,cellular,married,1,no,25,128,unknown,1
secondary,jul,-1,management,no,no,34,0,2,cellular,single,29,yes,23,869,other,2
secondary,jul,-1,management,no,no,37,0,1,cellular,married,228,yes,21,913,unknown,1
secondary,may,-1,blue-collar,no,no,57,0,2,cellular,married,913,no,18,542,unknown,2
secondary,may,180,management,no,no,48,0,4,unknown,married,145,yes,5,136,unknown,1
secondary,jul,-1,housemaid,no,no,42,0,1,cellular,married,914,no,3,169,unknown,2
tertiary,may,-1,services,no,no,37,0,2,cellular,married,0,yes,5,136,unknown,1
primary,jul,-1,management,yes,no,52,0,1,cellular,divorced,1616,no,8,243,unknown,1
secondary,feb,-1,technician,yes,no,33,0,2,cellular,married,-1544,no,9,214,unknown,1
secondary,aug,-1,technician,no,no,55,0,1,cellular,single,1077,yes,13,859,unknown,1
secondary,may,-1,management,no,no,27,0,2,unknown,married,1340,no,4,104,unknown,1
secondary,may,258,management,no,no,58,0,1,unknown,divorced,154,yes,5,182,unknown,1
primary,may,-1,services,no,no,27,0,1,cellular,married,675,yes,14,1081,other,1
primary,may,-1,admin.,no,no,38,0,5,unknown,married,249,no,13,183,unknown,2
secondary,may,-1,blue-collar,no,no,59,0,3,cellular,single,0,no,15,185,unknown,1
unknown,may,-1,student,no,no,54,0,2,unknown,married,2159,yes,9,108,unknown,1
secondary,aug,-1,admin.,no,no,56,0,3,unknown,married,18,yes,26,749,unknown,1
secondary,aug,-1,blue-collar,yes,no,26,0,2,telephone,single,38,no,14,514,failure,1
secondary,feb,-1,admin.,no,no,33,0,1,cellular,single,2,yes,23,78,failure,1
secondary,may,-1,blue-collar,no,no,36,0,14,cellular,single,859,yes,20,151,unknown,1
primary,may,-1,admin.,no,no,35,0,1,cellular,single,381,no,18,615,failure,1
secondary,jul,-1,admin.,no,no,37,0,2,cellular,single,-1,no,11,670,failure,1
secondary,jun,-1,blue-collar,no,no,49,0,1,cellular,divorced,265,yes,20,93,unknown,1
secondary,may,-1,admin.,no,no,32,4,1,cellular,single,78,yes,14,133,unknown,1
secondary,apr,-1,technician,no,no,46,1,2,cellular,married,732,yes,12,762,failure,2
secondary,feb,-1,services,no,no,41,0,2,cellular,married,723,yes,12,244,success,1
tertiary,jul,-1,blue-collar,no,no,56,0,2,cellular,married,0,no,30,113,unknown,1
primary,may,-1,blue-collar,no,no,38,0,2,unknown,married,811,yes,13,58,unknown,1
primary,may,-1,management,no,no,39,0,3,cellular,single,-253,yes,29,127,failure,1
secondary,aug,-1,technician,no,no,31,0,1,cellular,married,0,no,6,206,unknown,1
tertiary,may,-1,admin.,no,no,65,0,4,cellular,married,203,yes,19,32,unknown,2
tertiary,jun,-1,management,no,no,37,0,1,cellular,married,893,no,4,9,unknown,1
tertiary,jul,360,technician,no,no,48,0,5,cellular,married,152,yes,16,634,failure,1
primary,aug,-1,services,no,no,27,0,12,cellular,single,626,yes,23,151,unknown,1
secondary,apr,-1,management,yes,no,37,0,5,cellular,married,618,no,23,298,failure,2
primary,jul,-1,technician,yes,no,44,0,1,cellular,married,658,no,9,410,unknown,1
secondary,jul,-1,blue-collar,no,no,26,0,1,cellular,married,488,yes,2,179,unknown,1
secondary,jul,-1,blue-collar,no,no,45,0,2,cellular,single,-352,yes,3,124,unknown,1
secondary,jan,-1,management,no,no,51,0,1,cellular,married,266,yes,16,56,unknown,1
tertiary,jul,-1,entrepreneur,no,no,47,0,1,cellular,single,-234,yes,27,167,unknown,2
tertiary,may,-1,management,yes,no,28,0,2,cellular,married,2775,yes,28,61,unknown,1
secondary,jul,-1,services,no,no,30,0,2,cellular,married,988,yes,13,306,unknown,1
primary,may,-1,management,no,no,32,0,2,cellular,married,950,no,21,344,unknown,1
secondary,may,-1,blue-collar,yes,no,59,2,5,unknown,single,1,no,13,462,unknown,2
secondary,aug,-1,admin.,no,no,32,0,4,telephone,married,766,yes,29,256,unknown,1
secondary,nov,-1,blue-collar,no,no,55,0,3,cellular,married,618,no,20,11,unknown,2
secondary,may,-1,management,no,no,33,0,1,cellular,single,849,yes,2,195,unknown,1
tertiary,jul,-1,management,no,no,53,0,2,cellular,married,0,no,6,67,failure,1
primary,jul,183,services,no,no,47,0,1,unknown,married,1165,yes,23,551,unknown,1
secondary,may,-1,admin.,no,no,41,0,1,cellular,married,4301,yes,23,-1,unknown,1
tertiary,jul,-1,blue-collar,no,no,37,1,2,telephone,divorced,665,yes,7,112,unknown,1
primary,jul,-1,management,no,no,33,0,2,cellular,single,-95,yes,11,285,unknown,2
secondary,jul,-1,blue-collar,no,no,39,0,2,cellular,married,472,no,28,246,unknown,1
secondary,aug,-1,student,no,no,55,0,1,cellular,married,-27,no,6,66,unknown,2
secondary,apr,-1,technician,no,no,29,0,1,unknown,married,0,yes,18,255,unknown,1
secondary,may,183,management,no,no,37,0,1,cellular,single,0,yes,30,184,unknown,1
tertiary,feb,-1,management,no,no,33,0,2,unknown,married,1384,no,25,70,unknown,1
primary,may,-1,self-employed,no,no,51,0,1,cellular,married,184,yes,9,151,unknown,1
secondary,jun,-1,blue-collar,no,no,33,0,5,unknown,married,2887,yes,27,597,unknown,1
tertiary,may,-1,admin.,yes,no,51,0,2,cellular,divorced,43,no,25,587,failure,1
tertiary,apr,-1,technician,no,no,58,0,1,cellular,single,936,yes,20,163,unknown,1
secondary,nov,-1,management,no,no,33,0,2,cellular,married,2968,no,20,974,unknown,1
tertiary,may,-1,technician,no,no,35,2,2,cellular,single,1311,no,8,467,failure,1
tertiary,nov,-1,admin.,no,no,53,1,4,cellular,married,0,no,5,196,unknown,1
secondary,jul,-1,management,no,no,33,0,2,cellular,single,955,yes,9,135,unknown,1
secondary,jun,-1,blue-collar,no,no,28,0,5,cellular,single,1818,yes,14,633,failure,1
tertiary,jul,-1,management,no,no,52,1,1,unknown,married,-196,no,13,136,unknown,1
tertiary,jun,-1,entrepreneur,no,no,41,0,2,cellular,married,230,yes,20,586,failure,1
tertiary,may,-1,admin.,no,no,43,0,4,cellular,married,3492,no,5,184,unknown,1
tertiary,jul,-1,services,no,no,57,0,1,cellular,single,324,yes,21,111,unknown,1
secondary,may,-1,blue-collar,no,no,47,0,1,telephone,married,2936,yes,13,103,failure,1
